Date,Region,Orders,Customers,Revenue,Cost,Profit,Units_Sold,Return_Rate
2025-01-01,North,17,12.0,55777.61,37097.29,18680.32,28,3.99
2025-01-01,South,15,12.0,39245.03,22582.23,16662.8,36,7.83
2025-01-01,East,18,14.0,43119.07,27374.48,15744.59,40,3.06
2025-01-01,West,21,16.0,70467.98,49110.28,21357.7,47,6.74
2025-01-01,Central,13,10.0,49490.95,32097.39,17393.56,23,5.03
2025-01-02,North,12,8.0,29538.82,18662.65,10876.17,26,2.45
2025-01-02,South,11,9.0,25112.36,17287.46,7824.9,25,7.56
2025-01-02,East,14,10.0,48041.2,29280.05,18761.15,20,4.39
2025-01-02,West,14,10.0,40032.79,24896.3,15136.49,22,1.74
2025-01-02,Central,12,9.0,45788.59,26590.7,19197.89,30,2.7
2025-01-03,North,9,7.0,22903.41,15766.06,7137.35,18,3.83
2025-01-03,South,18,15.0,44634.74,25226.03,19408.71,40,5.87
2025-01-03,East,17,14.0,50482.83,34752.36,15730.47,33,2.35
2025-01-03,West,12,9.0,26703.11,17427.1,9276.01,19,2.63
2025-01-03,Central,14,12.0,39302.31,23074.37,16227.94,36,3.99
2025-01-04,North,14,11.0,45916.45,27150.29,18766.16,31,2.17
2025-01-04,South,19,13.0,49350.35,30055.74,19294.61,45,6.95
2025-01-04,East,20,16.0,82588.54,58992.39,23596.15,48,4.57
2025-01-04,West,12,9.0,27157.91,15130.75,12027.16,20,1.88
2025-01-04,Central,9,7.0,36696.24,22728.05,13968.19,23,6.46
2025-01-05,North,17,14.0,70641.0,42452.91,28188.09,31,2.59
2025-01-05,South,17,11.0,69315.64,40593.05,28722.59,31,5.58
2025-01-05,East,16,12.0,36056.21,24747.1,11309.11,40,3.94
2025-01-05,West,15,9.0,48491.86,27955.77,20536.09,21,4.96
2025-01-05,Central,16,10.0,58013.32,32291.9,25721.42,36,6.97
2025-01-06,North,16,12.0,66030.08,46915.51,19114.57,27,1.6
2025-01-06,South,16,14.0,39904.88,23407.96,16496.92,22,7.01
2025-01-06,East,20,16.0,46453.67,32229.32,14224.35,33,5.91
2025-01-06,West,9,7.0,36053.92,23027.13,13026.79,16,7.5
2025-01-06,Central,17,12.0,68430.19,48227.73,20202.46,39,3.07
2025-01-07,North,14,10.0,35280.17,25104.47,10175.7,33,2.95
2025-01-07,South,8,7.0,23181.34,14561.75,8619.59,13,4.81
2025-01-07,East,16,11.0,58125.83,36432.94,21692.89,29,4.72
2025-01-07,West,17,11.0,70368.04,48162.79,22205.25,24,3.03
2025-01-07,Central,8,6.0,23051.49,16490.97,6560.52,12,8.3
2025-01-08,North,14,10.0,33064.49,21981.26,11083.23,29,7.45
2025-01-08,South,16,10.0,58966.03,39191.65,19774.38,30,4.53
2025-01-08,East,15,11.0,51613.12,31830.71,19782.41,27,7.81
2025-01-08,West,13,11.0,44557.11,27426.64,17130.47,32,6.82
2025-01-08,Central,22,18.0,88604.56,61930.86,26673.7,52,6.61
2025-01-09,North,14,10.0,42495.23,28171.35,14323.88,31,5.04
2025-01-09,South,12,8.0,32532.62,21433.6,11099.02,16,3.81
2025-01-09,East,13,10.0,36044.19,24143.76,11900.43,33,2.33
2025-01-09,West,12,8.0,41119.29,22730.17,18389.12,24,4.01
2025-01-09,Central,15,10.0,58168.2,35877.49,22290.71,30,1.99
2025-01-10,North,11,7.0,39146.15,26961.77,12184.38,22,8.39
2025-01-10,South,11,7.0,27766.26,19671.17,8095.09,18,8.34
2025-01-10,East,16,12.0,60523.7,42528.46,17995.24,24,3.31
2025-01-10,West,22,14.0,62123.9,35705.18,26418.72,43,4.28
2025-01-10,Central,5,3.0,11376.58,6304.68,5071.9,11,1.6
2025-01-11,North,12,10.0,44248.89,29436.2,14812.69,19,1.5
2025-01-11,South,5,4.0,20752.38,13424.88,7327.5,12,7.41
2025-01-11,East,13,10.0,39877.52,22705.25,17172.27,32,6.99
2025-01-11,West,13,9.0,40668.74,27100.74,13568.0,20,3.69
2025-01-11,Central,11,8.0,25763.82,17471.72,8292.1,22,5.03
2025-01-12,North,15,9.0,39223.84,23179.47,16044.37,20,6.54
2025-01-12,South,11,8.0,36021.98,21772.08,14249.9,26,3.21
2025-01-12,East,18,14.0,46330.11,26053.83,20276.28,33,6.89
2025-01-12,West,9,7.0,20033.77,11814.94,8218.83,12,4.14
2025-01-12,Central,15,10.0,54169.68,31157.9,23011.78,26,3.19
2025-01-13,North,12,7.0,35932.27,22930.61,13001.66,20,3.35
2025-01-13,South,11,9.0,29728.56,17113.66,12614.9,19,2.79
2025-01-13,East,17,14.0,69540.19,48624.26,20915.93,25,4.88
2025-01-13,West,9,7.0,36302.1,19989.75,16312.35,18,2.56
2025-01-13,Central,19,13.0,58830.3,37354.42,21475.88,27,6.13
2025-01-14,North,18,16.0,54354.56,36783.54,17571.02,46,4.82
2025-01-14,South,18,15.0,70774.53,46743.3,24031.23,46,3.81
2025-01-14,East,11,7.0,39244.45,23068.07,16176.38,22,1.72
2025-01-14,West,13,8.0,29308.77,19228.61,10080.16,31,4.23
2025-01-14,Central,18,13.0,71202.06,45417.39,25784.67,24,5.24
2025-01-15,North,15,11.0,36930.65,23701.89,13228.76,31,6.12
2025-01-15,South,13,11.0,38872.54,26438.51,12434.03,21,3.32
2025-01-15,East,16,11.0,35547.7,22134.28,13413.42,36,2.5
2025-01-15,West,18,13.0,69945.46,50244.72,19700.74,39,6.47
2025-01-15,Central,19,12.0,45890.61,32880.24,13010.37,48,3.29
2025-01-16,North,16,10.0,45628.57,27363.87,18264.7,32,4.51
2025-01-16,South,11,8.0,44900.73,31171.34,13729.39,28,4.73
2025-01-16,East,13,9.0,51340.03,30573.93,20766.1,33,6.64
2025-01-16,West,17,11.0,63025.08,37330.81,25694.27,43,1.7
2025-01-16,Central,9,6.0,33017.43,21782.91,11234.52,15,5.66
2025-01-17,North,12,10.0,42808.05,28241.35,14566.7,16,3.32
2025-01-17,South,15,12.0,58471.67,35957.6,22514.07,23,2.08
2025-01-17,East,15,10.0,55300.04,30509.91,24790.13,21,2.35
2025-01-17,West,14,12.0,52800.3,36571.42,16228.88,21,5.02
2025-01-17,Central,6,4.0,20580.93,12797.36,7783.57,14,1.92
2025-01-18,North,22,14.0,91593.42,60304.87,31288.55,39,3.31
2025-01-18,South,18,16.0,69343.65,41821.02,27522.63,29,6.29
2025-01-18,East,18,14.0,42327.21,27246.54,15080.67,42,3.41
2025-01-18,West,18,15.0,42739.79,30756.21,11983.58,38,7.81
2025-01-18,Central,16,10.0,60092.94,38005.07,22087.87,39,6.84
2025-01-19,North,12,10.0,49792.22,33041.07,16751.15,29,5.26
2025-01-19,South,12,9.0,38445.3,24833.34,13611.96,15,1.82
2025-01-19,East,16,12.0,49825.23,29016.69,20808.54,36,2.26
2025-01-19,West,15,13.0,45474.99,29659.45,15815.54,23,2.45
2025-01-19,Central,20,14.0,83058.11,55680.4,27377.71,32,6.17
2025-01-20,North,17,12.0,55314.23,34340.68,20973.55,36,6.73
2025-01-20,South,19,13.0,74393.9,44745.41,29648.49,44,8.29
2025-01-20,East,22,18.0,61092.97,41493.27,19599.7,43,1.61
2025-01-20,West,15,10.0,41441.86,27420.68,14021.18,33,5.85
2025-01-20,Central,14,12.0,56410.66,36330.67,20079.99,25,5.66
2025-01-21,North,23,17.0,62687.91,44247.51,18440.4,38,8.48
2025-01-21,South,9,6.0,33985.34,23237.33,10748.01,12,7.39
2025-01-21,East,18,12.0,51858.99,33041.47,18817.52,42,7.95
2025-01-21,West,18,15.0,74489.53,45080.36,29409.17,25,4.85
2025-01-21,Central,15,11.0,55120.62,34769.01,20351.61,30,2.44
2025-01-22,North,11,8.0,45142.52,30762.02,14380.5,23,6.05
2025-01-22,South,12,10.0,39718.53,23621.29,16097.24,19,5.51
2025-01-22,East,14,9.0,57420.89,35599.06,21821.83,30,2.4
2025-01-22,West,9,6.0,21650.62,12381.82,9268.8,16,7.9
2025-01-22,Central,12,8.0,43380.5,29958.29,13422.21,25,5.87
2025-01-23,North,12,8.0,42780.41,25478.8,17301.61,24,2.63
2025-01-23,South,11,8.0,43526.63,29653.98,13872.65,18,8.41
2025-01-23,East,16,11.0,36963.98,20989.82,15974.16,38,7.87
2025-01-23,West,11,8.0,43431.03,30376.23,13054.8,18,8.19
2025-01-23,Central,12,8.0,31336.39,20071.93,11264.46,24,8.11
2025-01-24,North,15,13.0,60755.38,38602.28,22153.1,27,3.85
2025-01-24,South,18,14.0,55430.1,38765.6,16664.5,23,6.35
2025-01-24,East,7,6.0,18089.11,10693.15,7395.96,10,6.8
2025-01-24,West,16,12.0,65130.81,38052.08,27078.73,37,6.84
2025-01-24,Central,12,9.0,49490.32,31207.77,18282.55,21,3.98
2025-01-25,North,14,9.0,50103.24,28967.08,21136.16,26,2.03
2025-01-25,South,15,9.0,37117.93,21967.11,15150.82,31,3.55
2025-01-25,East,17,12.0,50101.98,27741.11,22360.87,29,3.83
2025-01-25,West,23,20.0,63022.74,43580.72,19442.02,43,5.28
2025-01-25,Central,16,13.0,44882.42,28071.31,16811.11,22,5.05
2025-01-26,North,14,10.0,40889.85,26078.78,14811.07,24,2.87
2025-01-26,South,13,11.0,34987.96,24128.24,10859.72,28,1.71
2025-01-26,East,15,10.0,43973.5,26299.66,17673.84,27,1.99
2025-01-26,West,11,9.0,34594.65,20481.69,14112.96,18,2.41
2025-01-26,Central,11,9.0,35696.3,20035.42,15660.88,26,3.73
2025-01-27,North,18,14.0,70035.98,41817.38,28218.6,25,1.57
2025-01-27,South,20,17.0,61816.43,36434.76,25381.67,35,2.75
2025-01-27,East,16,14.0,43542.08,28928.28,14613.8,36,2.37
2025-01-27,West,12,9.0,33003.54,22304.18,10699.36,29,4.01
2025-01-27,Central,22,17.0,80354.37,46861.31,33493.06,37,1.59
2025-01-28,North,14,11.0,57640.39,39625.47,18014.92,26,3.31
2025-01-28,South,13,9.0,42949.11,29545.42,13403.69,16,2.38
2025-01-28,East,14,9.0,42091.5,23945.72,18145.78,31,8.5
2025-01-28,West,11,8.0,30721.2,20996.98,9724.22,22,5.33
2025-01-28,Central,22,16.0,55348.29,34036.94,21311.35,31,7.75
2025-01-29,North,23,10.0,89838.38,60663.21,29175.17,49,8.17
2025-01-29,South,18,13.0,47587.37,32896.76,14690.61,38,6.24
2025-01-29,East,15,10.0,53923.69,31924.51,21999.18,21,5.84
2025-01-29,West,9,7.0,35811.4,22454.51,13356.89,17,2.75
2025-01-29,Central,18,15.0,74390.78,44229.93,30160.85,34,7.39
2025-01-30,North,11,7.0,26690.08,18334.42,8355.66,20,6.09
2025-01-30,South,15,12.0,53645.12,30694.07,22951.05,27,5.68
2025-01-30,East,11,9.0,42177.54,29839.11,12338.43,24,2.05
2025-01-30,West,14,12.0,50333.21,29064.06,21269.15,21,1.87
2025-01-30,Central,19,16.0,42712.48,27471.52,15240.96,31,4.36
2025-01-31,North,12,9.0,34146.94,22213.67,11933.27,30,5.03
2025-01-31,South,17,13.0,47706.93,28785.11,18921.82,26,2.43
2025-01-31,East,13,11.0,34599.8,22176.88,12422.92,20,7.04
2025-01-31,West,15,11.0,52516.68,33126.47,19390.21,26,8.34
2025-01-31,Central,20,15.0,77458.1,44565.15,32892.95,37,3.77
2025-02-01,North,21,15.0,84297.61,55466.72,28830.89,47,2.26
2025-02-01,South,20,13.0,76728.5,51382.77,25345.73,29,4.67
2025-02-01,East,11,7.0,29930.36,17108.82,12821.54,26,6.51
2025-02-01,West,21,16.0,56297.33,31215.4,25081.93,28,1.53
2025-02-01,Central,16,13.0,53112.92,34390.56,18722.36,28,6.44
2025-02-02,North,13,9.0,36659.74,20210.02,16449.72,29,6.99
2025-02-02,South,11,8.0,28279.46,20282.91,7996.55,20,2.03
2025-02-02,East,18,14.0,42746.32,26947.29,15799.03,34,8.28
2025-02-02,West,20,14.0,81620.31,56149.54,25470.77,46,5.04
2025-02-02,Central,15,10.0,57110.36,40328.92,16781.44,32,5.9
2025-02-03,North,20,13.0,51606.42,30165.22,21441.2,28,3.61
2025-02-03,South,13,10.0,48295.17,29036.38,19258.79,30,4.02
2025-02-03,East,15,11.0,45694.93,29643.54,16051.39,28,4.97
2025-02-03,West,15,12.0,54125.81,38100.73,16025.08,25,4.65
2025-02-03,Central,17,12.0,70634.89,44768.87,25866.02,30,7.96
2025-02-04,North,16,12.0,58370.74,41683.9,16686.84,40,7.7
2025-02-04,South,15,12.0,49660.07,33866.4,15793.67,34,4.5
2025-02-04,East,16,12.0,62503.94,42648.72,19855.22,32,6.3
2025-02-04,West,17,15.0,47351.52,33186.26,14165.26,30,7.89
2025-02-04,Central,15,10.0,54986.41,30671.45,24314.96,37,5.12
2025-02-05,North,12,8.0,40276.26,26526.57,13749.69,21,5.35
2025-02-05,South,14,9.0,58610.11,35613.3,22996.81,29,7.83
2025-02-05,East,7,4.0,24866.11,17098.96,7767.15,12,3.17
2025-02-05,West,25,19.0,78781.93,54879.48,23902.45,62,3.17
2025-02-05,Central,15,11.0,56207.22,35948.48,20258.74,23,8.47
2025-02-06,North,18,12.0,39950.34,26500.42,13449.92,45,3.24
2025-02-06,South,13,10.0,41667.98,27558.17,14109.81,29,7.86
2025-02-06,East,15,10.0,59222.32,35414.73,23807.59,19,6.67
2025-02-06,West,17,13.0,41817.13,23301.77,18515.36,26,7.05
2025-02-06,Central,23,19.0,89773.39,64496.32,25277.07,46,7.17
2025-02-07,North,16,13.0,36240.16,23893.38,12346.78,35,4.33
2025-02-07,South,16,11.0,59655.68,37791.89,21863.79,29,7.86
2025-02-07,East,11,8.0,28496.24,20424.72,8071.52,24,6.61
2025-02-07,West,18,12.0,41006.69,24459.13,16547.56,39,6.28
2025-02-07,Central,12,8.0,33878.89,20608.49,13270.4,27,1.58
2025-02-08,North,21,17.0,70837.13,41818.44,29018.69,51,5.01
2025-02-08,South,12,9.0,36390.02,21907.0,14483.02,20,7.25
2025-02-08,East,15,10.0,61438.57,38450.05,22988.52,30,4.98
2025-02-08,West,12,8.0,33390.88,22173.36,11217.52,16,8.34
2025-02-08,Central,13,8.0,37927.47,21881.58,16045.89,22,3.87
2025-02-09,North,19,16.0,69796.59,47117.66,22678.93,47,4.99
2025-02-09,South,9,7.0,23164.37,16005.79,7158.58,13,2.43
2025-02-09,East,21,17.0,53419.7,37524.51,15895.19,40,4.76
2025-02-09,West,17,13.0,71396.95,48790.84,22606.11,37,8.47
2025-02-09,Central,19,13.0,67836.33,43114.59,24721.74,30,6.94
2025-02-10,North,11,8.0,33922.52,19345.23,14577.29,28,6.74
2025-02-10,South,16,13.0,66815.67,46743.6,20072.07,25,2.37
2025-02-10,East,11,7.0,25997.37,18224.98,7772.39,17,7.72
2025-02-10,West,25,22.0,69709.2,47821.73,21887.47,53,4.6
2025-02-10,Central,17,14.0,41230.3,25727.74,15502.56,37,2.58
2025-02-11,North,18,13.0,49127.36,29893.04,19234.32,46,2.79
2025-02-11,South,19,16.0,75259.82,53955.0,21304.82,45,4.4
2025-02-11,East,12,9.0,42075.31,25586.68,16488.63,16,6.9
2025-02-11,West,9,7.0,30427.81,19482.92,10944.89,19,7.02
2025-02-11,Central,13,11.0,47926.58,27610.91,20315.67,32,3.48
2025-02-12,North,18,14.0,50363.9,31391.54,18972.36,46,3.6
2025-02-12,South,18,15.0,48650.19,31983.28,16666.91,40,8.1
2025-02-12,East,9,5.0,25035.19,17246.31,7788.88,13,6.9
2025-02-12,West,13,10.0,54561.15,34273.91,20287.24,33,5.03
2025-02-12,Central,11,8.0,35548.89,24310.21,11238.68,17,7.2
2025-02-13,North,11,8.0,32115.41,20925.93,11189.48,28,3.44
2025-02-13,South,14,11.0,38543.21,25941.43,12601.78,31,6.23
2025-02-13,East,7,5.0,26783.13,14730.94,12052.19,15,2.84
2025-02-13,West,14,11.0,32667.12,18715.89,13951.23,32,5.63
2025-02-13,Central,14,12.0,53520.24,31635.64,21884.6,32,2.07
2025-02-14,North,21,17.0,53422.28,35560.07,17862.21,43,3.36
2025-02-14,South,21,15.0,58678.84,34819.3,23859.54,39,3.12
2025-02-14,East,15,11.0,41128.56,23457.39,17671.17,27,4.33
2025-02-14,West,18,13.0,64548.19,35865.16,28683.03,25,4.73
2025-02-14,Central,16,11.0,52807.01,32450.72,20356.29,40,2.89
2025-02-15,North,6,4.0,25170.06,17720.74,7449.32,7,6.87
2025-02-15,South,13,9.0,40471.72,25177.72,15294.0,27,6.58
2025-02-15,East,16,11.0,35917.31,25138.4,10778.91,29,2.22
2025-02-15,West,12,8.0,32053.12,21220.58,10832.54,27,5.71
2025-02-15,Central,12,9.0,48770.09,27818.83,20951.26,25,6.19
2025-02-16,North,4,2.0,11158.49,6289.37,4869.12,9,3.98
2025-02-16,South,14,12.0,42604.89,29208.94,13395.95,25,4.28
2025-02-16,East,13,9.0,39776.27,22420.84,17355.43,32,2.02
2025-02-16,West,12,9.0,32041.67,22822.79,9218.88,29,7.5
2025-02-16,Central,17,14.0,54709.4,36503.24,18206.16,35,4.64
2025-02-17,North,17,13.0,56152.15,35840.85,20311.3,33,6.75
2025-02-17,South,18,12.0,52227.1,28871.28,23355.82,29,6.86
2025-02-17,East,19,16.0,74850.7,45948.5,28902.2,36,6.49
2025-02-17,West,13,11.0,35205.34,23534.95,11670.39,27,6.88
2025-02-17,Central,20,13.0,63755.65,35633.25,28122.4,27,6.62
2025-02-18,North,19,15.0,76820.65,53215.16,23605.49,48,7.68
2025-02-18,South,15,13.0,39002.69,25988.0,13014.69,28,5.51
2025-02-18,East,13,10.0,31594.05,20503.97,11090.08,16,8.08
2025-02-18,West,10,8.0,35786.2,23086.17,12700.03,20,6.58
2025-02-18,Central,11,9.0,29414.51,18260.78,11153.73,26,4.31
2025-02-19,North,16,11.0,50424.86,35799.37,14625.49,37,1.8
2025-02-19,South,13,11.0,48776.02,31737.17,17038.85,30,5.82
2025-02-19,East,13,9.0,44592.52,29503.03,15089.49,23,2.74
2025-02-19,West,12,9.0,46283.49,30499.41,15784.08,25,1.68
2025-02-19,Central,12,8.0,36321.97,25491.35,10830.62,16,6.94
2025-02-20,North,20,16.0,59062.66,36807.31,22255.35,47,2.83
2025-02-20,South,21,18.0,77208.2,43605.27,33602.93,41,4.03
2025-02-20,East,14,10.0,35363.23,19658.14,15705.09,27,6.17
2025-02-20,West,18,14.0,43778.24,27289.75,16488.49,40,3.77
2025-02-20,Central,22,16.0,85876.16,56962.74,28913.42,55,7.81
2025-02-21,North,22,17.0,57214.79,36706.32,20508.47,50,4.97
2025-02-21,South,15,10.0,54290.51,33205.82,21084.69,31,8.18
2025-02-21,East,13,9.0,40702.74,27147.06,13555.68,24,6.41
2025-02-21,West,16,11.0,41988.09,28934.59,13053.5,23,1.67
2025-02-21,Central,17,15.0,63000.23,38730.39,24269.84,41,3.94
2025-02-22,North,15,12.0,43021.7,30893.79,12127.91,34,7.88
2025-02-22,South,15,11.0,42546.31,25783.03,16763.28,26,1.94
2025-02-22,East,13,8.0,52051.3,28996.9,23054.4,26,6.4
2025-02-22,West,12,9.0,48381.65,31688.75,16692.9,30,3.87
2025-02-22,Central,11,7.0,42281.19,29414.23,12866.96,20,5.59
2025-02-23,North,14,11.0,52082.15,31256.7,20825.45,31,3.68
2025-02-23,South,12,8.0,42670.39,28833.55,13836.84,26,6.5
2025-02-23,East,13,9.0,39816.27,26901.69,12914.58,31,3.29
2025-02-23,West,20,16.0,73577.63,47489.73,26087.9,51,1.87
2025-02-23,Central,10,6.0,32392.74,22236.88,10155.86,23,4.53
2025-02-24,North,23,20.0,95891.51,61812.5,34079.01,48,3.92
2025-02-24,South,19,16.0,53534.7,33797.37,19737.33,42,2.72
2025-02-24,East,20,13.0,47314.74,27206.89,20107.85,43,3.3
2025-02-24,West,9,6.0,35405.39,23257.23,12148.16,20,2.03
2025-02-24,Central,21,13.0,47098.03,28805.21,18292.82,31,6.67
2025-02-25,North,14,12.0,48825.2,32723.08,16102.12,21,7.5
2025-02-25,South,18,12.0,49023.72,30778.72,18245.0,40,6.43
2025-02-25,East,11,8.0,44024.46,27743.62,16280.84,28,2.95
2025-02-25,West,17,14.0,48260.95,29077.17,19183.78,24,2.6
2025-02-25,Central,14,10.0,43539.76,25949.53,17590.23,26,6.59
2025-02-26,North,21,17.0,75958.66,50834.27,25124.39,43,1.6
2025-02-26,South,17,11.0,58191.66,34788.18,23403.48,26,3.01
2025-02-26,East,11,9.0,25711.22,15318.37,10392.85,21,3.91
2025-02-26,West,18,13.0,40661.93,26147.91,14514.02,36,2.71
2025-02-26,Central,15,10.0,41964.46,27982.66,13981.8,27,2.01
2025-02-27,North,18,16.0,68896.46,44160.07,24736.39,29,6.69
2025-02-27,South,15,12.0,54945.88,39145.9,15799.98,25,5.07
2025-02-27,East,12,7.0,36062.09,21232.73,14829.36,30,2.05
2025-02-27,West,13,10.0,41447.31,24169.61,17277.7,20,2.8
2025-02-27,Central,12,9.0,41803.95,24481.93,17322.02,22,2.88
2025-02-28,North,12,10.0,35487.09,22617.09,12870.0,16,4.26
2025-02-28,South,14,11.0,43172.62,27903.66,15268.96,30,2.04
2025-02-28,East,15,11.0,46651.36,30864.66,15786.7,28,2.05
2025-02-28,West,17,11.0,37593.28,21998.3,15594.98,34,1.61
2025-02-28,Central,15,12.0,53620.05,32214.22,21405.83,30,6.61
2025-03-01,North,15,11.0,51586.78,34019.16,17567.62,27,5.57
2025-03-01,South,20,15.0,66834.66,43190.5,23644.16,27,6.49
2025-03-01,East,18,15.0,72056.63,51683.83,20372.8,45,4.91
2025-03-01,West,17,14.0,42578.46,26836.86,15741.6,33,7.1
2025-03-01,Central,19,13.0,46845.05,31385.8,15459.25,47,7.58
2025-03-02,North,15,11.0,58413.12,40780.11,17633.01,38,5.15
2025-03-02,South,10,8.0,33733.0,23608.0,10125.0,16,7.52
2025-03-02,East,20,17.0,82418.83,51695.6,30723.23,30,7.05
2025-03-02,West,13,8.0,54445.05,32754.2,21690.85,31,4.52
2025-03-02,Central,15,10.0,53735.58,36045.93,17689.65,30,4.08
2025-03-03,North,7,4.0,28133.46,16909.39,11224.07,17,4.18
2025-03-03,South,23,15.0,72241.37,44460.48,27780.89,35,3.13
2025-03-03,East,15,11.0,57011.53,34231.71,22779.82,21,3.4
2025-03-03,West,19,14.0,57084.37,37000.4,20083.97,46,4.26
2025-03-03,Central,18,12.0,55227.5,35344.85,19882.65,37,5.52
2025-03-04,North,15,12.0,36383.96,24337.28,12046.68,32,4.44
2025-03-04,South,11,9.0,43367.07,26740.92,16626.15,23,5.19
2025-03-04,East,17,15.0,41663.57,28062.07,13601.5,33,1.88
2025-03-04,West,8,5.0,28122.63,16207.89,11914.74,17,2.52
2025-03-04,Central,15,10.0,36758.85,22984.13,13774.72,26,7.89
2025-03-05,North,18,15.0,44441.17,26662.46,17778.71,40,5.82
2025-03-05,South,19,15.0,57164.38,35603.42,21560.96,33,2.97
2025-03-05,East,17,11.0,52441.11,33181.11,19260.0,32,7.1
2025-03-05,West,18,15.0,56102.96,32510.9,23592.06,38,7.87
2025-03-05,Central,17,13.0,41981.13,25927.96,16053.17,42,7.31
2025-03-06,North,16,14.0,36264.75,22110.69,14154.06,36,5.17
2025-03-06,South,21,13.0,86420.22,57810.26,28609.96,46,2.08
2025-03-06,East,17,12.0,44611.14,29299.43,15311.71,23,7.26
2025-03-06,West,13,11.0,44443.38,24868.18,19575.2,24,2.94
2025-03-06,Central,15,11.0,33091.19,19888.56,13202.63,33,3.69
2025-03-07,North,14,10.0,39005.13,26010.6,12994.53,23,3.59
2025-03-07,South,17,13.0,51234.65,33686.46,17548.19,22,3.87
2025-03-07,East,12,9.0,33010.47,19936.35,13074.12,24,7.18
2025-03-07,West,14,12.0,47830.81,32228.77,15602.04,29,4.94
2025-03-07,Central,18,12.0,56148.38,36229.82,19918.56,40,6.05
2025-03-08,North,24,18.0,74006.98,51961.33,22045.65,60,2.9
2025-03-08,South,18,11.0,52062.66,34987.4,17075.26,28,3.33
2025-03-08,East,10,6.0,29058.95,17060.7,11998.25,15,7.28
2025-03-08,West,7,5.0,21591.4,13276.88,8314.52,15,3.67
2025-03-08,Central,11,8.0,37117.23,22240.38,14876.85,19,5.64
2025-03-09,North,24,21.0,58221.99,37288.82,20933.17,46,7.1
2025-03-09,South,15,12.0,57382.22,38254.01,19128.21,29,8.2
2025-03-09,East,16,12.0,63430.95,42004.35,21426.6,34,3.94
2025-03-09,West,15,12.0,58650.62,38894.2,19756.42,25,8.47
2025-03-09,Central,14,12.0,57697.79,38159.07,19538.72,29,3.23
2025-03-10,North,14,9.0,44504.93,29841.74,14663.19,25,7.38
2025-03-10,South,23,15.0,58538.35,32429.17,26109.18,54,4.69
2025-03-10,East,13,11.0,49229.59,30107.21,19122.38,24,3.33
2025-03-10,West,22,19.0,92221.51,60336.19,31885.32,33,4.22
2025-03-10,Central,21,15.0,72139.96,44454.93,27685.03,41,6.51
2025-03-11,North,16,11.0,61039.76,43718.15,17321.61,38,7.55
2025-03-11,South,12,7.0,48922.01,33060.3,15861.71,25,6.95
2025-03-11,East,17,13.0,41485.75,28470.67,13015.08,43,4.4
2025-03-11,West,20,14.0,77640.59,54040.94,23599.65,34,7.87
2025-03-11,Central,19,15.0,58381.11,41161.88,17219.23,34,4.98
2025-03-12,North,20,13.0,56386.15,33430.21,22955.94,50,6.81
2025-03-12,South,15,10.0,37183.11,24937.37,12245.74,26,8.2
2025-03-12,East,16,13.0,38524.2,23352.05,15172.15,37,6.56
2025-03-12,West,17,11.0,57306.34,32012.99,25293.35,33,1.51
2025-03-12,Central,12,10.0,34692.31,24143.07,10549.24,18,3.12
2025-03-13,North,20,16.0,73652.66,41579.23,32073.43,32,6.75
2025-03-13,South,16,14.0,48071.33,30642.59,17428.74,30,2.56
2025-03-13,East,16,10.0,63346.1,43822.3,19523.8,33,6.38
2025-03-13,West,12,9.0,37504.53,23701.11,13803.42,24,6.47
2025-03-13,Central,15,10.0,47578.07,31528.98,16049.09,30,4.78
2025-03-14,North,13,9.0,41864.98,23095.17,18769.81,23,5.94
2025-03-14,South,8,6.0,22351.8,12563.35,9788.45,19,5.73
2025-03-14,East,21,18.0,64703.27,37235.24,27468.03,46,3.98
2025-03-14,West,19,16.0,79798.37,49131.17,30667.2,40,6.65
2025-03-14,Central,22,17.0,61101.39,42613.94,18487.45,29,6.22
2025-03-15,North,16,11.0,48368.81,27129.8,21239.01,36,3.14
2025-03-15,South,17,12.0,44927.55,26853.07,18074.48,41,8.09
2025-03-15,East,14,10.0,47625.15,29574.64,18050.51,26,6.08
2025-03-15,West,13,11.0,39552.48,24051.17,15501.31,22,2.08
2025-03-15,Central,11,7.0,36571.16,23437.9,13133.26,16,4.27
2025-03-16,North,15,12.0,48082.33,32441.3,15641.03,31,5.4
2025-03-16,South,12,9.0,30202.95,20272.08,9930.87,24,7.54
2025-03-16,East,14,10.0,55759.12,34127.22,21631.9,23,4.44
2025-03-16,West,16,13.0,58245.13,37117.16,21127.97,38,1.91
2025-03-16,Central,17,14.0,47875.93,32537.0,15338.93,41,4.99
2025-03-17,North,9,7.0,24197.57,14839.67,9357.9,19,2.64
2025-03-17,South,11,7.0,40808.62,24540.46,16268.16,20,3.23
2025-03-17,East,14,9.0,40149.11,23275.49,16873.62,18,7.81
2025-03-17,West,18,13.0,59791.13,35467.83,24323.3,30,7.27
2025-03-17,Central,19,13.0,70765.42,40051.01,30714.41,27,3.17
2025-03-18,North,13,9.0,31193.52,17506.33,13687.19,19,3.91
2025-03-18,South,11,7.0,38445.81,27302.6,11143.21,24,6.11
2025-03-18,East,17,11.0,54695.78,38701.42,15994.36,32,6.07
2025-03-18,West,22,18.0,91387.84,60462.39,30925.45,52,6.64
2025-03-18,Central,16,13.0,36343.45,25751.89,10591.56,34,1.98
2025-03-19,North,13,11.0,35282.65,23436.76,11845.89,28,4.22
2025-03-19,South,18,12.0,64217.79,39773.88,24443.91,37,6.39
2025-03-19,East,14,9.0,54719.27,35517.45,19201.82,18,5.98
2025-03-19,West,20,14.0,44939.52,25823.19,19116.33,42,4.9
2025-03-19,Central,10,6.0,39389.86,24604.86,14785.0,20,8.01
2025-03-20,North,10,8.0,33336.85,20262.12,13074.73,22,2.53
2025-03-20,South,21,17.0,66932.64,39732.08,27200.56,51,1.77
2025-03-20,East,14,9.0,41521.46,23090.0,18431.46,30,6.4
2025-03-20,West,10,6.0,33277.46,22186.44,11091.02,18,5.43
2025-03-20,Central,7,5.0,28264.54,19773.78,8490.76,16,5.93
2025-03-21,North,17,12.0,42237.55,27038.77,15198.78,36,2.13
2025-03-21,South,12,10.0,45646.52,29407.75,16238.77,23,3.39
2025-03-21,East,15,12.0,40611.34,27769.3,12842.04,26,4.45
2025-03-21,West,14,11.0,45586.65,27637.25,17949.4,35,5.16
2025-03-21,Central,12,8.0,28142.66,17593.6,10549.06,24,4.66
2025-03-22,North,12,8.0,27093.52,17376.58,9716.94,17,1.96
2025-03-22,South,18,13.0,63316.69,43602.18,19714.51,26,5.8
2025-03-22,East,19,15.0,52025.62,34889.64,17135.98,28,6.81
2025-03-22,West,14,9.0,54025.11,32246.95,21778.16,25,7.13
2025-03-22,Central,10,6.0,35182.16,19550.49,15631.67,22,5.16
2025-03-23,North,16,12.0,52217.07,33557.35,18659.72,40,1.84
2025-03-23,South,15,11.0,39188.09,27782.38,11405.71,22,2.15
2025-03-23,East,23,17.0,56036.75,35169.83,20866.92,36,2.03
2025-03-23,West,14,9.0,50511.43,31166.49,19344.94,18,6.31
2025-03-23,Central,18,12.0,70784.1,46904.79,23879.31,30,8.32
2025-03-24,North,14,11.0,45475.65,26600.7,18874.95,32,7.11
2025-03-24,South,17,11.0,48327.71,33800.93,14526.78,27,8.45
2025-03-24,East,26,21.0,83153.6,47385.87,35767.73,34,3.7
2025-03-24,West,15,12.0,62053.58,44404.28,17649.3,25,1.82
2025-03-24,Central,15,13.0,52655.7,32282.15,20373.55,26,4.15
2025-03-25,North,19,15.0,51500.96,34250.06,17250.9,27,4.77
2025-03-25,South,22,17.0,66643.16,39780.07,26863.09,56,3.67
2025-03-25,East,13,10.0,54291.17,38665.28,15625.89,19,2.34
2025-03-25,West,13,11.0,38641.87,25844.98,12796.89,19,7.84
2025-03-25,Central,8,5.0,30636.8,17807.16,12829.64,20,7.89
2025-03-26,North,20,13.0,54205.53,31980.1,22225.43,51,2.66
2025-03-26,South,19,12.0,62464.64,35107.91,27356.73,30,7.98
2025-03-26,East,17,13.0,47520.29,31981.86,15538.43,32,6.28
2025-03-26,West,12,9.0,35052.05,23263.17,11788.88,25,8.3
2025-03-26,Central,7,5.0,24717.08,15889.7,8827.38,16,2.61
2025-03-27,North,16,10.0,49467.31,32083.79,17383.52,28,1.79
2025-03-27,South,16,10.0,65626.89,43217.21,22409.68,38,3.81
2025-03-27,East,18,12.0,66968.09,47391.54,19576.55,36,5.28
2025-03-27,West,13,8.0,46180.18,27696.28,18483.9,29,5.88
2025-03-27,Central,16,13.0,40762.53,28992.31,11770.22,36,5.07
2025-03-28,North,14,11.0,31066.81,19855.64,11211.17,31,4.66
2025-03-28,South,19,13.0,50664.44,29110.98,21553.46,33,4.12
2025-03-28,East,15,10.0,47714.16,32347.41,15366.75,26,1.5
2025-03-28,West,21,14.0,63079.61,36944.4,26135.21,51,5.5
2025-03-28,Central,17,12.0,61652.77,41746.76,19906.01,35,4.89
2025-03-29,North,14,10.0,37728.67,22851.12,14877.55,29,7.47
2025-03-29,South,17,11.0,47350.35,30771.12,16579.23,32,6.33
2025-03-29,East,15,11.0,47096.83,31766.05,15330.78,21,7.97
2025-03-29,West,18,15.0,63957.78,38013.45,25944.33,33,7.14
2025-03-29,Central,13,10.0,52173.99,37395.16,14778.83,28,5.14
2025-03-30,North,10,8.0,33265.06,18661.86,14603.2,14,5.68
2025-03-30,South,15,11.0,39967.33,23145.29,16822.04,28,2.63
2025-03-30,East,19,15.0,50859.43,32793.42,18066.01,48,2.23
2025-03-30,West,15,13.0,45758.14,31709.36,14048.78,22,6.73
2025-03-30,Central,16,11.0,46888.53,27944.37,18944.16,25,2.41
2025-03-31,North,13,9.0,36075.58,25408.29,10667.29,25,2.67
2025-03-31,South,14,10.0,42217.06,28801.29,13415.77,19,3.45
2025-03-31,East,11,7.0,34883.05,24787.53,10095.52,25,6.56
2025-03-31,West,13,9.0,43546.72,25219.27,18327.45,22,3.76
2025-03-31,Central,19,14.0,72954.5,46460.0,26494.5,26,7.06
2025-04-01,North,9,6.0,31839.91,21648.24,10191.67,18,2.46
2025-04-01,South,19,15.0,70226.19,39385.57,30840.62,30,4.97
2025-04-01,East,17,12.0,54741.73,34955.5,19786.23,36,8.32
2025-04-01,West,13,10.0,39942.14,23639.9,16302.24,18,5.34
2025-04-01,Central,13,9.0,51366.61,32753.19,18613.42,29,7.47
2025-04-02,North,15,10.0,62830.13,38390.84,24439.29,21,2.37
2025-04-02,South,16,13.0,61844.53,39875.33,21969.2,40,2.71
2025-04-02,East,11,7.0,39673.23,23074.42,16598.81,24,4.96
2025-04-02,West,21,17.0,66659.03,44219.4,22439.63,29,4.48
2025-04-02,Central,15,12.0,59558.42,33340.69,26217.73,31,1.61
2025-04-03,North,14,11.0,40830.54,27152.14,13678.4,28,4.87
2025-04-03,South,15,11.0,45414.49,26455.76,18958.73,33,4.83
2025-04-03,East,19,14.0,63944.92,44565.48,19379.44,40,6.25
2025-04-03,West,19,14.0,65620.17,40733.63,24886.54,36,4.35
2025-04-03,Central,17,13.0,46284.47,30264.3,16020.17,38,4.92
2025-04-04,North,20,14.0,68527.53,42018.59,26508.94,50,7.55
2025-04-04,South,11,9.0,43279.61,25049.39,18230.22,18,4.38
2025-04-04,East,11,8.0,44426.93,26342.39,18084.54,17,5.77
2025-04-04,West,13,11.0,48636.19,34031.47,14604.72,20,2.4
2025-04-04,Central,26,19.0,71933.2,45971.86,25961.34,48,3.02
2025-04-05,North,21,17.0,52662.47,29004.1,23658.37,27,7.66
2025-04-05,South,19,15.0,48376.29,32591.1,15785.19,35,5.41
2025-04-05,East,12,9.0,29380.74,18206.09,11174.65,28,5.19
2025-04-05,West,13,9.0,41446.03,23345.49,18100.54,28,2.06
2025-04-05,Central,14,11.0,31617.64,21131.78,10485.86,24,2.29
2025-04-06,North,18,12.0,69607.64,39507.01,30100.63,28,6.84
2025-04-06,South,15,12.0,39973.53,27267.57,12705.96,27,2.96
2025-04-06,East,17,13.0,42441.97,27786.15,14655.82,39,5.03
2025-04-06,West,12,9.0,43225.44,26811.52,16413.92,17,4.79
2025-04-06,Central,26,19.0,86734.33,47975.05,38759.28,59,5.47
2025-04-07,North,9,7.0,21223.36,13020.53,8202.83,14,4.67
2025-04-07,South,16,10.0,39088.11,25155.98,13932.13,22,3.05
2025-04-07,East,18,15.0,73622.49,45844.98,27777.51,28,3.86
2025-04-07,West,18,14.0,57869.56,39789.54,18080.02,42,2.11
2025-04-07,Central,17,14.0,58041.35,37732.55,20308.8,40,3.11
2025-04-08,North,10,7.0,25168.56,16649.3,8519.26,17,7.87
2025-04-08,South,22,16.0,68574.02,40868.4,27705.62,40,1.55
2025-04-08,East,19,14.0,50268.27,33341.16,16927.11,32,3.12
2025-04-08,West,8,6.0,23607.11,13145.76,10461.35,18,4.93
2025-04-08,Central,20,14.0,50756.11,32381.98,18374.13,37,8.29
2025-04-09,North,14,9.0,34399.44,24088.82,10310.62,34,1.93
2025-04-09,South,19,12.0,51296.48,29782.17,21514.31,26,2.59
2025-04-09,East,17,14.0,46956.54,31253.33,15703.21,43,4.58
2025-04-09,West,17,11.0,68951.33,43547.54,25403.79,43,7.39
2025-04-09,Central,7,5.0,27749.65,16682.67,11066.98,10,2.69
2025-04-10,North,16,14.0,42698.14,25027.91,17670.23,29,8.13
2025-04-10,South,21,13.0,47244.12,33798.52,13445.6,50,4.39
2025-04-10,East,13,10.0,37879.65,25271.42,12608.23,21,5.19
2025-04-10,West,14,12.0,55786.59,36537.36,19249.23,25,2.12
2025-04-10,Central,14,10.0,43644.59,24087.43,19557.16,29,4.66
2025-04-11,North,20,14.0,58589.57,39385.69,19203.88,47,3.46
2025-04-11,South,18,13.0,43242.6,28412.54,14830.06,38,5.28
2025-04-11,East,6,4.0,21605.05,13600.41,8004.64,7,3.62
2025-04-11,West,16,13.0,50250.07,33433.47,16816.6,25,6.5
2025-04-11,Central,12,8.0,28192.32,15728.84,12463.48,17,2.1
2025-04-12,North,11,8.0,31758.14,21909.27,9848.87,15,4.12
2025-04-12,South,15,11.0,44190.36,26834.52,17355.84,33,4.85
2025-04-12,East,8,6.0,31807.35,21250.81,10556.54,19,5.29
2025-04-12,West,11,7.0,33015.57,18316.98,14698.59,19,5.66
2025-04-12,Central,11,9.0,32477.07,22302.35,10174.72,24,4.48
2025-04-13,North,15,12.0,37114.28,20512.8,16601.48,29,1.52
2025-04-13,South,16,13.0,48875.6,32468.54,16407.06,35,7.77
2025-04-13,East,12,10.0,47755.95,28770.33,18985.62,30,6.01
2025-04-13,West,11,7.0,39159.57,27304.0,11855.57,18,3.13
2025-04-13,Central,15,12.0,48084.17,30682.96,17401.21,29,6.32
2025-04-14,North,10,7.0,38535.8,24332.06,14203.74,18,6.05
2025-04-14,South,10,7.0,24214.16,16856.13,7358.03,23,6.55
2025-04-14,East,20,17.0,49578.5,34782.93,14795.57,48,8.42
2025-04-14,West,17,14.0,64509.25,36687.89,27821.36,40,5.54
2025-04-14,Central,14,10.0,56420.5,32546.39,23874.11,30,7.33
2025-04-15,North,17,14.0,40315.2,25145.87,15169.33,30,4.17
2025-04-15,South,14,10.0,42133.25,28712.63,13420.62,29,4.6
2025-04-15,East,21,18.0,51361.9,31809.11,19552.79,46,5.03
2025-04-15,West,14,11.0,57584.19,35850.55,21733.64,32,6.1
2025-04-15,Central,12,10.0,26951.59,19264.84,7686.75,21,7.75
2025-04-16,North,11,7.0,27176.45,19028.44,8148.01,15,2.8
2025-04-16,South,15,13.0,40077.51,27532.12,12545.39,25,8.02
2025-04-16,East,17,14.0,63024.11,37253.02,25771.09,35,4.95
2025-04-16,West,11,8.0,39339.58,22102.05,17237.53,28,7.96
2025-04-16,Central,11,7.0,27579.95,18714.37,8865.58,15,4.23
2025-04-17,North,27,21.0,98508.75,56590.65,41918.1,55,7.83
2025-04-17,South,18,12.0,54172.8,29800.16,24372.64,46,4.69
2025-04-17,East,21,17.0,83162.43,58313.27,24849.16,30,7.63
2025-04-17,West,22,15.0,89767.2,62817.03,26950.17,39,3.86
2025-04-17,Central,16,12.0,63179.12,36635.32,26543.8,31,4.65
2025-04-18,North,18,15.0,49503.87,30157.22,19346.65,31,4.61
2025-04-18,South,18,13.0,62235.0,41021.79,21213.21,24,4.07
2025-04-18,East,18,13.0,50451.2,32222.49,18228.71,23,8.05
2025-04-18,West,15,10.0,54256.12,34560.97,19695.15,22,3.17
2025-04-18,Central,21,14.0,87487.3,56542.47,30944.83,40,2.28
2025-04-19,North,22,18.0,57079.88,36358.59,20721.29,43,1.77
2025-04-19,South,19,13.0,64766.38,42414.12,22352.26,35,1.54
2025-04-19,East,13,10.0,35988.4,20085.03,15903.37,29,7.54
2025-04-19,West,21,17.0,63309.08,41125.39,22183.69,40,8.47
2025-04-19,Central,17,15.0,64386.11,37062.59,27323.52,29,6.3
2025-04-20,North,17,12.0,61935.07,37347.42,24587.65,24,7.17
2025-04-20,South,21,14.0,80329.72,56444.48,23885.24,54,1.53
2025-04-20,East,20,14.0,82291.34,49990.1,32301.24,47,6.47
2025-04-20,West,17,11.0,60609.7,33828.28,26781.42,26,2.74
2025-04-20,Central,20,17.0,63576.96,35933.53,27643.43,26,2.08
2025-04-21,North,20,16.0,75734.31,46165.44,29568.87,27,3.89
2025-04-21,South,15,12.0,58086.6,34361.69,23724.91,22,7.07
2025-04-21,East,23,20.0,54273.47,37116.65,17156.82,49,4.73
2025-04-21,West,19,16.0,79486.66,55176.37,24310.29,45,8.03
2025-04-21,Central,12,9.0,35293.69,20806.12,14487.57,23,2.54
2025-04-22,North,14,11.0,49690.77,32236.05,17454.72,32,6.17
2025-04-22,South,12,10.0,37597.8,21152.09,16445.71,17,8.34
2025-04-22,East,13,8.0,50024.83,27726.35,22298.48,27,2.55
2025-04-22,West,17,14.0,54077.67,31190.99,22886.68,22,4.1
2025-04-22,Central,9,6.0,28404.5,19565.11,8839.39,21,8.15
2025-04-23,North,12,10.0,49528.02,30895.66,18632.36,28,3.68
2025-04-23,South,11,9.0,37221.86,23617.44,13604.42,22,7.14
2025-04-23,East,10,7.0,22321.26,12735.11,9586.15,24,4.16
2025-04-23,West,13,9.0,46890.25,29626.47,17263.78,22,2.8
2025-04-23,Central,14,9.0,48801.84,34263.64,14538.2,22,7.79
2025-04-24,North,16,13.0,63652.3,42204.36,21447.94,28,8.07
2025-04-24,South,18,14.0,61027.8,34547.33,26480.47,25,5.89
2025-04-24,East,15,10.0,52468.52,31090.7,21377.82,28,5.46
2025-04-24,West,22,18.0,74436.13,52613.89,21822.24,37,4.4
2025-04-24,Central,21,14.0,56785.84,36281.72,20504.12,43,8.44
2025-04-25,North,22,17.0,55352.82,30857.82,24495.0,55,8.46
2025-04-25,South,16,13.0,55690.13,30844.55,24845.58,34,2.69
2025-04-25,East,17,12.0,64192.0,44444.69,19747.31,40,2.77
2025-04-25,West,14,9.0,53338.08,37506.47,15831.61,31,7.64
2025-04-25,Central,25,21.0,63648.02,40405.08,23242.94,42,5.04
2025-04-26,North,14,9.0,38716.71,25355.27,13361.44,21,3.32
2025-04-26,South,16,14.0,52136.66,35611.9,16524.76,36,6.0
2025-04-26,East,13,8.0,53328.2,32235.62,21092.58,30,8.43
2025-04-26,West,19,15.0,62726.4,38820.26,23906.14,41,7.15
2025-04-26,Central,12,9.0,46292.91,29106.78,17186.13,20,1.82
2025-04-27,North,15,11.0,45795.8,25933.67,19862.13,21,6.09
2025-04-27,South,12,9.0,34953.27,20090.44,14862.83,27,6.11
2025-04-27,East,17,12.0,43272.79,28491.78,14781.01,28,6.12
2025-04-27,West,14,11.0,44338.38,26565.83,17772.55,19,7.47
2025-04-27,Central,15,11.0,37000.87,26297.44,10703.43,34,7.68
2025-04-28,North,13,9.0,45508.42,31540.5,13967.92,32,5.75
2025-04-28,South,21,18.0,65660.38,38113.15,27547.23,33,6.49
2025-04-28,East,8,5.0,22717.64,15514.3,7203.34,18,7.02
2025-04-28,West,17,14.0,41127.05,26208.12,14918.93,22,2.39
2025-04-28,Central,17,12.0,47849.28,33406.04,14443.24,32,8.17
2025-04-29,North,14,9.0,56993.04,33907.72,23085.32,35,5.42
2025-04-29,South,17,12.0,53728.51,31067.05,22661.46,40,8.42
2025-04-29,East,12,10.0,49100.09,34322.47,14777.62,21,5.01
2025-04-29,West,13,9.0,36488.08,25084.98,11403.1,28,7.61
2025-04-29,Central,13,8.0,50591.14,36001.9,14589.24,28,4.55
2025-04-30,North,13,10.0,43819.9,26589.69,17230.21,21,1.5
2025-04-30,South,19,13.0,51395.13,30323.65,21071.48,36,7.19
2025-04-30,East,17,12.0,43644.99,30289.65,13355.34,26,1.52
2025-04-30,West,19,16.0,55009.34,30323.54,24685.8,27,4.72
2025-04-30,Central,20,16.0,59186.75,39202.08,19984.67,38,4.54
2025-05-01,North,14,10.0,40506.06,24044.01,16462.05,26,4.17
2025-05-01,South,16,13.0,67076.6,43906.92,23169.68,22,6.82
2025-05-01,East,15,13.0,62127.26,36603.03,25524.23,32,6.67
2025-05-01,West,15,11.0,57001.02,31563.47,25437.55,20,3.28
2025-05-01,Central,18,14.0,71605.56,48092.04,23513.52,45,5.26
2025-05-02,North,17,13.0,63365.63,43144.86,20220.77,33,6.04
2025-05-02,South,18,13.0,46276.81,27406.51,18870.3,28,4.46
2025-05-02,East,11,9.0,42750.73,27453.77,15296.96,14,3.5
2025-05-02,West,16,11.0,62037.03,39495.16,22541.87,32,6.21
2025-05-02,Central,14,12.0,54847.92,36110.38,18737.54,32,5.09
2025-05-03,North,17,12.0,41739.95,25845.74,15894.21,37,6.18
2025-05-03,South,23,17.0,72108.15,44546.16,27561.99,33,4.94
2025-05-03,East,17,12.0,59515.03,35421.21,24093.82,42,1.68
2025-05-03,West,13,9.0,32423.11,20023.19,12399.92,27,5.78
2025-05-03,Central,14,12.0,57791.28,33044.24,24747.04,35,8.17
2025-05-04,North,8,6.0,31010.75,18709.69,12301.06,13,2.41
2025-05-04,South,8,6.0,27017.71,15256.17,11761.54,17,4.4
2025-05-04,East,19,12.0,53246.98,36596.58,16650.4,31,5.85
2025-05-04,West,12,9.0,46492.6,27702.3,18790.3,15,6.46
2025-05-04,Central,14,11.0,33279.72,22729.36,10550.36,32,6.64
2025-05-05,North,12,9.0,35662.86,21075.91,14586.95,26,4.85
2025-05-05,South,15,10.0,50508.2,31486.81,19021.39,29,6.21
2025-05-05,East,14,9.0,36886.99,22563.02,14323.97,32,5.97
2025-05-05,West,17,13.0,65597.47,44483.57,21113.9,27,7.18
2025-05-05,Central,10,8.0,38346.45,26315.06,12031.39,13,3.83
2025-05-06,North,20,17.0,76423.81,42851.35,33572.46,31,3.83
2025-05-06,South,20,17.0,69723.07,44894.81,24828.26,30,2.18
2025-05-06,East,17,14.0,68785.46,42508.54,26276.92,30,3.73
2025-05-06,West,11,7.0,30552.0,21264.64,9287.36,26,7.52
2025-05-06,Central,15,12.0,42558.23,23535.6,19022.63,31,4.73
2025-05-07,North,21,18.0,64074.41,35822.36,28252.05,54,5.94
2025-05-07,South,19,15.0,50792.43,35811.28,14981.15,38,6.27
2025-05-07,East,15,10.0,52813.23,29094.11,23719.12,22,3.88
2025-05-07,West,22,19.0,64125.88,43549.52,20576.36,49,8.26
2025-05-07,Central,18,13.0,54794.44,32950.58,21843.86,41,6.05
2025-05-08,North,19,13.0,69657.85,40155.22,29502.63,38,1.62
2025-05-08,South,22,15.0,52294.1,34666.94,17627.16,44,3.24
2025-05-08,East,11,7.0,32744.2,21206.93,11537.27,22,4.45
2025-05-08,West,19,14.0,43436.26,29442.23,13994.03,45,5.54
2025-05-08,Central,19,15.0,67785.29,43344.43,24440.86,46,3.25
2025-05-09,North,22,18.0,78078.47,53424.93,24653.54,28,1.57
2025-05-09,South,8,6.0,30572.34,21518.11,9054.23,14,6.42
2025-05-09,East,12,8.0,33859.02,18989.28,14869.74,26,4.99
2025-05-09,West,17,13.0,50928.28,32508.12,18420.16,26,7.15
2025-05-09,Central,9,6.0,24294.61,16064.24,8230.37,11,4.81
2025-05-10,North,13,8.0,45654.02,30087.98,15566.04,20,4.05
2025-05-10,South,15,11.0,61328.57,41405.97,19922.6,31,8.31
2025-05-10,East,11,7.0,33462.36,24005.86,9456.5,15,4.55
2025-05-10,West,11,9.0,32134.91,22296.98,9837.93,21,7.41
2025-05-10,Central,9,5.0,30692.39,18164.48,12527.91,17,5.1
2025-05-11,North,17,11.0,43507.87,31162.32,12345.55,44,6.54
2025-05-11,South,17,14.0,66905.31,47148.87,19756.44,37,4.95
2025-05-11,East,14,9.0,51401.85,33759.11,17642.74,22,2.16
2025-05-11,West,26,22.0,102035.98,66087.39,35948.59,55,6.88
2025-05-11,Central,18,12.0,73261.74,48310.24,24951.5,30,5.23
2025-05-12,North,13,11.0,28643.08,17373.43,11269.65,19,3.97
2025-05-12,South,10,6.0,31794.59,22351.62,9442.97,24,6.18
2025-05-12,East,11,9.0,28472.04,19480.02,8992.02,18,1.88
2025-05-12,West,11,8.0,26188.2,16791.85,9396.35,24,2.38
2025-05-12,Central,15,11.0,58058.48,36558.37,21500.11,21,6.36
2025-05-13,North,17,14.0,59713.63,41727.78,17985.85,28,2.78
2025-05-13,South,22,19.0,91123.01,57815.95,33307.06,32,5.63
2025-05-13,East,15,9.0,38786.96,22344.79,16442.17,37,8.26
2025-05-13,West,11,9.0,43165.45,27259.36,15906.09,22,3.64
2025-05-13,Central,13,10.0,42434.47,25931.52,16502.95,23,4.83
2025-05-14,North,17,15.0,69697.98,44082.77,25615.21,40,7.74
2025-05-14,South,18,12.0,58776.04,37838.92,20937.12,28,1.74
2025-05-14,East,18,11.0,60557.37,34726.44,25830.93,35,7.61
2025-05-14,West,10,8.0,22474.63,12496.1,9978.53,21,2.96
2025-05-14,Central,21,15.0,60319.27,37355.79,22963.48,49,4.96
2025-05-15,North,10,7.0,27931.58,17276.69,10654.89,25,3.33
2025-05-15,South,13,11.0,38286.35,25451.36,12834.99,29,2.33
2025-05-15,East,15,13.0,56973.16,35959.48,21013.68,22,3.99
2025-05-15,West,18,15.0,55197.9,36942.51,18255.39,36,3.73
2025-05-15,Central,17,13.0,64520.3,42653.59,21866.71,22,2.67
2025-05-16,North,13,10.0,49201.33,35090.0,14111.33,29,5.85
2025-05-16,South,14,12.0,42018.84,26350.8,15668.04,28,2.2
2025-05-16,East,13,10.0,29003.13,17865.24,11137.89,32,2.58
2025-05-16,West,15,13.0,44409.1,28501.43,15907.67,28,2.46
2025-05-16,Central,17,11.0,69363.92,49233.19,20130.73,34,7.08
2025-05-17,North,15,11.0,62106.0,36592.01,25513.99,21,3.62
2025-05-17,South,16,12.0,62422.35,37495.77,24926.58,25,5.15
2025-05-17,East,16,13.0,51389.49,31811.58,19577.91,32,7.65
2025-05-17,West,6,4.0,15462.59,8816.12,6646.47,9,1.61
2025-05-17,Central,12,10.0,43542.12,27193.23,16348.89,18,5.1
2025-05-18,North,12,9.0,30906.2,22050.71,8855.49,24,5.23
2025-05-18,South,13,8.0,52393.22,35896.66,16496.56,18,3.66
2025-05-18,East,18,15.0,63151.56,34799.86,28351.7,27,3.73
2025-05-18,West,23,15.0,74109.07,51631.47,22477.6,32,2.59
2025-05-18,Central,12,10.0,39178.02,24385.48,14792.54,20,2.1
2025-05-19,North,14,12.0,44074.4,31562.35,12512.05,32,6.91
2025-05-19,South,16,11.0,54075.91,33166.44,20909.47,37,4.1
2025-05-19,East,14,11.0,35562.6,22433.24,13129.36,23,4.9
2025-05-19,West,16,13.0,35952.37,21091.68,14860.69,26,1.6
2025-05-19,Central,14,11.0,51867.46,32176.64,19690.82,31,7.72
2025-05-20,North,17,14.0,40754.95,25328.25,15426.7,25,3.67
2025-05-20,South,12,10.0,47741.65,32551.79,15189.86,30,7.98
2025-05-20,East,15,12.0,36156.19,21214.12,14942.07,21,8.1
2025-05-20,West,12,8.0,32045.89,17891.7,14154.19,24,3.52
2025-05-20,Central,19,12.0,68930.66,46211.8,22718.86,26,7.39
2025-05-21,North,17,11.0,60519.72,36675.53,23844.19,27,6.79
2025-05-21,South,14,9.0,34623.18,19588.14,15035.04,26,7.43
2025-05-21,East,18,15.0,42172.98,24811.9,17361.08,35,7.15
2025-05-21,West,13,9.0,44063.05,28929.32,15133.73,20,4.5
2025-05-21,Central,16,14.0,39066.81,26489.46,12577.35,41,2.91
2025-05-22,North,22,15.0,75642.71,44479.47,31163.24,46,4.89
2025-05-22,South,25,17.0,98901.83,62138.11,36763.72,40,6.79
2025-05-22,East,19,15.0,57381.13,36380.17,21000.96,40,7.31
2025-05-22,West,12,9.0,30875.68,21899.0,8976.68,19,7.0
2025-05-22,Central,16,13.0,35785.68,24444.26,11341.42,26,3.36
2025-05-23,North,12,8.0,33460.25,20168.56,13291.69,30,4.72
2025-05-23,South,14,12.0,50937.7,35667.97,15269.73,27,4.72
2025-05-23,East,13,10.0,45645.24,27924.48,17720.76,20,6.36
2025-05-23,West,12,8.0,28034.85,16467.05,11567.8,27,6.36
2025-05-23,Central,15,12.0,59682.39,41795.23,17887.16,32,7.08
2025-05-24,North,18,15.0,57720.99,33236.94,24484.05,38,8.35
2025-05-24,South,10,8.0,36480.21,25443.06,11037.15,15,8.38
2025-05-24,East,16,10.0,37633.08,22332.53,15300.55,31,8.25
2025-05-24,West,17,12.0,64356.42,41417.03,22939.39,36,5.08
2025-05-24,Central,17,13.0,53122.23,32965.19,20157.04,42,4.46
2025-05-25,North,20,14.0,44495.89,28074.88,16421.01,29,3.14
2025-05-25,South,18,13.0,58926.71,37371.06,21555.65,44,8.03
2025-05-25,East,18,12.0,72499.11,49970.23,22528.88,31,3.79
2025-05-25,West,18,13.0,49207.85,28994.99,20212.86,38,5.06
2025-05-25,Central,12,9.0,50373.9,29218.56,21155.34,21,3.03
2025-05-26,North,13,8.0,30985.81,20296.26,10689.55,25,2.57
2025-05-26,South,9,7.0,34750.23,20153.57,14596.66,18,5.24
2025-05-26,East,17,14.0,38263.97,23920.67,14343.3,42,4.51
2025-05-26,West,12,10.0,48851.86,28786.48,20065.38,18,1.63
2025-05-26,Central,11,8.0,31871.51,22447.5,9424.01,15,5.88
2025-05-27,North,14,11.0,52812.95,37895.6,14917.35,24,4.54
2025-05-27,South,14,12.0,31641.64,18733.3,12908.34,35,1.84
2025-05-27,East,19,15.0,63548.21,42854.59,20693.62,32,6.04
2025-05-27,West,10,7.0,22774.78,14976.02,7798.76,25,5.83
2025-05-27,Central,14,9.0,36606.97,20702.83,15904.14,28,7.72
2025-05-28,North,11,8.0,25027.72,15268.61,9759.11,26,8.1
2025-05-28,South,16,14.0,37140.36,22167.6,14972.76,32,3.9
2025-05-28,East,12,10.0,44438.52,27556.5,16882.02,22,7.23
2025-05-28,West,10,8.0,27464.24,15998.19,11466.05,23,3.94
2025-05-28,Central,15,11.0,51216.27,29071.12,22145.15,21,7.93
2025-05-29,North,14,9.0,56583.14,34097.25,22485.89,24,6.2
2025-05-29,South,15,12.0,35105.89,23483.22,11622.67,21,7.06
2025-05-29,East,13,10.0,37280.39,25133.72,12146.67,25,3.46
2025-05-29,West,14,10.0,41720.64,26419.5,15301.14,20,3.53
2025-05-29,Central,10,6.0,30456.3,20229.91,10226.39,17,2.76
2025-05-30,North,9,6.0,22156.86,12845.12,9311.74,15,5.03
2025-05-30,South,11,7.0,35104.71,22088.82,13015.89,16,2.49
2025-05-30,East,13,10.0,51423.93,30235.76,21188.17,20,1.73
2025-05-30,West,17,11.0,68668.27,48663.92,20004.35,26,2.97
2025-05-30,Central,21,16.0,77749.06,46564.67,31184.39,32,7.15
2025-05-31,North,17,13.0,45462.51,28608.63,16853.88,40,4.21
2025-05-31,South,22,17.0,86139.37,60618.94,25520.43,56,4.37
2025-05-31,East,17,14.0,46739.14,30206.7,16532.44,43,5.56
2025-05-31,West,18,15.0,56831.0,35954.93,20876.07,37,7.24
2025-05-31,Central,24,19.0,90802.13,58594.18,32207.95,46,8.22
2025-06-01,North,13,11.0,51035.63,36193.71,14841.92,29,6.62
2025-06-01,South,9,5.0,26041.34,18150.45,7890.89,22,4.89
2025-06-01,East,10,8.0,35840.72,24463.65,11377.07,20,2.07
2025-06-01,West,18,16.0,66805.12,39805.09,27000.03,24,2.15
2025-06-01,Central,11,8.0,38530.91,25955.59,12575.32,26,4.62
2025-06-02,North,10,7.0,32590.77,21212.68,11378.09,22,1.75
2025-06-02,South,15,10.0,55394.34,32970.59,22423.75,25,4.86
2025-06-02,East,11,8.0,31495.45,19579.45,11916.0,19,6.41
2025-06-02,West,17,11.0,55182.16,33796.96,21385.2,31,7.61
2025-06-02,Central,9,7.0,31774.42,20581.62,11192.8,12,7.65
2025-06-03,North,17,11.0,50274.68,30277.69,19996.99,39,2.63
2025-06-03,South,11,8.0,43332.84,25953.9,17378.94,24,7.75
2025-06-03,East,18,12.0,39678.45,22887.85,16790.6,33,4.04
2025-06-03,West,15,13.0,54782.0,30616.52,24165.48,35,3.84
2025-06-03,Central,14,9.0,57002.52,35161.41,21841.11,36,6.08
2025-06-04,North,17,13.0,65235.95,42062.31,23173.64,38,4.1
2025-06-04,South,14,11.0,48708.42,34831.47,13876.95,24,3.51
2025-06-04,East,15,11.0,50642.97,31213.46,19429.51,23,4.97
2025-06-04,West,15,13.0,58535.67,40941.44,17594.23,23,3.62
2025-06-04,Central,17,11.0,58117.3,38660.44,19456.86,25,5.96
2025-06-05,North,16,10.0,57401.02,33597.11,23803.91,28,4.1
2025-06-05,South,18,12.0,70999.29,45135.99,25863.3,35,3.01
2025-06-05,East,7,5.0,21190.47,11770.86,9419.61,14,2.02
2025-06-05,West,17,13.0,55000.33,36068.22,18932.11,38,4.2
2025-06-05,Central,11,8.0,31729.21,18267.04,13462.17,17,4.79
2025-06-06,North,16,13.0,62501.31,41475.1,21026.21,32,6.47
2025-06-06,South,13,8.0,33335.0,21497.91,11837.09,19,4.12
2025-06-06,East,16,13.0,53595.65,35519.7,18075.95,34,3.25
2025-06-06,West,13,11.0,42346.41,29518.93,12827.48,32,8.29
2025-06-06,Central,17,11.0,38638.05,22245.44,16392.61,23,4.67
2025-06-07,North,18,12.0,68530.55,48471.81,20058.74,23,4.86
2025-06-07,South,19,13.0,66629.71,42241.33,24388.38,46,3.06
2025-06-07,East,19,12.0,50194.54,33676.77,16517.77,30,3.5
2025-06-07,West,12,8.0,49958.96,33133.59,16825.37,21,4.45
2025-06-07,Central,12,8.0,44064.5,29415.48,14649.02,27,5.24
2025-06-08,North,18,13.0,54171.36,33428.63,20742.73,39,5.4
2025-06-08,South,13,10.0,46914.22,31187.24,15726.98,31,6.68
2025-06-08,East,13,9.0,54365.21,32623.97,21741.24,19,8.39
2025-06-08,West,14,9.0,32178.71,18685.28,13493.43,33,2.25
2025-06-08,Central,21,16.0,84400.59,52286.67,32113.92,28,4.76
2025-06-09,North,16,11.0,66599.53,36679.46,29920.07,33,4.98
2025-06-09,South,11,8.0,26749.45,14967.49,11781.96,25,5.22
2025-06-09,East,12,9.0,48972.77,28699.04,20273.73,15,2.18
2025-06-09,West,10,8.0,32615.07,20139.78,12475.29,14,4.52
2025-06-09,Central,14,9.0,33486.92,18478.51,15008.41,25,5.03
2025-06-10,North,13,10.0,40180.03,23408.14,16771.89,23,8.43
2025-06-10,South,6,4.0,23094.36,13746.3,9348.06,14,5.23
2025-06-10,East,16,13.0,43544.03,25867.96,17676.07,28,5.54
2025-06-10,West,9,7.0,32384.55,22117.0,10267.55,20,6.33
2025-06-10,Central,16,12.0,53867.63,33376.73,20490.9,40,3.8
2025-06-11,North,18,14.0,55577.91,34482.43,21095.48,42,2.36
2025-06-11,South,13,8.0,31335.87,18003.94,13331.93,18,8.22
2025-06-11,East,16,13.0,53210.04,34869.2,18340.84,26,6.36
2025-06-11,West,14,9.0,44908.07,26668.24,18239.83,26,3.31
2025-06-11,Central,20,15.0,81408.69,51681.96,29726.73,38,3.28
2025-06-12,North,16,10.0,66389.05,38454.98,27934.07,28,3.01
2025-06-12,South,13,9.0,40380.9,23643.03,16737.87,21,5.96
2025-06-12,East,19,14.0,65410.41,43853.86,21556.55,36,4.01
2025-06-12,West,13,10.0,36281.0,22966.46,13314.54,23,8.12
2025-06-12,Central,11,9.0,37437.07,24047.89,13389.18,18,4.14
2025-06-13,North,16,10.0,60398.11,41376.79,19021.32,36,6.53
2025-06-13,South,15,10.0,60211.68,40672.83,19538.85,25,6.47
2025-06-13,East,21,15.0,83126.39,51119.36,32007.03,46,1.85
2025-06-13,West,10,6.0,26841.71,15561.84,11279.87,15,3.25
2025-06-13,Central,13,8.0,45360.08,30294.33,15065.75,20,7.79
2025-06-14,North,16,12.0,46638.8,30227.78,16411.02,25,7.27
2025-06-14,South,12,10.0,29591.83,19486.83,10105.0,22,8.35
2025-06-14,East,17,14.0,51458.0,35557.37,15900.63,35,6.41
2025-06-14,West,14,11.0,32199.45,21288.02,10911.43,30,5.44
2025-06-14,Central,13,10.0,30308.33,17432.18,12876.15,29,7.85
2025-06-15,North,16,11.0,58425.37,41960.53,16464.84,33,3.33
2025-06-15,South,11,7.0,24907.38,16763.86,8143.52,23,7.59
2025-06-15,East,19,13.0,46527.44,29094.58,17432.86,33,5.48
2025-06-15,West,16,14.0,42473.48,29613.12,12860.36,34,5.4
2025-06-15,Central,16,13.0,63905.25,37414.05,26491.2,25,6.44
2025-06-16,North,17,13.0,51975.75,33950.33,18025.42,38,4.99
2025-06-16,South,14,9.0,35564.23,23505.17,12059.06,31,4.22
2025-06-16,East,19,16.0,59299.89,34300.66,24999.23,27,4.9
2025-06-16,West,9,6.0,24876.71,16194.49,8682.22,15,2.3
2025-06-16,Central,15,12.0,62792.14,38979.31,23812.83,25,3.27
2025-06-17,North,16,12.0,40810.02,28925.97,11884.05,38,6.65
2025-06-17,South,12,9.0,49599.5,27592.45,22007.05,25,3.88
2025-06-17,East,12,10.0,48391.85,31038.38,17353.47,17,3.09
2025-06-17,West,8,6.0,27627.44,16136.64,11490.8,17,5.98
2025-06-17,Central,16,14.0,66771.53,44828.18,21943.35,40,7.52
2025-06-18,North,8,6.0,23704.2,13428.47,10275.73,12,5.57
2025-06-18,South,18,15.0,73793.83,50201.92,23591.91,26,8.09
2025-06-18,East,12,9.0,47986.09,31829.4,16156.69,20,8.33
2025-06-18,West,13,9.0,48860.61,29923.96,18936.65,28,8.08
2025-06-18,Central,16,12.0,66121.05,40076.0,26045.05,33,3.02
2025-06-19,North,18,15.0,65047.49,41568.61,23478.88,35,5.61
2025-06-19,South,13,9.0,50597.53,31952.15,18645.38,21,5.46
2025-06-19,East,12,9.0,32035.32,20049.91,11985.41,23,5.65
2025-06-19,West,15,12.0,60020.37,38231.87,21788.5,30,4.09
2025-06-19,Central,17,11.0,70369.13,45549.34,24819.79,31,6.49
2025-06-20,North,7,4.0,28341.24,17303.87,11037.37,9,5.83
2025-06-20,South,15,10.0,61741.1,34588.61,27152.49,24,4.49
2025-06-20,East,9,7.0,34491.5,19929.94,14561.56,22,5.09
2025-06-20,West,19,12.0,55356.06,35732.21,19623.85,36,7.31
2025-06-20,Central,15,10.0,52906.79,37884.72,15022.07,25,2.59
2025-06-21,North,23,17.0,56564.78,36997.26,19567.52,31,7.55
2025-06-21,South,17,11.0,70028.86,40411.95,29616.91,31,2.49
2025-06-21,East,15,10.0,38555.34,27663.79,10891.55,27,3.56
2025-06-21,West,19,13.0,46650.99,32648.59,14002.4,45,5.55
2025-06-21,Central,18,11.0,74290.35,44645.5,29644.85,41,2.75
2025-06-22,North,12,9.0,28046.79,16388.54,11658.25,22,5.4
2025-06-22,South,17,12.0,51149.79,30500.87,20648.92,23,5.56
2025-06-22,East,10,7.0,22843.87,12796.65,10047.22,18,6.36
2025-06-22,West,12,8.0,47070.35,31735.23,15335.12,16,4.84
2025-06-22,Central,12,9.0,31659.86,22576.26,9083.6,27,2.38
2025-06-23,North,11,9.0,42151.89,28128.46,14023.43,17,7.33
2025-06-23,South,15,9.0,58881.28,32942.8,25938.48,35,1.59
2025-06-23,East,8,5.0,31684.46,17667.2,14017.26,12,3.89
2025-06-23,West,12,9.0,44848.93,31414.56,13434.37,20,2.8
2025-06-23,Central,15,12.0,52302.39,29112.48,23189.91,25,4.74
2025-06-24,North,9,8.0,26127.06,16751.63,9375.43,21,6.5
2025-06-24,South,17,11.0,68950.95,44247.47,24703.48,43,5.05
2025-06-24,East,10,7.0,26675.8,15522.74,11153.06,20,3.55
2025-06-24,West,11,7.0,34310.36,19326.14,14984.22,18,4.89
2025-06-24,Central,18,14.0,45294.72,24919.96,20374.76,31,6.19
2025-06-25,North,16,11.0,48589.17,34719.73,13869.44,31,5.26
2025-06-25,South,11,8.0,24281.02,14290.7,9990.32,27,1.57
2025-06-25,East,15,11.0,51684.52,32042.91,19641.61,38,6.28
2025-06-25,West,11,8.0,39166.49,27199.3,11967.19,24,5.88
2025-06-25,Central,13,10.0,35150.17,20672.75,14477.42,20,7.31
2025-06-26,North,12,9.0,42775.58,29962.89,12812.69,17,3.87
2025-06-26,South,16,12.0,47335.03,29881.13,17453.9,21,1.65
2025-06-26,East,15,10.0,40346.72,28314.02,12032.7,33,7.02
2025-06-26,West,18,13.0,62060.82,43182.6,18878.22,39,2.62
2025-06-26,Central,15,10.0,52808.73,32427.8,20380.93,26,6.41
2025-06-27,North,20,15.0,50713.92,33977.04,16736.88,34,6.06
2025-06-27,South,19,16.0,60255.54,33353.28,26902.26,44,5.04
2025-06-27,East,18,12.0,46461.26,26275.09,20186.17,43,4.31
2025-06-27,West,15,11.0,47742.86,29580.32,18162.54,26,2.03
2025-06-27,Central,15,12.0,60462.56,38916.51,21546.05,29,2.73
2025-06-28,North,12,10.0,37052.74,21664.94,15387.8,16,5.98
2025-06-28,South,16,13.0,40540.31,25386.74,15153.57,39,7.21
2025-06-28,East,9,5.0,30905.74,20728.01,10177.73,13,2.16
2025-06-28,West,12,9.0,49036.66,27716.45,21320.21,21,4.29
2025-06-28,Central,7,5.0,18934.38,12726.0,6208.38,14,5.13
2025-06-29,North,12,8.0,26670.81,15339.66,11331.15,30,8.29
2025-06-29,South,17,13.0,60139.49,39216.56,20922.93,26,8.34
2025-06-29,East,17,14.0,54864.03,37536.16,17327.87,30,4.89
2025-06-29,West,12,9.0,31865.02,17687.79,14177.23,22,6.96
2025-06-29,Central,14,10.0,43770.8,29997.99,13772.81,28,2.71
2025-06-30,North,11,9.0,26726.62,17030.46,9696.16,24,7.49
2025-06-30,South,11,9.0,45442.62,28520.79,16921.83,23,2.77
2025-06-30,East,23,18.0,80122.41,47534.03,32588.38,46,3.33
2025-06-30,West,13,10.0,46350.79,29134.14,17216.65,28,6.85
2025-06-30,Central,12,9.0,28223.15,16176.24,12046.91,22,5.04
2025-07-01,North,14,10.0,57521.67,33325.59,24196.08,19,2.9
2025-07-01,South,10,8.0,27853.39,17901.04,9952.35,22,4.34
2025-07-01,East,11,7.0,37706.91,25442.72,12264.19,24,7.02
2025-07-01,West,16,12.0,40363.02,27266.19,13096.83,41,5.03
2025-07-01,Central,11,9.0,40667.56,25980.86,14686.7,18,3.01
2025-07-02,North,9,7.0,31582.2,18757.71,12824.49,14,6.29
2025-07-02,South,14,12.0,46373.52,33032.07,13341.45,23,5.26
2025-07-02,East,9,7.0,25586.91,18115.84,7471.07,13,8.45
2025-07-02,West,16,12.0,60785.65,39193.67,21591.98,24,3.45
2025-07-02,Central,10,8.0,27459.5,17296.56,10162.94,25,7.04
2025-07-03,North,18,13.0,41771.19,24453.81,17317.38,29,3.8
2025-07-03,South,12,9.0,41048.95,24508.36,16540.59,19,6.26
2025-07-03,East,19,16.0,72954.31,50687.83,22266.48,45,5.37
2025-07-03,West,7,6.0,18153.81,11364.41,6789.4,10,5.27
2025-07-03,Central,5,3.0,13251.48,8411.54,4839.94,10,2.53
2025-07-04,North,16,13.0,49663.74,27596.63,22067.11,33,2.96
2025-07-04,South,15,10.0,57788.03,41447.45,16340.58,29,3.31
2025-07-04,East,17,12.0,55915.55,38900.79,17014.76,40,2.53
2025-07-04,West,20,15.0,59643.94,34128.66,25515.28,43,2.4
2025-07-04,Central,21,15.0,86168.52,51776.2,34392.32,33,3.42
2025-07-05,North,9,6.0,31874.12,18381.18,13492.94,17,6.43
2025-07-05,South,17,13.0,44253.09,28651.62,15601.47,27,2.51
2025-07-05,East,21,18.0,57841.62,34088.74,23752.88,41,8.2
2025-07-05,West,10,8.0,38405.41,27544.37,10861.04,25,5.99
2025-07-05,Central,14,10.0,43637.77,25149.67,18488.1,19,2.12
2025-07-06,North,12,10.0,41129.04,26532.7,14596.34,22,4.59
2025-07-06,South,14,10.0,47087.38,31903.62,15183.76,33,3.36
2025-07-06,East,14,11.0,51467.6,33348.0,18119.6,20,6.4
2025-07-06,West,15,10.0,36729.27,26264.03,10465.24,36,3.43
2025-07-06,Central,13,9.0,44872.58,28477.15,16395.43,25,6.4
2025-07-07,North,13,9.0,38458.5,23309.22,15149.28,20,6.83
2025-07-07,South,12,9.0,42311.23,25808.01,16503.22,29,5.45
2025-07-07,East,16,14.0,43566.48,30564.71,13001.77,37,2.35
2025-07-07,West,18,13.0,61075.96,40602.97,20472.99,34,6.69
2025-07-07,Central,19,13.0,47062.42,30924.65,16137.77,29,2.92
2025-07-08,North,10,7.0,41287.8,28520.45,12767.35,14,6.21
2025-07-08,South,13,9.0,41442.89,27501.77,13941.12,30,6.96
2025-07-08,East,9,6.0,33536.47,21869.01,11667.46,13,2.42
2025-07-08,West,10,8.0,23019.25,14693.09,8326.16,22,8.12
2025-07-08,Central,7,5.0,17347.94,10536.16,6811.78,9,5.03
2025-07-09,North,23,19.0,51004.66,34583.8,16420.86,31,5.82
2025-07-09,South,11,7.0,40180.33,23620.66,16559.67,23,5.58
2025-07-09,East,19,15.0,72191.16,48688.69,23502.47,29,3.43
2025-07-09,West,14,12.0,32061.38,17905.28,14156.1,30,7.36
2025-07-09,Central,23,19.0,74304.78,46918.49,27386.29,55,7.31
2025-07-10,North,14,10.0,44144.42,27164.07,16980.35,19,2.91
2025-07-10,South,16,10.0,64037.67,36076.2,27961.47,30,3.06
2025-07-10,East,8,6.0,26036.74,15468.66,10568.08,11,1.67
2025-07-10,West,17,11.0,58611.25,40954.51,17656.74,41,6.72
2025-07-10,Central,9,6.0,28503.6,18894.46,9609.14,13,8.31
2025-07-11,North,13,8.0,31945.06,20793.41,11151.65,19,8.17
2025-07-11,South,16,13.0,41022.08,26443.04,14579.04,29,6.97
2025-07-11,East,18,11.0,60401.48,41602.84,18798.64,35,2.4
2025-07-11,West,9,7.0,34996.68,21573.74,13422.94,16,7.86
2025-07-11,Central,18,13.0,71462.31,41643.65,29818.66,27,4.21
2025-07-12,North,12,10.0,46294.86,25557.99,20736.87,15,3.49
2025-07-12,South,12,7.0,32242.37,18326.25,13916.12,27,4.7
2025-07-12,East,9,6.0,24811.88,15141.29,9670.59,12,8.36
2025-07-12,West,11,7.0,39798.34,23987.75,15810.59,19,5.37
2025-07-12,Central,18,14.0,71622.75,46041.45,25581.3,24,7.77
2025-07-13,North,10,7.0,32473.11,23158.88,9314.23,15,8.23
2025-07-13,South,17,15.0,51327.64,31898.97,19428.67,23,6.8
2025-07-13,East,14,12.0,52637.73,37770.56,14867.17,23,3.92
2025-07-13,West,17,11.0,37794.83,21698.63,16096.2,26,3.63
2025-07-13,Central,6,5.0,18439.97,12505.74,5934.23,8,8.36
2025-07-14,North,19,12.0,47530.0,27822.1,19707.9,27,1.93
2025-07-14,South,6,4.0,14120.4,8786.57,5333.83,7,5.97
2025-07-14,East,17,13.0,53570.12,36119.28,17450.84,33,7.11
2025-07-14,West,18,14.0,54557.25,37433.32,17123.93,39,2.03
2025-07-14,Central,8,7.0,30707.64,18541.65,12165.99,18,6.97
2025-07-15,North,18,13.0,51491.72,29357.15,22134.57,24,6.76
2025-07-15,South,17,14.0,54056.57,35906.47,18150.1,43,2.9
2025-07-15,East,11,7.0,26338.69,18005.13,8333.56,20,5.65
2025-07-15,West,17,14.0,65417.98,45438.99,19978.99,42,7.61
2025-07-15,Central,17,13.0,64893.24,46451.01,18442.23,27,3.23
2025-07-16,North,11,8.0,44179.37,31522.35,12657.02,27,7.4
2025-07-16,South,12,8.0,30351.65,17077.65,13274.0,16,3.44
2025-07-16,East,15,10.0,42472.28,24978.08,17494.2,32,7.75
2025-07-16,West,16,10.0,66656.58,44947.65,21708.93,25,5.96
2025-07-16,Central,15,11.0,37765.04,27070.24,10694.8,37,5.21
2025-07-17,North,10,8.0,26423.33,15719.72,10703.61,17,2.78
2025-07-17,South,12,10.0,31221.27,17442.29,13778.98,19,8.05
2025-07-17,East,15,11.0,52956.96,32616.11,20340.85,36,8.17
2025-07-17,West,9,6.0,22584.78,12556.01,10028.77,19,6.59
2025-07-17,Central,17,12.0,44469.88,28964.74,15505.14,22,1.67
2025-07-18,North,12,10.0,42079.65,28602.96,13476.69,28,3.99
2025-07-18,South,14,9.0,57925.09,37131.45,20793.64,31,4.92
2025-07-18,East,12,9.0,37468.8,22593.88,14874.92,25,2.15
2025-07-18,West,11,8.0,29607.83,18211.46,11396.37,24,5.69
2025-07-18,Central,13,11.0,39536.63,22958.22,16578.41,19,7.51
2025-07-19,North,15,11.0,59656.84,40965.01,18691.83,24,6.12
2025-07-19,South,18,11.0,48982.45,34369.55,14612.9,44,6.82
2025-07-19,East,9,8.0,36922.24,20727.98,16194.26,16,3.97
2025-07-19,West,15,11.0,44701.43,29450.53,15250.9,20,7.27
2025-07-19,Central,14,9.0,46904.87,30695.14,16209.73,35,4.63
2025-07-20,North,16,13.0,35924.6,21683.59,14241.01,27,2.19
2025-07-20,South,14,9.0,39374.17,25015.4,14358.77,20,2.97
2025-07-20,East,10,6.0,25787.57,16969.19,8818.38,23,6.7
2025-07-20,West,15,11.0,58092.3,33440.52,24651.78,34,5.92
2025-07-20,Central,17,12.0,63106.59,37913.85,25192.74,33,5.6
2025-07-21,North,16,11.0,57934.63,33348.77,24585.86,39,3.02
2025-07-21,South,9,7.0,23299.72,14627.42,8672.3,17,7.81
2025-07-21,East,18,12.0,74190.58,44484.79,29705.79,39,5.51
2025-07-21,West,10,7.0,26660.54,15737.35,10923.19,25,7.34
2025-07-21,Central,14,11.0,31681.4,19914.62,11766.78,32,3.99
2025-07-22,North,15,12.0,46093.53,29761.4,16332.13,35,4.4
2025-07-22,South,18,15.0,54631.83,32306.7,22325.13,37,4.52
2025-07-22,East,15,11.0,38934.72,24011.63,14923.09,20,3.84
2025-07-22,West,16,11.0,61149.28,43562.33,17586.95,29,2.42
2025-07-22,Central,16,13.0,54038.76,36874.85,17163.91,31,7.68
2025-07-23,North,20,17.0,45536.26,31051.82,14484.44,40,6.4
2025-07-23,South,12,8.0,45554.55,31838.69,13715.86,15,4.12
2025-07-23,East,12,9.0,26606.33,18089.13,8517.2,26,5.06
2025-07-23,West,17,12.0,49158.59,32356.59,16802.0,28,7.89
2025-07-23,Central,16,12.0,58883.39,34912.4,23970.99,25,2.29
2025-07-24,North,12,8.0,33650.92,18937.07,14713.85,19,5.64
2025-07-24,South,11,9.0,34547.47,20565.45,13982.02,23,6.26
2025-07-24,East,13,9.0,43959.27,31344.95,12614.32,28,4.6
2025-07-24,West,20,16.0,62336.0,39516.09,22819.91,44,6.68
2025-07-24,Central,16,11.0,40178.06,28043.26,12134.8,23,2.4
2025-07-25,North,13,8.0,45851.69,29987.79,15863.9,21,7.77
2025-07-25,South,18,14.0,63849.17,38069.36,25779.81,42,4.88
2025-07-25,East,16,10.0,50761.71,36425.11,14336.6,24,3.31
2025-07-25,West,13,10.0,44209.93,27395.93,16814.0,19,4.27
2025-07-25,Central,13,11.0,54456.88,30301.09,24155.79,18,7.52
2025-07-26,North,14,11.0,37277.19,22730.64,14546.55,20,3.2
2025-07-26,South,15,11.0,45624.74,25563.14,20061.6,23,5.78
2025-07-26,East,14,11.0,54229.51,38982.23,15247.28,29,7.54
2025-07-26,West,15,12.0,59002.68,39569.66,19433.02,37,6.4
2025-07-26,Central,10,8.0,32263.94,19033.63,13230.31,23,3.54
2025-07-27,North,19,14.0,79349.35,46322.54,33026.81,40,6.84
2025-07-27,South,10,8.0,36366.1,20819.35,15546.75,22,7.3
2025-07-27,East,19,16.0,57840.98,38220.39,19620.59,42,2.35
2025-07-27,West,15,10.0,45194.93,32496.02,12698.91,21,4.36
2025-07-27,Central,18,14.0,42478.3,26387.7,16090.6,27,7.13
2025-07-28,North,18,12.0,40696.7,25953.81,14742.89,33,6.82
2025-07-28,South,6,4.0,14801.39,8254.92,6546.47,10,6.96
2025-07-28,East,20,13.0,77070.54,48723.79,28346.75,30,6.81
2025-07-28,West,18,11.0,57328.44,35917.46,21410.98,25,8.44
2025-07-28,Central,15,13.0,62479.91,34711.69,27768.22,22,2.93
2025-07-29,North,13,9.0,39366.11,23616.03,15750.08,18,7.37
2025-07-29,South,19,14.0,58697.45,38411.94,20285.51,25,4.26
2025-07-29,East,12,10.0,44565.98,31551.94,13014.04,16,4.56
2025-07-29,West,7,5.0,27978.34,16468.05,11510.29,12,4.26
2025-07-29,Central,14,11.0,52617.31,30038.65,22578.66,18,7.01
2025-07-30,North,12,8.0,30700.13,19687.74,11012.39,15,6.58
2025-07-30,South,14,12.0,57257.84,32784.31,24473.53,24,5.48
2025-07-30,East,17,14.0,60521.97,34815.81,25706.16,25,1.65
2025-07-30,West,9,7.0,37543.08,26840.33,10702.75,21,7.62
2025-07-30,Central,13,11.0,45788.49,26285.83,19502.66,23,3.37
2025-07-31,North,17,13.0,70544.1,50197.07,20347.03,37,1.76
2025-07-31,South,12,8.0,26676.53,15990.06,10686.47,26,6.43
2025-07-31,East,6,4.0,23105.97,13461.75,9644.22,9,6.78
2025-07-31,West,13,10.0,53403.64,37263.95,16139.69,24,2.59
2025-07-31,Central,14,11.0,48664.49,27969.9,20694.59,24,5.01
2025-08-01,North,9,8.0,27903.81,17520.55,10383.26,15,2.09
2025-08-01,South,13,11.0,51422.19,30120.58,21301.61,28,2.82
2025-08-01,East,12,9.0,38923.18,24035.3,14887.88,26,5.04
2025-08-01,West,14,9.0,44737.05,27771.46,16965.59,20,3.55
2025-08-01,Central,12,8.0,31618.29,21164.17,10454.12,18,3.78
2025-08-02,North,13,9.0,31512.8,20363.27,11149.53,23,3.66
2025-08-02,South,12,9.0,32894.01,21124.09,11769.92,29,7.33
2025-08-02,East,18,14.0,56797.4,37755.93,19041.47,23,2.95
2025-08-02,West,8,6.0,19957.9,13089.84,6868.06,11,2.08
2025-08-02,Central,21,14.0,56861.28,36825.08,20036.2,32,2.01
2025-08-03,North,13,9.0,44055.05,26200.6,17854.45,24,4.29
2025-08-03,South,16,10.0,40294.87,24711.77,15583.1,41,4.97
2025-08-03,East,16,11.0,50577.03,33841.19,16735.84,33,5.92
2025-08-03,West,20,14.0,76650.7,50959.17,25691.53,49,7.52
2025-08-03,Central,16,14.0,40864.22,28854.88,12009.34,26,3.44
2025-08-04,North,14,10.0,47468.83,33924.89,13543.94,31,5.17
2025-08-04,South,11,8.0,36323.8,24680.95,11642.85,27,2.32
2025-08-04,East,22,15.0,65639.87,36950.57,28689.3,41,8.06
2025-08-04,West,16,13.0,45692.59,28948.24,16744.35,36,3.01
2025-08-04,Central,5,3.0,16032.9,9063.06,6969.84,11,4.31
2025-08-05,North,10,7.0,32544.15,21804.43,10739.72,24,6.88
2025-08-05,South,13,9.0,37394.42,23709.91,13684.51,31,4.47
2025-08-05,East,14,10.0,45716.89,30542.02,15174.87,23,6.33
2025-08-05,West,15,10.0,40023.76,26410.63,13613.13,38,2.64
2025-08-05,Central,11,9.0,26525.66,17393.14,9132.52,28,4.38
2025-08-06,North,11,9.0,27772.9,19896.77,7876.13,21,4.2
2025-08-06,South,21,15.0,67132.36,42480.08,24652.28,30,3.26
2025-08-06,East,17,13.0,59902.06,38088.79,21813.27,41,3.2
2025-08-06,West,18,15.0,41116.11,27557.59,13558.52,29,4.99
2025-08-06,Central,13,11.0,30397.18,17849.6,12547.58,18,5.85
2025-08-07,North,13,8.0,35809.82,22590.06,13219.76,17,3.77
2025-08-07,South,12,7.0,48788.58,30078.16,18710.42,24,4.01
2025-08-07,East,19,14.0,54028.3,36364.27,17664.03,38,2.56
2025-08-07,West,12,8.0,44517.09,26342.94,18174.15,24,5.03
2025-08-07,Central,11,7.0,33297.46,20653.02,12644.44,17,7.59
2025-08-08,North,17,13.0,38017.03,21568.88,16448.15,27,6.84
2025-08-08,South,18,14.0,70826.22,50005.98,20820.24,30,5.44
2025-08-08,East,11,8.0,36159.9,24797.73,11362.17,18,5.0
2025-08-08,West,18,13.0,51887.95,36975.0,14912.95,43,2.75
2025-08-08,Central,16,11.0,39046.29,21899.92,17146.37,34,4.02
2025-08-09,North,10,8.0,41051.1,23428.48,17622.62,24,5.29
2025-08-09,South,22,15.0,77994.49,53388.6,24605.89,44,5.8
2025-08-09,East,8,6.0,29930.85,16669.09,13261.76,11,2.73
2025-08-09,West,13,11.0,39648.87,21980.14,17668.73,31,2.98
2025-08-09,Central,6,4.0,13540.7,9138.81,4401.89,12,7.46
2025-08-10,North,17,13.0,58151.45,36350.9,21800.55,25,3.6
2025-08-10,South,10,7.0,30276.76,20391.55,9885.21,25,3.61
2025-08-10,East,21,14.0,59672.53,34484.39,25188.14,31,5.87
2025-08-10,West,9,6.0,24595.57,16364.12,8231.45,13,1.94
2025-08-10,Central,15,10.0,46845.74,29968.03,16877.71,28,6.6
2025-08-11,North,16,13.0,56923.22,36015.46,20907.76,35,6.75
2025-08-11,South,9,6.0,24569.71,15380.68,9189.03,19,5.49
2025-08-11,East,14,9.0,38440.91,22620.26,15820.65,32,2.18
2025-08-11,West,11,9.0,37222.37,26320.41,10901.96,15,5.28
2025-08-11,Central,11,9.0,34850.24,21745.42,13104.82,14,8.15
2025-08-12,North,10,8.0,36836.48,23532.55,13303.93,20,5.04
2025-08-12,South,15,12.0,56701.67,32162.1,24539.57,29,7.12
2025-08-12,East,15,9.0,56091.29,37722.37,18368.92,33,5.06
2025-08-12,West,9,7.0,23333.86,15773.49,7560.37,19,7.24
2025-08-12,Central,14,10.0,57970.19,32677.82,25292.37,23,2.35
2025-08-13,North,14,10.0,43763.01,25085.84,18677.17,21,5.03
2025-08-13,South,13,10.0,41228.88,22972.95,18255.93,17,4.27
2025-08-13,East,13,10.0,51963.59,30389.26,21574.33,24,6.87
2025-08-13,West,20,15.0,55470.84,38038.94,17431.9,48,5.46
2025-08-13,Central,20,16.0,73558.35,44790.52,28767.83,50,6.08
2025-08-14,North,16,12.0,40656.58,26324.42,14332.16,23,6.6
2025-08-14,South,15,12.0,34459.7,21171.98,13287.72,36,4.54
2025-08-14,East,7,5.0,17148.6,11289.89,5858.71,17,6.43
2025-08-14,West,9,7.0,26981.2,17322.89,9658.31,12,4.59
2025-08-14,Central,17,14.0,55056.03,37568.2,17487.83,33,8.27
2025-08-15,North,3,2.0,9164.17,5286.21,3877.96,4,6.35
2025-08-15,South,12,8.0,32409.22,21259.88,11149.34,15,6.32
2025-08-15,East,8,6.0,28650.74,19012.19,9638.55,19,2.03
2025-08-15,West,19,13.0,60622.29,42856.9,17765.39,45,5.65
2025-08-15,Central,17,11.0,56302.01,32771.75,23530.26,37,6.75
2025-08-16,North,15,11.0,56998.25,35899.22,21099.03,34,6.17
2025-08-16,South,9,6.0,23079.11,15749.5,7329.61,18,6.65
2025-08-16,East,12,10.0,36890.16,21019.94,15870.22,21,2.78
2025-08-16,West,14,12.0,56977.97,40000.16,16977.81,24,5.04
2025-08-16,Central,7,5.0,18856.68,13097.16,5759.52,16,8.0
2025-08-17,North,9,6.0,26099.61,16144.1,9955.51,18,3.9
2025-08-17,South,15,9.0,44853.97,24705.86,20148.11,24,8.18
2025-08-17,East,12,9.0,48865.87,29714.62,19151.25,28,5.8
2025-08-17,West,8,6.0,32065.48,21826.71,10238.77,18,5.79
2025-08-17,Central,11,7.0,41912.14,28741.67,13170.47,23,3.0
2025-08-18,North,8,6.0,33400.43,23944.2,9456.23,18,3.25
2025-08-18,South,9,6.0,33947.99,22952.65,10995.34,15,1.81
2025-08-18,East,16,10.0,48951.51,31740.7,17210.81,28,6.59
2025-08-18,West,10,7.0,41543.43,23683.35,17860.08,21,5.69
2025-08-18,Central,26,18.0,102855.7,65113.07,37742.63,50,4.39
2025-08-19,North,9,6.0,24986.55,16088.18,8898.37,12,3.82
2025-08-19,South,13,11.0,49014.15,31549.86,17464.29,31,5.21
2025-08-19,East,13,10.0,46524.56,30985.38,15539.18,17,8.25
2025-08-19,West,11,8.0,28843.09,16203.42,12639.67,14,2.63
2025-08-19,Central,6,4.0,20409.5,13125.63,7283.87,12,2.5
2025-08-20,North,12,8.0,31608.61,21275.83,10332.78,21,3.8
2025-08-20,South,10,6.0,24202.56,15189.92,9012.64,25,5.73
2025-08-20,East,6,4.0,22037.4,14861.67,7175.73,8,5.25
2025-08-20,West,10,7.0,28919.97,19598.26,9321.71,13,2.34
2025-08-20,Central,14,10.0,49696.16,32163.23,17532.93,26,8.23
2025-08-21,North,17,11.0,59618.02,32997.0,26621.02,29,6.78
2025-08-21,South,19,16.0,68642.8,38128.34,30514.46,26,8.13
2025-08-21,East,8,5.0,26617.76,15154.03,11463.73,17,6.67
2025-08-21,West,10,7.0,33720.9,19468.56,14252.34,21,7.7
2025-08-21,Central,12,10.0,38440.34,25762.89,12677.45,23,1.93
2025-08-22,North,17,11.0,57821.86,36809.92,21011.94,32,5.26
2025-08-22,South,11,9.0,40969.21,25713.1,15256.11,14,5.03
2025-08-22,East,14,10.0,58039.58,35138.49,22901.09,31,5.18
2025-08-22,West,15,9.0,39280.42,27412.85,11867.57,29,7.84
2025-08-22,Central,16,14.0,58894.88,36217.5,22677.38,32,5.34
2025-08-23,North,12,7.0,38881.19,27019.77,11861.42,20,5.68
2025-08-23,South,14,11.0,41967.87,23592.85,18375.02,34,7.16
2025-08-23,East,15,9.0,56161.22,38304.44,17856.78,26,7.58
2025-08-23,West,10,7.0,26631.09,15661.66,10969.43,20,3.96
2025-08-23,Central,14,11.0,35846.1,21474.13,14371.97,35,7.69
2025-08-24,North,8,6.0,30402.81,17948.16,12454.65,14,6.14
2025-08-24,South,10,7.0,24290.76,15162.91,9127.85,13,3.61
2025-08-24,East,8,6.0,24029.65,14390.07,9639.58,17,5.84
2025-08-24,West,7,6.0,19270.89,12022.04,7248.85,12,3.8
2025-08-24,Central,6,5.0,13828.29,8464.09,5364.2,12,2.96
2025-08-25,North,10,7.0,22385.71,15735.52,6650.19,19,6.51
2025-08-25,South,9,5.0,30873.99,17820.48,13053.51,22,7.02
2025-08-25,East,12,10.0,42439.89,24054.48,18385.41,17,8.09
2025-08-25,West,7,5.0,16205.78,10009.07,6196.71,14,7.3
2025-08-25,Central,13,11.0,37079.79,24498.17,12581.62,22,3.99
2025-08-26,North,11,9.0,36667.63,20825.3,15842.33,16,2.72
2025-08-26,South,6,4.0,22291.74,15709.35,6582.39,9,6.58
2025-08-26,East,15,9.0,46302.7,29916.21,16386.49,24,7.99
2025-08-26,West,4,3.0,10613.15,6072.21,4540.94,5,4.93
2025-08-26,Central,17,11.0,41089.94,24987.7,16102.24,26,5.64
2025-08-27,North,9,6.0,36279.33,21368.63,14910.7,11,1.6
2025-08-27,South,11,7.0,28221.84,17071.62,11150.22,24,4.25
2025-08-27,East,15,9.0,44318.97,29094.62,15224.35,32,4.1
2025-08-27,West,13,8.0,43118.72,28863.92,14254.8,25,2.08
2025-08-27,Central,9,7.0,30576.77,19967.75,10609.02,17,6.71
2025-08-28,North,18,12.0,65554.9,39709.82,25845.08,45,2.95
2025-08-28,South,18,14.0,71230.77,46272.73,24958.04,32,4.31
2025-08-28,East,17,12.0,53947.69,38809.26,15138.43,40,3.44
2025-08-28,West,12,10.0,26499.66,14892.68,11606.98,23,5.04
2025-08-28,Central,18,15.0,47441.65,34019.2,13422.45,35,5.88
2025-08-29,North,12,9.0,42754.82,28378.63,14376.19,28,4.66
2025-08-29,South,17,11.0,70101.39,40999.75,29101.64,35,2.15
2025-08-29,East,10,7.0,25111.06,15455.89,9655.17,19,4.37
2025-08-29,West,11,8.0,24533.31,16064.91,8468.4,19,2.98
2025-08-29,Central,18,16.0,72753.28,42701.44,30051.84,33,5.23
2025-08-30,North,10,8.0,22409.82,14453.93,7955.89,19,6.0
2025-08-30,South,16,13.0,42178.94,26043.44,16135.5,26,5.92
2025-08-30,East,14,9.0,53522.65,36690.8,16831.85,23,4.71
2025-08-30,West,11,7.0,31948.19,18343.0,13605.19,18,1.99
2025-08-30,Central,13,10.0,30356.75,21016.43,9340.32,32,8.38
2025-08-31,North,13,10.0,32748.09,21899.39,10848.7,28,2.23
2025-08-31,South,19,16.0,71280.37,51208.11,20072.26,32,4.31
2025-08-31,East,14,12.0,42288.41,27955.72,14332.69,23,2.4
2025-08-31,West,14,10.0,56156.46,37975.92,18180.54,29,7.54
2025-08-31,Central,11,9.0,37979.49,21056.11,16923.38,16,4.12
2025-09-01,North,20,17.0,44173.7,25073.8,19099.9,51,4.19
2025-09-01,South,15,13.0,35994.49,21235.68,14758.81,22,5.15
2025-09-01,East,10,6.0,25930.61,15212.9,10717.71,25,2.29
2025-09-01,West,12,8.0,33687.03,23074.89,10612.14,25,5.3
2025-09-01,Central,9,8.0,34066.23,24059.67,10006.56,20,4.65
2025-09-02,North,10,7.0,40311.09,22839.68,17471.41,14,3.26
2025-09-02,South,11,8.0,39951.98,22509.91,17442.07,22,7.01
2025-09-02,East,7,5.0,25159.45,16881.66,8277.79,13,8.25
2025-09-02,West,11,7.0,45162.53,31055.26,14107.27,26,3.27
2025-09-02,Central,16,13.0,50642.57,35843.41,14799.16,23,6.44
2025-09-03,North,16,14.0,44034.19,25974.03,18060.16,29,5.13
2025-09-03,South,13,8.0,30713.68,17927.06,12786.62,32,2.54
2025-09-03,East,9,6.0,35931.68,20061.93,15869.75,20,5.13
2025-09-03,West,13,11.0,51136.94,33156.47,17980.47,33,6.63
2025-09-03,Central,13,11.0,35631.1,20619.82,15011.28,30,6.41
2025-09-04,North,15,10.0,58658.0,34541.55,24116.45,31,7.17
2025-09-04,South,15,12.0,39919.52,24979.64,14939.88,29,1.97
2025-09-04,East,12,8.0,32167.56,21164.82,11002.74,24,6.41
2025-09-04,West,9,7.0,31977.33,19287.74,12689.59,20,5.15
2025-09-04,Central,6,4.0,17158.21,10202.54,6955.67,14,2.53
2025-09-05,North,15,11.0,53010.97,36772.73,16238.24,30,3.44
2025-09-05,South,10,6.0,22146.0,13114.41,9031.59,14,4.19
2025-09-05,East,7,6.0,24762.02,16360.96,8401.06,17,7.62
2025-09-05,West,15,13.0,38344.73,27278.48,11066.25,29,5.34
2025-09-05,Central,13,11.0,41046.96,28122.74,12924.22,31,3.15
2025-09-06,North,12,8.0,40346.07,29042.81,11303.26,16,4.22
2025-09-06,South,13,9.0,36903.47,21910.85,14992.62,28,2.54
2025-09-06,East,17,11.0,41050.6,22741.96,18308.64,24,6.0
2025-09-06,West,20,15.0,55373.29,38605.96,16767.33,37,4.81
2025-09-06,Central,7,5.0,28868.23,19035.2,9833.03,17,4.28
2025-09-07,North,14,12.0,31430.33,18799.57,12630.76,21,7.61
2025-09-07,South,15,13.0,59601.69,42130.06,17471.63,27,5.61
2025-09-07,East,10,6.0,40042.24,28702.14,11340.1,21,8.14
2025-09-07,West,14,12.0,31217.59,19844.94,11372.65,23,3.95
2025-09-07,Central,14,9.0,31234.07,19597.12,11636.95,34,1.57
2025-09-08,North,15,13.0,41645.99,28558.2,13087.79,26,3.32
2025-09-08,South,9,6.0,25046.76,13866.57,11180.19,18,5.94
2025-09-08,East,11,7.0,30445.29,19971.05,10474.24,27,3.47
2025-09-08,West,16,11.0,55511.7,37128.04,18383.66,28,2.39
2025-09-08,Central,12,8.0,40709.66,27246.25,13463.41,22,6.69
2025-09-09,North,8,7.0,21190.95,12508.08,8682.87,12,2.24
2025-09-09,South,8,5.0,23499.51,13712.34,9787.17,11,7.03
2025-09-09,East,13,11.0,33194.18,19978.89,13215.29,18,4.57
2025-09-09,West,10,7.0,33049.04,21267.09,11781.95,19,4.24
2025-09-09,Central,12,8.0,43535.36,26018.54,17516.82,26,3.07
2025-09-10,North,10,8.0,25826.95,14313.98,11512.97,22,4.92
2025-09-10,South,17,14.0,62549.2,44571.02,17978.18,31,3.92
2025-09-10,East,18,12.0,73348.13,44329.73,29018.4,28,5.14
2025-09-10,West,8,6.0,32093.69,18163.77,13929.92,14,6.03
2025-09-10,Central,12,8.0,36059.96,22949.74,13110.22,23,2.3
2025-09-11,North,13,10.0,48967.65,30415.82,18551.83,17,6.47
2025-09-11,South,21,14.0,46613.66,30421.0,16192.66,40,1.73
2025-09-11,East,12,8.0,29649.28,18818.85,10830.43,19,6.0
2025-09-11,West,10,8.0,30845.64,20030.56,10815.08,22,7.55
2025-09-11,Central,22,16.0,62185.0,42294.65,19890.35,28,3.98
2025-09-12,North,13,9.0,50160.54,35657.84,14502.7,30,2.21
2025-09-12,South,16,13.0,39974.51,23223.34,16751.17,27,3.81
2025-09-12,East,17,11.0,50745.61,29965.15,20780.46,26,2.79
2025-09-12,West,12,9.0,37720.79,26376.07,11344.72,25,6.03
2025-09-12,Central,13,10.0,52082.12,32524.75,19557.37,26,7.29
2025-09-13,North,13,9.0,40561.59,27686.99,12874.6,32,7.43
2025-09-13,South,8,5.0,32089.92,19168.05,12921.87,12,1.88
2025-09-13,East,12,9.0,42239.94,23430.34,18809.6,20,5.99
2025-09-13,West,16,12.0,51701.35,33631.17,18070.18,37,7.86
2025-09-13,Central,14,12.0,31037.25,20781.0,10256.25,33,7.65
2025-09-14,North,11,7.0,38245.46,24552.01,13693.45,22,3.59
2025-09-14,South,15,12.0,46957.44,30335.78,16621.66,22,5.18
2025-09-14,East,17,14.0,62137.73,43476.17,18661.56,42,6.98
2025-09-14,West,13,10.0,29427.83,16278.35,13149.48,21,3.65
2025-09-14,Central,16,10.0,44282.71,29512.5,14770.21,31,2.1
2025-09-15,North,15,12.0,51256.56,30119.3,21137.26,25,5.5
2025-09-15,South,7,4.0,18115.86,10628.95,7486.91,10,7.65
2025-09-15,East,13,11.0,36083.37,20186.22,15897.15,17,7.26
2025-09-15,West,14,12.0,51704.72,35159.44,16545.28,28,3.0
2025-09-15,Central,13,9.0,38381.95,25092.67,13289.28,31,8.33
2025-09-16,North,6,4.0,18876.14,10503.63,8372.51,14,1.82
2025-09-16,South,9,7.0,20168.27,13871.76,6296.51,16,2.91
2025-09-16,East,13,9.0,42621.2,25249.52,17371.68,28,4.38
2025-09-16,West,14,9.0,51903.93,33569.4,18334.53,30,7.23
2025-09-16,Central,19,14.0,46020.47,30425.4,15595.07,32,1.76
2025-09-17,North,15,11.0,46523.79,28662.24,17861.55,28,4.84
2025-09-17,South,7,5.0,16296.51,11112.72,5183.79,16,4.51
2025-09-17,East,8,6.0,21341.77,13333.99,8007.78,11,4.3
2025-09-17,West,7,4.0,23555.31,13231.62,10323.69,15,4.35
2025-09-17,Central,11,9.0,26064.79,18145.04,7919.75,19,4.78
2025-09-18,North,11,7.0,24837.87,16495.73,8342.14,25,8.39
2025-09-18,South,10,6.0,32951.82,21210.37,11741.45,20,6.57
2025-09-18,East,13,10.0,31145.92,20488.94,10656.98,31,4.62
2025-09-18,West,8,5.0,25222.38,15210.33,10012.05,11,4.39
2025-09-18,Central,11,9.0,43041.08,25015.2,18025.88,21,7.98
2025-09-19,North,13,11.0,33695.18,24073.21,9621.97,25,5.45
2025-09-19,South,13,9.0,40936.63,23368.56,17568.07,26,3.96
2025-09-19,East,15,13.0,36911.72,22880.16,14031.56,32,5.64
2025-09-19,West,12,8.0,46970.78,29491.62,17479.16,19,2.46
2025-09-19,Central,8,6.0,29865.35,18523.91,11341.44,20,2.03
2025-09-20,North,15,10.0,35151.84,20981.46,14170.38,32,6.51
2025-09-20,South,14,12.0,52674.69,35889.29,16785.4,30,3.99
2025-09-20,East,13,11.0,31404.54,21606.21,9798.33,33,3.24
2025-09-20,West,7,5.0,26660.16,17526.28,9133.88,17,3.08
2025-09-20,Central,11,8.0,29906.62,19021.42,10885.2,22,8.42
2025-09-21,North,7,5.0,28825.82,17558.93,11266.89,17,3.18
2025-09-21,South,6,4.0,14075.92,8580.52,5495.4,10,6.78
2025-09-21,East,10,7.0,24547.38,16415.06,8132.32,14,8.18
2025-09-21,West,15,10.0,54689.99,34035.42,20654.57,29,7.28
2025-09-21,Central,11,8.0,39535.49,23407.74,16127.75,16,4.32
2025-09-22,North,15,10.0,51990.98,31490.96,20500.02,33,5.63
2025-09-22,South,16,12.0,61350.15,35358.62,25991.53,28,6.73
2025-09-22,East,13,9.0,42472.2,28733.7,13738.5,27,7.39
2025-09-22,West,6,4.0,23851.21,13630.76,10220.45,12,5.6
2025-09-22,Central,16,10.0,53627.04,33614.22,20012.82,33,2.6
2025-09-23,North,7,4.0,28384.99,19413.63,8971.36,11,5.65
2025-09-23,South,12,8.0,30207.54,20737.25,9470.29,28,2.83
2025-09-23,East,13,8.0,37086.02,24234.16,12851.86,31,6.7
2025-09-23,West,10,7.0,40043.38,24898.65,15144.73,23,1.51
2025-09-23,Central,14,9.0,50238.92,31371.35,18867.57,34,5.33
2025-09-24,North,10,8.0,31918.81,17744.98,14173.83,25,3.05
2025-09-24,South,17,12.0,40048.55,26996.56,13051.99,39,5.95
2025-09-24,East,11,9.0,44706.8,30835.86,13870.94,22,2.15
2025-09-24,West,15,13.0,35743.43,21208.89,14534.54,34,2.04
2025-09-24,Central,18,13.0,61331.14,35055.87,26275.27,30,5.98
2025-09-25,North,13,11.0,36688.58,23412.27,13276.31,19,6.58
2025-09-25,South,12,7.0,47056.48,32028.76,15027.72,17,2.25
2025-09-25,East,10,6.0,35321.97,22571.23,12750.74,16,1.69
2025-09-25,West,18,14.0,43018.18,23678.41,19339.77,37,8.46
2025-09-25,Central,10,7.0,37587.65,22619.46,14968.19,24,5.53
2025-09-26,North,10,7.0,26617.51,14839.3,11778.21,23,8.33
2025-09-26,South,11,8.0,27592.96,17525.66,10067.3,15,8.02
2025-09-26,East,6,4.0,21297.63,12562.85,8734.78,12,5.72
2025-09-26,West,10,8.0,22912.12,13753.78,9158.34,15,4.78
2025-09-26,Central,14,11.0,33072.18,21517.16,11555.02,21,1.72
2025-09-27,North,16,10.0,37144.94,24079.76,13065.18,22,3.51
2025-09-27,South,10,8.0,30066.67,17083.54,12983.13,22,5.05
2025-09-27,East,5,3.0,20446.46,11903.77,8542.69,10,7.04
2025-09-27,West,18,15.0,75322.51,42757.68,32564.83,29,8.06
2025-09-27,Central,13,10.0,40610.06,22575.68,18034.38,18,3.31
2025-09-28,North,9,6.0,27011.66,17311.02,9700.64,15,5.08
2025-09-28,South,9,6.0,27886.81,20000.99,7885.82,16,7.97
2025-09-28,East,17,13.0,41602.18,25772.25,15829.93,27,2.84
2025-09-28,West,13,11.0,51337.9,28883.78,22454.12,25,8.38
2025-09-28,Central,15,12.0,39823.13,22626.74,17196.39,22,6.5
2025-09-29,North,17,14.0,59875.28,42043.42,17831.86,24,3.55
2025-09-29,South,13,9.0,41754.02,29728.08,12025.94,21,2.53
2025-09-29,East,18,13.0,46570.32,29977.0,16593.32,32,5.55
2025-09-29,West,13,9.0,39387.89,26491.02,12896.87,33,3.15
2025-09-29,Central,12,9.0,39548.7,22014.48,17534.22,30,4.35
2025-09-30,North,7,6.0,21171.71,12311.36,8860.35,17,8.08
2025-09-30,South,11,8.0,31131.75,17805.46,13326.29,16,1.92
2025-09-30,East,19,12.0,74887.38,46260.69,28626.69,36,5.38
2025-09-30,West,12,8.0,34843.87,24619.99,10223.88,26,8.0
2025-09-30,Central,13,10.0,46587.61,25738.26,20849.35,27,1.5
2025-10-01,North,11,9.0,30645.97,21995.2,8650.77,24,4.07
2025-10-01,South,11,8.0,31642.27,21622.6,10019.67,21,2.14
2025-10-01,East,18,13.0,53384.5,32362.79,21021.71,37,5.89
2025-10-01,West,13,11.0,53807.97,36125.48,17682.49,19,8.02
2025-10-01,Central,15,12.0,33693.98,19981.93,13712.05,26,6.25
2025-10-02,North,11,8.0,30628.4,21198.86,9429.54,17,3.9
2025-10-02,South,16,13.0,39573.72,22599.54,16974.18,25,2.96
2025-10-02,East,15,11.0,35049.16,21808.36,13240.8,31,1.91
2025-10-02,West,12,8.0,37174.43,20709.45,16464.98,25,2.38
2025-10-02,Central,11,8.0,38177.56,22082.59,16094.97,28,2.39
2025-10-03,North,13,11.0,32955.66,21124.32,11831.34,18,2.83
2025-10-03,South,10,8.0,33545.03,21321.32,12223.71,25,2.87
2025-10-03,East,16,11.0,39871.72,23668.19,16203.53,39,4.85
2025-10-03,West,13,11.0,30264.17,21472.93,8791.24,25,2.9
2025-10-03,Central,10,8.0,23932.66,16681.52,7251.14,25,5.02
2025-10-04,North,17,14.0,54834.83,31041.11,23793.72,31,5.7
2025-10-04,South,14,10.0,46909.64,30743.86,16165.78,29,4.61
2025-10-04,East,15,11.0,48513.23,27891.55,20621.68,35,7.92
2025-10-04,West,10,8.0,27534.26,19444.94,8089.32,19,8.15
2025-10-04,Central,13,9.0,49664.15,28231.52,21432.63,20,5.85
2025-10-05,North,10,7.0,23533.35,13444.34,10089.01,14,8.26
2025-10-05,South,12,8.0,37839.17,25312.32,12526.85,30,1.74
2025-10-05,East,10,6.0,24723.62,15180.03,9543.59,23,8.17
2025-10-05,West,14,11.0,45177.15,26319.47,18857.68,23,4.72
2025-10-05,Central,18,14.0,50017.3,27779.01,22238.29,28,5.98
2025-10-06,North,11,9.0,43777.68,25831.88,17945.8,16,2.49
2025-10-06,South,11,9.0,45917.47,31530.44,14387.03,16,6.5
2025-10-06,East,13,11.0,49235.25,34225.53,15009.72,32,2.25
2025-10-06,West,14,9.0,42023.45,23756.64,18266.81,34,8.31
2025-10-06,Central,18,13.0,61959.99,39341.41,22618.58,33,8.09
2025-10-07,North,13,8.0,51866.87,29999.3,21867.57,31,5.05
2025-10-07,South,15,11.0,38580.85,25295.14,13285.71,31,5.53
2025-10-07,East,12,8.0,28787.26,20230.29,8556.97,23,6.15
2025-10-07,West,15,10.0,36873.38,21579.92,15293.46,24,5.73
2025-10-07,Central,13,11.0,46319.43,25977.32,20342.11,26,5.63
2025-10-08,North,10,6.0,30525.15,21722.52,8802.63,18,7.04
2025-10-08,South,13,8.0,52291.61,32100.13,20191.48,32,1.73
2025-10-08,East,16,13.0,35861.89,21886.29,13975.6,21,3.34
2025-10-08,West,10,8.0,23851.16,16800.54,7050.62,17,3.17
2025-10-08,Central,4,2.0,11209.08,7912.53,3296.55,7,6.27
2025-10-09,North,10,8.0,36525.13,20309.06,16216.07,17,2.17
2025-10-09,South,14,12.0,32788.27,20006.3,12781.97,30,5.24
2025-10-09,East,12,8.0,42072.5,23632.22,18440.28,23,6.61
2025-10-09,West,15,12.0,50595.74,30990.78,19604.96,37,7.42
2025-10-09,Central,9,7.0,29421.73,18609.9,10811.83,15,2.63
2025-10-10,North,10,6.0,30095.8,17150.33,12945.47,18,5.71
2025-10-10,South,13,10.0,53860.95,30738.28,23122.67,31,7.69
2025-10-10,East,12,10.0,46268.87,30266.33,16002.54,21,7.89
2025-10-10,West,19,15.0,49189.62,32539.12,16650.5,36,3.32
2025-10-10,Central,14,9.0,51892.37,36540.43,15351.94,33,2.89
2025-10-11,North,6,4.0,24704.68,14254.71,10449.97,11,1.55
2025-10-11,South,9,7.0,29139.37,17977.9,11161.47,15,4.57
2025-10-11,East,13,10.0,50551.07,32966.75,17584.32,23,2.78
2025-10-11,West,21,18.0,62939.96,38467.7,24472.26,37,6.79
2025-10-11,Central,11,7.0,31391.4,22303.06,9088.34,22,5.07
2025-10-12,North,17,12.0,40367.79,28011.0,12356.79,29,2.24
2025-10-12,South,18,15.0,64518.62,45333.97,19184.65,33,2.62
2025-10-12,East,14,10.0,32118.23,22575.85,9542.38,26,5.1
2025-10-12,West,18,16.0,52872.83,33586.3,19286.53,33,4.29
2025-10-12,Central,19,15.0,48015.82,27843.72,20172.1,36,1.56
2025-10-13,North,12,8.0,44337.09,28595.76,15741.33,20,8.48
2025-10-13,South,14,10.0,51463.74,29104.39,22359.35,22,7.77
2025-10-13,East,15,10.0,45234.0,31481.05,13752.95,20,7.46
2025-10-13,West,17,11.0,44039.65,29622.05,14417.6,35,6.41
2025-10-13,Central,14,11.0,53652.98,37991.52,15661.46,25,8.47
2025-10-14,North,12,8.0,30781.97,18750.85,12031.12,27,1.6
2025-10-14,South,11,9.0,26790.21,17358.29,9431.92,15,3.95
2025-10-14,East,14,11.0,56289.03,32199.72,24089.31,31,6.21
2025-10-14,West,14,11.0,53593.21,35263.06,18330.15,34,5.3
2025-10-14,Central,21,14.0,46369.59,28104.16,18265.43,42,3.46
2025-10-15,North,15,12.0,62565.09,42613.15,19951.94,23,6.31
2025-10-15,South,6,3.0,13397.25,8974.69,4422.56,11,6.04
2025-10-15,East,10,8.0,39363.18,27681.77,11681.41,22,3.44
2025-10-15,West,6,4.0,24292.72,14283.48,10009.24,13,5.64
2025-10-15,Central,11,8.0,37015.62,26149.52,10866.1,20,2.02
2025-10-16,North,11,8.0,24922.31,14790.88,10131.43,17,2.26
2025-10-16,South,12,9.0,28463.84,20301.29,8162.55,28,2.7
2025-10-16,East,12,10.0,36283.22,25053.13,11230.09,23,3.5
2025-10-16,West,15,11.0,47114.3,29720.26,17394.04,26,5.13
2025-10-16,Central,12,9.0,34175.85,22409.2,11766.65,17,4.12
2025-10-17,North,6,4.0,19593.98,12079.2,7514.78,9,4.17
2025-10-17,South,13,10.0,33361.66,23585.99,9775.67,23,6.49
2025-10-17,East,22,17.0,86973.04,48893.26,38079.78,38,4.05
2025-10-17,West,12,8.0,41184.32,24599.66,16584.66,19,5.93
2025-10-17,Central,7,5.0,29098.82,20895.64,8203.18,11,5.58
2025-10-18,North,12,8.0,50138.27,30364.66,19773.61,23,7.66
2025-10-18,South,16,13.0,58126.28,40611.44,17514.84,23,5.27
2025-10-18,East,16,12.0,52433.19,34806.39,17626.8,23,3.44
2025-10-18,West,13,8.0,37276.51,23132.42,14144.09,25,8.46
2025-10-18,Central,11,8.0,29765.9,18978.13,10787.77,26,5.97
2025-10-19,North,11,8.0,36238.19,21491.88,14746.31,18,5.11
2025-10-19,South,13,10.0,35130.61,24725.04,10405.57,29,5.78
2025-10-19,East,16,14.0,35554.35,21913.81,13640.54,30,7.3
2025-10-19,West,17,11.0,66562.64,40880.37,25682.27,37,7.24
2025-10-19,Central,12,9.0,41166.83,27808.34,13358.49,21,4.08
2025-10-20,North,13,10.0,50600.59,28710.48,21890.11,31,5.21
2025-10-20,South,15,13.0,46365.37,31121.37,15244.0,32,3.2
2025-10-20,East,13,8.0,41227.6,23560.54,17667.06,32,5.31
2025-10-20,West,9,5.0,26257.31,14585.42,11671.89,13,6.96
2025-10-20,Central,18,11.0,70033.77,47513.03,22520.74,40,1.77
2025-10-21,North,10,7.0,40185.18,22821.56,17363.62,20,6.68
2025-10-21,South,18,12.0,69872.38,45758.98,24113.4,36,3.7
2025-10-21,East,15,13.0,40885.32,29057.68,11827.64,28,6.86
2025-10-21,West,13,11.0,49400.39,28021.87,21378.52,20,4.69
2025-10-21,Central,16,12.0,64901.43,38093.84,26807.59,36,2.36
2025-10-22,North,14,10.0,47203.36,31278.09,15925.27,23,2.79
2025-10-22,South,19,15.0,52524.52,29357.68,23166.84,37,2.84
2025-10-22,East,17,12.0,50091.51,28928.88,21162.63,35,3.09
2025-10-22,West,12,10.0,43954.43,24857.54,19096.89,22,5.57
2025-10-22,Central,19,17.0,75410.47,51788.38,23622.09,34,2.39
2025-10-23,North,8,5.0,33397.04,20878.36,12518.68,18,3.4
2025-10-23,South,13,10.0,40581.66,23069.25,17512.41,23,3.73
2025-10-23,East,9,6.0,36523.03,23624.93,12898.1,21,2.47
2025-10-23,West,8,5.0,18709.31,10451.16,8258.15,14,4.79
2025-10-23,Central,15,10.0,54406.46,30385.03,24021.43,38,4.49
2025-10-24,North,11,10.0,29123.54,19267.55,9855.99,23,6.8
2025-10-24,South,14,12.0,33033.67,22898.93,10134.74,20,4.13
2025-10-24,East,14,9.0,56251.59,37619.72,18631.87,32,7.51
2025-10-24,West,11,9.0,27860.42,16765.52,11094.9,15,6.84
2025-10-24,Central,7,10.0,23553.77,12967.84,10585.93,11,6.74
2025-10-25,North,10,8.0,39584.24,23336.1,16248.14,16,5.03
2025-10-25,South,14,9.0,46340.7,27277.59,19063.11,32,7.73
2025-10-25,East,12,9.0,42999.05,23841.2,19157.85,19,4.05
2025-10-25,West,15,13.0,55172.84,39460.24,15712.6,35,7.47
2025-10-25,Central,11,8.0,38874.3,27876.44,10997.86,20,7.36
2025-10-26,North,15,12.0,50888.41,33112.69,17775.72,37,5.71
2025-10-26,South,17,13.0,39350.88,24153.09,15197.79,40,5.92
2025-10-26,East,12,10.0,50319.77,28884.98,21434.79,25,6.41
2025-10-26,West,11,7.0,35684.26,20502.08,15182.18,19,2.45
2025-10-26,Central,12,9.0,27529.1,17480.47,10048.63,15,6.67
2025-10-27,North,14,10.0,56707.87,35049.9,21657.97,25,5.78
2025-10-27,South,15,10.0,60637.1,43206.91,17430.19,37,2.25
2025-10-27,East,21,14.0,57363.14,35660.53,21702.61,49,2.37
2025-10-27,West,12,10.0,41649.34,27206.1,14443.24,15,3.74
2025-10-27,Central,8,5.0,21056.07,13824.81,7231.26,17,6.67
2025-10-28,North,11,8.0,27106.03,18376.5,8729.53,26,5.18
2025-10-28,South,15,12.0,44153.09,27560.64,16592.45,29,7.13
2025-10-28,East,19,12.0,45629.5,29532.12,16097.38,30,5.05
2025-10-28,West,14,9.0,56916.66,33058.61,23858.05,21,8.01
2025-10-28,Central,17,11.0,62104.92,34933.59,27171.33,23,7.31
2025-10-29,North,12,10.0,27139.53,19083.2,8056.33,19,6.1
2025-10-29,South,12,9.0,35046.78,23086.51,11960.27,16,7.15
2025-10-29,East,17,13.0,55197.99,34971.65,20226.34,24,4.54
2025-10-29,West,5,3.0,15959.95,11076.68,4883.27,8,5.25
2025-10-29,Central,10,8.0,35797.21,22918.56,12878.65,13,6.11
2025-10-30,North,16,14.0,57727.96,34791.78,22936.18,25,2.61
2025-10-30,South,14,9.0,35622.48,23537.35,12085.13,31,3.43
2025-10-30,East,12,10.0,35225.35,23691.18,11534.17,23,4.31
2025-10-30,West,10,8.0,31023.66,21138.97,9884.69,18,8.17
2025-10-30,Central,11,7.0,26239.3,17328.02,8911.28,26,3.68
2025-10-31,North,11,8.0,29043.61,16008.74,13034.87,21,4.62
2025-10-31,South,12,10.0,46696.53,28584.62,18111.91,16,4.86
2025-10-31,East,11,7.0,26212.51,15035.52,11176.99,18,4.2
2025-10-31,West,12,7.0,41261.29,25329.88,15931.41,19,5.42
2025-10-31,Central,14,10.0,37673.4,24321.06,13352.34,33,6.61
2025-11-01,North,10,8.0,33009.28,18511.95,14497.33,14,2.65
2025-11-01,South,13,11.0,39469.08,28313.19,11155.89,28,3.45
2025-11-01,East,13,11.0,30718.92,19909.97,10808.95,32,8.11
2025-11-01,West,8,7.0,18084.45,12326.41,5758.04,19,8.08
2025-11-01,Central,13,10.0,37354.46,25412.93,11941.53,24,1.81
2025-11-02,North,10,8.0,33745.33,20883.83,12861.5,17,3.8
2025-11-02,South,16,12.0,49479.46,33290.66,16188.8,27,1.61
2025-11-02,East,17,11.0,66345.28,43458.36,22886.92,30,4.42
2025-11-02,West,15,10.0,52095.11,35321.72,16773.39,36,4.67
2025-11-02,Central,14,10.0,37334.43,25198.81,12135.62,34,6.15
2025-11-03,North,14,10.0,56074.77,39846.1,16228.67,27,7.85
2025-11-03,South,7,6.0,28761.97,18190.38,10571.59,12,5.19
2025-11-03,East,12,10.0,48425.11,32352.3,16072.81,20,8.46
2025-11-03,West,15,10.0,45388.29,26882.28,18506.01,37,8.22
2025-11-03,Central,10,7.0,34222.11,22111.68,12110.43,25,3.43
2025-11-04,North,8,6.0,33101.91,22201.48,10900.43,19,3.03
2025-11-04,South,7,4.0,19208.04,13247.48,5960.56,12,6.24
2025-11-04,East,13,11.0,34457.67,24140.8,10316.87,28,1.57
2025-11-04,West,15,10.0,45354.61,26703.33,18651.28,21,5.97
2025-11-04,Central,11,8.0,35754.58,23356.37,12398.21,21,2.59
2025-11-05,North,12,8.0,36721.58,20905.67,15815.91,25,5.1
2025-11-05,South,14,11.0,53595.91,32872.98,20722.93,26,4.78
2025-11-05,East,16,14.0,37593.29,21322.16,16271.13,40,6.4
2025-11-05,West,12,8.0,46101.5,26840.53,19260.97,28,3.3
2025-11-05,Central,11,9.0,42440.37,28749.16,13691.21,28,6.33
2025-11-06,North,19,12.0,78792.34,55529.31,23263.03,39,5.02
2025-11-06,South,16,11.0,52084.46,33084.82,18999.64,41,5.28
2025-11-06,East,12,8.0,29737.31,17809.25,11928.06,30,7.66
2025-11-06,West,14,10.0,43906.91,28411.94,15494.97,22,2.41
2025-11-06,Central,18,13.0,44823.33,32195.41,12627.92,40,2.74
2025-11-07,North,19,13.0,78121.22,52623.3,25497.92,29,7.36
2025-11-07,South,4,3.0,14182.85,7987.11,6195.74,8,1.63
2025-11-07,East,11,9.0,45471.48,26673.78,18797.7,23,6.91
2025-11-07,West,11,9.0,35871.05,23963.2,11907.85,14,6.77
2025-11-07,Central,7,6.0,23175.75,13247.22,9928.53,14,3.07
2025-11-08,North,17,12.0,46152.64,30424.02,15728.62,29,4.47
2025-11-08,South,13,8.0,38689.64,21738.56,16951.08,33,1.88
2025-11-08,East,8,5.0,28750.79,19584.54,9166.25,14,3.43
2025-11-08,West,14,12.0,45047.03,29573.12,15473.91,34,6.35
2025-11-08,Central,9,6.0,27670.88,18439.56,9231.32,15,2.06
2025-11-09,North,14,12.0,45351.23,28369.62,16981.61,25,5.03
2025-11-09,South,13,11.0,48802.79,27180.2,21622.59,24,7.84
2025-11-09,East,13,10.0,33680.05,21212.8,12467.25,32,7.71
2025-11-09,West,12,8.0,46905.38,33360.3,13545.08,18,8.11
2025-11-09,Central,14,9.0,42320.83,23886.21,18434.62,23,5.36
2025-11-10,North,13,9.0,30588.0,16874.22,13713.78,20,7.74
2025-11-10,South,12,8.0,39456.13,25917.24,13538.89,27,2.46
2025-11-10,East,11,9.0,36721.56,24500.97,12220.59,21,2.59
2025-11-10,West,15,11.0,50668.0,31689.3,18978.7,33,5.17
2025-11-10,Central,17,11.0,53594.6,31428.7,22165.9,26,3.47
2025-11-11,North,8,6.0,22817.24,12666.8,10150.44,18,3.88
2025-11-11,South,18,14.0,68637.43,42289.29,26348.14,28,2.93
2025-11-11,East,20,15.0,46867.1,27348.88,19518.22,47,7.77
2025-11-11,West,8,6.0,19547.01,12981.9,6565.11,18,5.65
2025-11-11,Central,7,5.0,20041.72,13434.13,6607.59,17,2.52
2025-11-12,North,20,14.0,57738.68,32095.69,25642.99,31,3.02
2025-11-12,South,13,10.0,47968.89,33144.35,14824.54,33,1.63
2025-11-12,East,12,9.0,26604.56,15454.34,11150.22,27,7.59
2025-11-12,West,8,5.0,27317.93,16701.28,10616.65,14,5.03
2025-11-12,Central,9,6.0,19862.22,12702.56,7159.66,18,7.67
2025-11-13,North,10,7.0,22031.51,15792.85,6238.66,23,7.51
2025-11-13,South,10,8.0,41254.71,27132.16,14122.55,24,5.8
2025-11-13,East,15,12.0,43159.13,25562.94,17596.19,38,7.91
2025-11-13,West,14,9.0,41717.38,28076.57,13640.81,18,7.35
2025-11-13,Central,6,4.0,18443.17,10279.37,8163.8,8,3.0
2025-11-14,North,14,11.0,42922.21,29758.79,13163.42,30,5.69
2025-11-14,South,15,12.0,40794.65,24504.51,16290.14,27,8.22
2025-11-14,East,12,10.0,40750.79,22960.68,17790.11,28,5.75
2025-11-14,West,10,6.0,36013.32,25394.13,10619.19,24,7.71
2025-11-14,Central,10,8.0,27274.16,16090.83,11183.33,13,2.18
2025-11-15,North,3,2.0,7048.63,3878.74,3169.89,5,6.34
2025-11-15,South,13,10.0,37281.05,24695.11,12585.94,25,5.01
2025-11-15,East,12,7.0,43303.88,29170.25,14133.63,20,5.59
2025-11-15,West,17,11.0,47588.27,32132.39,15455.88,41,7.03
2025-11-15,Central,18,12.0,45566.49,29593.6,15972.89,29,4.3
2025-11-16,North,12,9.0,33233.28,19672.23,13561.05,20,6.36
2025-11-16,South,8,5.0,30202.67,20625.6,9577.07,20,7.49
2025-11-16,East,18,13.0,57633.12,36014.49,21618.63,28,2.48
2025-11-16,West,18,15.0,61229.76,36399.39,24830.37,45,6.2
2025-11-16,Central,11,9.0,37295.97,25793.5,11502.47,15,3.84
2025-11-17,North,12,10.0,42426.63,27281.39,15145.24,19,4.3
2025-11-17,South,13,10.0,50004.23,34807.61,15196.62,20,6.58
2025-11-17,East,21,17.0,54532.02,30200.97,24331.05,42,2.44
2025-11-17,West,9,7.0,27648.31,16302.81,11345.5,12,1.61
2025-11-17,Central,10,6.0,24087.37,13718.41,10368.96,22,7.14
2025-11-18,North,9,6.0,24005.75,16794.66,7211.09,13,4.57
2025-11-18,South,8,5.0,23025.01,15249.98,7775.03,13,7.51
2025-11-18,East,10,8.0,32672.33,18154.83,14517.5,15,2.43
2025-11-18,West,15,11.0,48809.67,34886.28,13923.39,38,6.23
2025-11-18,Central,17,14.0,68908.98,47896.47,21012.51,42,7.02
2025-11-19,North,14,11.0,53785.04,36431.67,17353.37,29,7.66
2025-11-19,South,14,9.0,36552.23,23368.15,13184.08,30,6.85
2025-11-19,East,14,12.0,40414.61,26623.66,13790.95,31,1.66
2025-11-19,West,13,11.0,41708.24,27132.44,14575.8,31,2.07
2025-11-19,Central,13,8.0,50752.82,30204.78,20548.04,26,4.77
2025-11-20,North,11,7.0,25493.58,14892.94,10600.64,19,2.06
2025-11-20,South,14,12.0,47541.9,34143.18,13398.72,25,4.07
2025-11-20,East,15,10.0,56348.45,36754.96,19593.49,27,7.55
2025-11-20,West,13,9.0,47056.12,29737.89,17318.23,26,2.29
2025-11-20,Central,14,9.0,56050.34,37915.71,18134.63,32,6.58
2025-11-21,North,15,11.0,48682.23,31623.09,17059.14,30,3.21
2025-11-21,South,11,7.0,28956.62,20183.13,8773.49,25,7.33
2025-11-21,East,11,9.0,34165.38,20814.81,13350.57,20,1.89
2025-11-21,West,14,11.0,48570.21,29688.74,18881.47,23,4.75
2025-11-21,Central,10,6.0,38210.02,21649.92,16560.1,22,3.76
2025-11-22,North,11,9.0,34908.23,19920.91,14987.32,16,7.28
2025-11-22,South,16,14.0,59462.84,39385.79,20077.05,35,4.23
2025-11-22,East,14,11.0,51678.21,32540.03,19138.18,23,8.24
2025-11-22,West,11,9.0,28602.97,20241.32,8361.65,20,7.84
2025-11-22,Central,10,7.0,24579.17,15367.23,9211.94,14,2.3
2025-11-23,North,12,8.0,40182.34,25682.02,14500.32,15,6.01
2025-11-23,South,16,13.0,53616.03,38254.55,15361.48,27,7.45
2025-11-23,East,13,11.0,46588.67,29025.32,17563.35,19,4.45
2025-11-23,West,10,6.0,39727.24,23108.09,16619.15,20,4.56
2025-11-23,Central,5,4.0,13391.06,7958.38,5432.68,8,4.93
2025-11-24,North,16,10.0,58463.47,35283.89,23179.58,29,5.45
2025-11-24,South,11,9.0,39917.43,28031.06,11886.37,22,5.91
2025-11-24,East,13,11.0,47792.15,27189.51,20602.64,21,3.03
2025-11-24,West,10,7.0,27377.89,17894.78,9483.11,21,5.64
2025-11-24,Central,11,7.0,34405.98,23821.02,10584.96,28,1.59
2025-11-25,North,19,14.0,67676.65,37790.78,29885.87,43,2.26
2025-11-25,South,16,10.0,46495.65,30689.63,15806.02,33,7.9
2025-11-25,East,7,5.0,15591.54,9948.31,5643.23,17,4.08
2025-11-25,West,9,7.0,25650.11,16341.14,9308.97,14,6.97
2025-11-25,Central,13,9.0,51039.69,35513.83,15525.86,22,2.95
2025-11-26,North,10,7.0,41238.82,26929.49,14309.33,16,6.06
2025-11-26,South,10,7.0,23870.8,16580.13,7290.67,25,4.98
2025-11-26,East,15,10.0,59234.68,34215.93,25018.75,22,4.62
2025-11-26,West,9,7.0,26330.88,18797.41,7533.47,20,6.32
2025-11-26,Central,4,2.0,12256.89,8647.22,3609.67,7,7.06
2025-11-27,North,20,15.0,68656.12,39459.92,29196.2,49,2.01
2025-11-27,South,15,10.0,40530.38,25272.45,15257.93,19,1.94
2025-11-27,East,15,10.0,42043.85,27958.58,14085.27,25,1.72
2025-11-27,West,8,5.0,19618.83,12364.77,7254.06,13,6.56
2025-11-27,Central,15,12.0,60932.64,41667.44,19265.2,28,1.92
2025-11-28,North,12,8.0,50184.42,35719.92,14464.5,30,6.78
2025-11-28,South,11,9.0,43360.83,24615.01,18745.82,25,7.7
2025-11-28,East,10,7.0,23714.36,16513.82,7200.54,21,7.46
2025-11-28,West,13,10.0,40681.06,26528.84,14152.22,30,1.71
2025-11-28,Central,11,8.0,26371.25,17873.79,8497.46,14,5.92
2025-11-29,North,11,7.0,28153.29,15490.1,12663.19,20,6.74
2025-11-29,South,14,11.0,47365.03,29933.25,17431.78,22,5.03
2025-11-29,East,15,10.0,45166.66,24940.32,20226.34,35,5.82
2025-11-29,West,14,11.0,32954.08,20072.45,12881.63,20,7.95
2025-11-29,Central,11,8.0,42390.41,25715.97,16674.44,28,5.76
2025-11-30,North,12,7.0,46371.38,33131.41,13239.97,21,3.46
2025-11-30,South,19,13.0,43704.17,28134.04,15570.13,27,3.32
2025-11-30,East,15,12.0,56555.76,31709.0,24846.76,29,3.69
2025-11-30,West,14,11.0,33708.5,23165.82,10542.68,29,7.65
2025-11-30,Central,15,12.0,43080.68,27431.74,15648.94,38,6.79
2025-12-01,North,16,12.0,48762.66,31428.48,17334.18,33,8.31
2025-12-01,South,15,12.0,58673.0,35060.3,23612.7,21,5.33
2025-12-01,East,11,7.0,43016.31,23772.52,19243.79,27,3.17
2025-12-01,West,16,11.0,58733.56,41904.46,16829.1,35,3.44
2025-12-01,Central,11,7.0,45213.9,29259.84,15954.06,16,7.62
2025-12-02,North,14,9.0,49891.69,34535.07,15356.62,26,2.07
2025-12-02,South,12,10.0,40650.6,28748.54,11902.06,20,6.39
2025-12-02,East,7,5.0,21101.69,12851.9,8249.79,11,1.75
2025-12-02,West,16,12.0,45702.34,29758.5,15943.84,34,8.46
2025-12-02,Central,12,8.0,29710.78,18918.11,10792.67,29,5.08
2025-12-03,North,13,10.0,49298.82,33097.23,16201.59,20,5.47
2025-12-03,South,8,5.0,31223.06,19906.33,11316.73,10,7.52
2025-12-03,East,10,8.0,37535.78,22260.44,15275.34,13,6.74
2025-12-03,West,6,4.0,16280.45,11421.4,4859.05,14,5.58
2025-12-03,Central,17,12.0,52697.06,34877.87,17819.19,42,7.86
2025-12-04,North,9,6.0,34615.88,20458.35,14157.53,20,4.6
2025-12-04,South,13,11.0,35198.7,19940.62,15258.08,28,6.06
2025-12-04,East,10,7.0,28365.68,19164.49,9201.19,17,5.21
2025-12-04,West,15,11.0,52639.18,32361.48,20277.7,21,8.32
2025-12-04,Central,15,11.0,43987.1,24791.64,19195.46,33,1.9
2025-12-05,North,20,13.0,53391.73,30544.1,22847.63,48,4.86
2025-12-05,South,17,12.0,48210.39,29897.41,18312.98,24,1.82
2025-12-05,East,12,10.0,49195.25,27279.62,21915.63,18,3.58
2025-12-05,West,15,10.0,38106.94,21845.2,16261.74,25,3.73
2025-12-05,Central,8,6.0,26175.59,17130.86,9044.73,11,7.41
2025-12-06,North,13,9.0,41715.39,23230.39,18485.0,33,5.37
2025-12-06,South,7,5.0,17986.85,12720.28,5266.57,14,8.16
2025-12-06,East,12,10.0,37621.01,26119.04,11501.97,22,2.75
2025-12-06,West,9,6.0,23812.94,14668.85,9144.09,12,7.87
2025-12-06,Central,12,10.0,29248.12,17928.22,11319.9,24,3.98
2025-12-07,North,12,9.0,38808.17,24143.05,14665.12,18,2.46
2025-12-07,South,14,12.0,44730.01,30609.0,14121.01,34,4.15
2025-12-07,East,19,12.0,65546.67,42221.34,23325.33,38,6.95
2025-12-07,West,22,19.0,77553.06,50217.59,27335.47,29,4.37
2025-12-07,Central,18,15.0,60105.38,38407.83,21697.55,44,3.31
2025-12-08,North,15,10.0,52883.59,30887.41,21996.18,30,1.52
2025-12-08,South,16,12.0,65001.66,45260.87,19740.79,39,8.41
2025-12-08,East,17,14.0,52675.58,36256.9,16418.68,32,5.0
2025-12-08,West,10,6.0,39566.62,21872.51,17694.11,25,2.75
2025-12-08,Central,16,10.0,51883.24,29491.69,22391.55,32,4.14
2025-12-09,North,17,14.0,53794.14,31019.69,22774.45,31,7.5
2025-12-09,South,15,12.0,45329.49,30147.8,15181.69,26,6.19
2025-12-09,East,14,11.0,41911.84,29752.88,12158.96,20,5.35
2025-12-09,West,11,7.0,41422.14,26264.65,15157.49,26,7.45
2025-12-09,Central,13,11.0,36023.02,21948.99,14074.03,29,2.0
2025-12-10,North,13,8.0,34605.72,24886.36,9719.36,22,7.44
2025-12-10,South,9,6.0,31215.47,18956.29,12259.18,18,8.17
2025-12-10,East,18,13.0,60099.46,39729.38,20370.08,29,5.68
2025-12-10,West,12,10.0,30325.31,16890.72,13434.59,29,4.42
2025-12-10,Central,10,8.0,36743.0,22441.66,14301.34,25,4.91
2025-12-11,North,14,9.0,51298.72,34206.81,17091.91,23,7.55
2025-12-11,South,24,18.0,59260.14,36139.0,23121.14,40,5.78
2025-12-11,East,11,9.0,32234.73,19862.29,12372.44,26,7.32
2025-12-11,West,10,7.0,27341.39,17958.78,9382.61,23,8.06
2025-12-11,Central,11,8.0,40480.01,26159.15,14320.86,18,2.92
2025-12-12,North,10,6.0,39796.3,26428.25,13368.05,22,3.0
2025-12-12,South,17,12.0,42218.11,29924.72,12293.39,25,3.0
2025-12-12,East,12,10.0,30060.51,16613.77,13446.74,20,5.03
2025-12-12,West,14,11.0,48049.57,30692.77,17356.8,34,5.99
2025-12-12,Central,18,12.0,56886.78,37129.32,19757.46,27,2.45
2025-12-13,North,11,7.0,24808.27,16185.23,8623.04,22,3.27
2025-12-13,South,9,7.0,23959.91,14718.7,9241.21,22,5.82
2025-12-13,East,13,10.0,40874.42,26391.71,14482.71,25,7.02
2025-12-13,West,12,10.0,41833.25,28669.85,13163.4,19,6.03
2025-12-13,Central,14,11.0,52954.25,32048.11,20906.14,21,1.97
2025-12-14,North,8,5.0,31192.23,17953.43,13238.8,19,4.12
2025-12-14,South,14,9.0,56205.65,35733.04,20472.61,29,4.06
2025-12-14,East,12,8.0,38594.96,25290.71,13304.25,27,1.69
2025-12-14,West,16,12.0,49498.37,31949.4,17548.97,37,5.11
2025-12-14,Central,11,7.0,24310.01,16582.37,7727.64,26,6.06
2025-12-15,North,9,7.0,28893.62,20209.25,8684.37,18,3.73
2025-12-15,South,16,13.0,66174.5,43216.09,22958.41,37,3.03
2025-12-15,East,11,9.0,29161.4,16117.63,13043.77,21,5.64
2025-12-15,West,13,11.0,39938.68,23959.92,15978.76,28,2.64
2025-12-15,Central,16,10.0,37813.67,21244.62,16569.05,37,7.31
2025-12-16,North,15,10.0,42513.65,26280.0,16233.65,30,1.94
2025-12-16,South,11,9.0,41307.04,27009.84,14297.2,23,6.91
2025-12-16,East,15,11.0,44718.06,27896.95,16821.11,30,4.12
2025-12-16,West,12,9.0,45134.71,31009.35,14125.36,15,7.58
2025-12-16,Central,19,16.0,67302.41,37326.38,29976.03,26,2.55
2025-12-17,North,15,9.0,55642.74,36592.59,19050.15,32,7.51
2025-12-17,South,18,15.0,52105.02,29716.53,22388.49,38,4.89
2025-12-17,East,11,7.0,41611.54,26360.94,15250.6,20,7.77
2025-12-17,West,14,9.0,39050.7,23756.02,15294.68,24,2.69
2025-12-17,Central,14,9.0,54201.05,33337.1,20863.95,19,3.27
2025-12-18,North,16,11.0,55038.27,38300.53,16737.74,30,2.68
2025-12-18,South,10,7.0,36141.6,25000.25,11141.35,18,7.71
2025-12-18,East,17,14.0,51242.88,31154.65,20088.23,24,5.3
2025-12-18,West,14,11.0,42556.22,24798.21,17758.01,34,3.7
2025-12-18,Central,12,8.0,49796.9,31565.25,18231.65,27,6.19
2025-12-19,North,14,11.0,31247.15,20119.43,11127.72,20,5.31
2025-12-19,South,13,11.0,53956.8,32390.3,21566.5,22,2.76
2025-12-19,East,12,9.0,35419.22,19603.49,15815.73,29,7.71
2025-12-19,West,8,6.0,31473.47,21313.72,10159.75,15,4.7
2025-12-19,Central,14,9.0,44090.96,25826.54,18264.42,22,8.3
2025-12-20,North,18,11.0,44028.96,24909.44,19119.52,40,5.03
2025-12-20,South,22,18.0,55918.56,38526.7,17391.86,44,2.14
2025-12-20,East,12,10.0,44251.1,26583.66,17667.44,19,8.49
2025-12-20,West,9,6.0,35321.42,21305.74,14015.68,23,8.3
2025-12-20,Central,17,14.0,41969.62,26066.01,15903.61,25,1.62
2025-12-21,North,19,14.0,68165.92,48467.44,19698.48,32,7.87
2025-12-21,South,12,7.0,29069.47,17083.18,11986.29,26,2.25
2025-12-21,East,19,15.0,55334.04,38042.75,17291.29,43,7.64
2025-12-21,West,17,13.0,62214.68,38210.58,24004.1,34,8.24
2025-12-21,Central,14,10.0,43616.39,27063.56,16552.83,28,8.14
2025-12-22,North,17,14.0,46934.98,33069.7,13865.28,25,5.59
2025-12-22,South,11,8.0,28018.8,17086.57,10932.23,21,3.18
2025-12-22,East,16,13.0,55679.67,39171.98,16507.69,21,2.09
2025-12-22,West,16,11.0,66172.96,36432.62,29740.34,38,7.74
2025-12-22,Central,13,11.0,50794.1,31908.58,18885.52,32,3.33
2025-12-23,North,13,9.0,41664.73,27284.12,14380.61,29,3.13
2025-12-23,South,9,7.0,29410.38,20454.45,8955.93,21,1.95
2025-12-23,East,12,10.0,45641.42,29840.81,15800.61,20,8.04
2025-12-23,West,11,9.0,37740.59,23917.66,13822.93,15,5.67
2025-12-23,Central,10,6.0,25166.43,17744.81,7421.62,20,1.54
2025-12-24,North,9,6.0,20537.31,13190.56,7346.75,20,7.58
2025-12-24,South,17,12.0,54275.77,30877.49,23398.28,40,1.79
2025-12-24,East,11,10.0,33130.41,19547.29,13583.12,16,7.02
2025-12-24,West,17,14.0,70842.88,40342.05,30500.83,37,2.72
2025-12-24,Central,14,10.0,46847.58,30402.89,16444.69,33,8.02
2025-12-25,North,14,12.0,34883.96,25105.17,9778.79,35,6.95
2025-12-25,South,12,9.0,38665.14,21808.76,16856.38,21,6.6
2025-12-25,East,15,10.0,55003.26,33160.87,21842.39,27,2.6
2025-12-25,West,12,9.0,26921.52,16183.84,10737.68,28,2.76
2025-12-25,Central,12,9.0,28202.6,17218.8,10983.8,27,6.84
2025-12-26,North,8,6.0,25548.66,16612.01,8936.65,15,8.37
2025-12-26,South,9,8.0,26253.72,18404.27,7849.45,13,1.64
2025-12-26,East,18,10.0,66642.2,40410.77,26231.43,29,1.84
2025-12-26,West,12,7.0,37530.52,25740.99,11789.53,29,2.36
2025-12-26,Central,16,12.0,62237.38,34340.09,27897.29,40,2.29
2025-12-27,North,17,14.0,48251.94,27034.47,21217.47,42,2.39
2025-12-27,South,15,13.0,34184.37,21684.86,12499.51,34,3.38
2025-12-27,East,15,10.0,39663.77,23091.8,16571.97,29,3.67
2025-12-27,West,14,11.0,58743.97,32778.87,25965.1,22,8.06
2025-12-27,Central,17,14.0,69794.22,41040.67,28753.55,24,4.03
2025-12-28,North,12,8.0,41603.78,27676.19,13927.59,24,5.94
2025-12-28,South,11,9.0,39242.42,24848.78,14393.64,26,1.57
2025-12-28,East,19,16.0,78637.08,49002.27,29634.81,29,5.18
2025-12-28,West,7,5.0,28589.4,19821.91,8767.49,10,8.39
2025-12-28,Central,12,8.0,32951.52,22757.79,10193.73,21,1.53
2025-12-29,North,15,13.0,60655.49,41435.92,19219.57,27,6.13
2025-12-29,South,13,10.0,37030.79,22435.08,14595.71,25,7.71
2025-12-29,East,10,8.0,28119.15,15860.67,12258.48,23,8.16
2025-12-29,West,13,8.0,45529.77,29832.6,15697.17,18,2.87
2025-12-29,Central,16,13.0,60083.75,34205.06,25878.69,28,6.59
2025-12-30,North,10,6.0,31905.46,20240.2,11665.26,20,2.03
2025-12-30,South,21,17.0,64641.32,41893.32,22748.0,29,6.42
2025-12-30,East,20,17.0,44530.61,26364.47,18166.14,29,1.6
2025-12-30,West,13,9.0,43778.03,30156.47,13621.56,19,7.83
2025-12-30,Central,17,15.0,68170.5,44541.69,23628.81,24,4.55
2025-12-31,North,16,12.0,46392.51,31000.5,15392.01,26,4.61
2025-12-31,South,16,10.0,49696.84,29529.9,20166.94,38,7.24
2025-12-31,East,15,11.0,37089.89,23216.21,13873.68,28,3.19
2025-12-31,West,15,10.0,53159.55,36650.98,16508.57,21,5.8
2025-12-31,Central,14,9.0,47916.27,27835.66,20080.61,36,5.39
