Order_ID,Order_Date,Customer_ID,Product_ID,Product_Name,Category,Region,City,Quantity,Unit_Price,Discount_Percent,Revenue,Cost,Profit,Payment_Method,Order_Status
O000001,2025-06-08,C00175,P0084,Beauty Product 084,Beauty,West,Ahmedabad,1,5715.45,10.0,5143.9,2272.94,2870.96,Wallet,Returned
O000002,2025-05-30,C00042,P0076,Electronics Product 076,Electronics,North,Chandigarh,1,5803.55,20.0,4642.84,4642.84,0.0,UPI,Completed
O000003,2025-11-01,C00475,P0061,Electronics Product 061,Electronics,South,Chennai,1,7647.57,10.0,6882.81,4481.26,2401.55,Wallet,Completed
O000004,2025-08-31,C00054,P0063,Fashion Product 063,Fashion,North,Delhi,3,2531.09,10.0,6833.94,6074.61,759.33,Wallet,Completed
O000005,2025-07-10,C00323,P0056,Electronics Product 056,Electronics,South,Chennai,3,7138.32,5.0,20344.21,6035.64,14308.57,Wallet,Returned
O000006,2025-06-16,C00091,P0092,Home Product 092,Home,South,Bengaluru,2,5945.72,0.0,11891.44,6115.86,5775.58,Wallet,Completed
O000007,2025-09-14,C00180,P0022,Home Product 022,Home,North,Jaipur,5,5577.75,10.0,25099.88,19418.7,5681.18,Net Banking,Completed
O000008,2025-10-02,C00429,P0006,Electronics Product 006,Electronics,North,Jaipur,2,4936.68,15.0,8392.36,2658.76,5733.6,Wallet,Completed
O000009,2025-06-28,C00281,P0063,Fashion Product 063,Fashion,West,Mumbai,2,2531.09,20.0,4049.74,4049.74,0.0,Card,Pending
O000010,2025-01-12,C00039,P0034,Beauty Product 034,Beauty,East,Bhubaneswar,5,7768.65,10.0,34958.93,24095.05,10863.88,Net Banking,Completed
O000011,2025-02-07,C00026,P0090,Sports Product 090,Sports,Central,Indore,4,1423.92,0.0,5695.68,3918.64,1777.04,Cash,Completed
O000012,2025-02-22,C00051,P0048,Fashion Product 048,Fashion,South,Chennai,1,8002.61,0.0,8002.61,2580.86,5421.75,Net Banking,Completed
O000013,2025-06-18,C00155,P0033,Fashion Product 033,Fashion,West,Pune,3,2460.76,5.0,7013.17,5905.83,1107.34,Cash,Returned
O000014,2025-08-12,C00251,P0100,Sports Product 100,Sports,North,Jaipur,1,6735.82,10.0,6062.24,4059.62,2002.62,Wallet,Completed
O000015,2025-10-20,C00251,P0065,Sports Product 065,Sports,North,Jaipur,2,7148.9,15.0,12153.13,1666.2,10486.93,Card,Completed
O000016,2025-03-26,C00321,P0013,Fashion Product 013,Fashion,Central,Nagpur,4,4305.64,10.0,15500.3,3468.52,12031.78,Wallet,Completed
O000017,2025-10-14,C00372,P0084,Beauty Product 084,Beauty,South,Bengaluru,1,5715.45,0.0,5715.45,2272.94,3442.51,Card,Completed
O000018,2025-08-31,C00009,P0020,Sports Product 020,Sports,North,Chandigarh,3,3689.4,10.0,9961.38,8854.56,1106.82,Net Banking,Completed
O000019,2025-01-19,C00295,P0066,Electronics Product 066,Electronics,West,Mumbai,1,5295.06,10.0,4765.55,1101.52,3664.03,Card,Cancelled
O000020,2025-05-08,C00165,P0006,Electronics Product 006,Electronics,North,Jaipur,1,4936.68,10.0,4443.01,1329.38,3113.63,Net Banking,Completed
O000021,2025-04-21,C00373,P0090,Sports Product 090,Sports,South,Chennai,4,1423.92,10.0,5126.11,3918.64,1207.47,Wallet,Completed
O000022,2025-11-19,C00060,P0013,Fashion Product 013,Fashion,West,Ahmedabad,5,4305.64,20.0,17222.56,4335.65,12886.91,Wallet,Completed
O000023,2025-12-02,C00375,P0045,Sports Product 045,Sports,Central,Indore,4,3762.55,10.0,13545.18,12040.16,1505.02,Cash,Completed
O000024,2025-10-26,C00418,P0026,Electronics Product 026,Electronics,West,Pune,1,2848.75,10.0,2563.88,1586.57,977.31,Card,Completed
O000025,2025-07-12,C00492,P0018,Fashion Product 018,Fashion,North,Chandigarh,1,6795.4,20.0,5436.32,284.97,5151.35,UPI,Completed
O000026,2025-06-29,C00450,P0008,Fashion Product 008,Fashion,East,Bhubaneswar,3,8265.58,5.0,23556.9,5802.0,17754.9,UPI,Cancelled
O000027,2025-04-24,C00160,P0097,Home Product 097,Home,Central,Indore,3,3422.29,10.0,9240.18,8213.49,1026.69,Card,Completed
O000028,2025-10-09,C00168,P0038,Fashion Product 038,Fashion,South,Chennai,2,2947.65,0.0,5895.3,2422.46,3472.84,Net Banking,Completed
O000029,2025-02-01,C00437,P0011,Electronics Product 011,Electronics,South,Chennai,1,8240.08,0.0,8240.08,3787.62,4452.46,Net Banking,Completed
O000030,2025-04-09,C00468,P0049,Beauty Product 049,Beauty,West,Mumbai,1,3123.84,0.0,3123.84,2499.07,624.77,Card,Completed
O000031,2025-02-19,C00488,P0020,Sports Product 020,Sports,East,Bhubaneswar,5,3689.4,20.0,14757.6,14757.6,0.0,Card,Completed
O000032,2025-06-29,C00381,P0041,Electronics Product 041,Electronics,West,Ahmedabad,4,5698.77,10.0,20515.57,12097.88,8417.69,Wallet,Completed
O000033,2025-04-20,C00353,P0019,Beauty Product 019,Beauty,South,Hyderabad,3,6745.83,10.0,18213.74,10798.62,7415.12,Card,Completed
O000034,2025-03-13,C00055,P0014,Beauty Product 014,Beauty,North,Jaipur,2,4289.52,5.0,8150.09,6863.24,1286.85,Cash,Completed
O000035,2025-05-18,C00022,P0047,Home Product 047,Home,South,Bengaluru,3,4959.99,5.0,14135.97,11903.97,2232.0,Net Banking,Pending
O000036,2025-11-10,C00047,P0011,Electronics Product 011,Electronics,North,Jaipur,3,8240.08,0.0,24720.24,11362.86,13357.38,Card,Pending
O000037,2025-07-23,C00223,P0026,Electronics Product 026,Electronics,North,Delhi,4,2848.75,15.0,9685.75,6346.28,3339.47,Cash,Completed
O000038,2025-10-27,C00413,P0061,Electronics Product 061,Electronics,South,Bengaluru,3,7647.57,0.0,22942.71,13443.78,9498.93,Cash,Completed
O000039,2025-11-29,C00201,P0066,Electronics Product 066,Electronics,West,Mumbai,1,5295.06,15.0,4500.8,1101.52,3399.28,Cash,Completed
O000040,2025-11-25,C00366,P0037,Home Product 037,Home,South,Bengaluru,2,7720.82,15.0,13125.39,1415.72,11709.67,UPI,Completed
O000041,2025-05-08,C00237,P0092,Home Product 092,Home,West,Ahmedabad,5,5945.72,15.0,25269.31,15289.65,9979.66,Net Banking,Pending
O000042,2025-11-16,C00206,P0083,Fashion Product 083,Fashion,South,Hyderabad,2,3893.45,15.0,6618.86,6229.52,389.34,Cash,Completed
O000043,2025-11-28,C00372,P0058,Fashion Product 058,Fashion,South,Bengaluru,1,3370.65,15.0,2865.05,2696.52,168.53,Wallet,Completed
O000044,2025-12-16,C00485,P0096,Electronics Product 096,Electronics,Central,Nagpur,5,2784.06,5.0,13224.28,11136.25,2088.03,Cash,Completed
O000045,2025-05-08,C00090,P0020,Sports Product 020,Sports,South,Bengaluru,4,3689.4,10.0,13281.84,11806.08,1475.76,Cash,Completed
O000046,2025-03-25,C00370,P0031,Electronics Product 031,Electronics,North,Jaipur,2,6070.56,10.0,10927.01,1946.96,8980.05,Net Banking,Completed
O000047,2025-08-01,C00471,P0087,Home Product 087,Home,North,Chandigarh,4,5255.47,10.0,18919.69,2264.6,16655.09,Card,Completed
O000048,2025-12-06,C00159,P0100,Sports Product 100,Sports,East,Bhubaneswar,2,6735.82,0.0,13471.64,8119.24,5352.4,Wallet,Completed
O000049,2025-11-24,C00377,P0056,Electronics Product 056,Electronics,East,Bhubaneswar,4,7138.32,5.0,27125.62,8047.52,19078.1,UPI,Completed
O000050,2025-07-27,C00019,P0002,Home Product 002,Home,North,Chandigarh,5,4453.12,5.0,21152.32,17812.5,3339.82,Cash,Completed
O000051,2025-02-24,C00190,P0019,Beauty Product 019,Beauty,East,Guwahati,3,6745.83,5.0,19225.62,10798.62,8427.0,Cash,Completed
O000052,2025-06-03,C00347,P0035,Sports Product 035,Sports,South,Bengaluru,2,8253.41,5.0,15681.48,3025.76,12655.72,Net Banking,Cancelled
O000053,2025-09-17,C00018,P0005,Sports Product 005,Sports,South,Bengaluru,3,7082.09,5.0,20183.96,9925.08,10258.88,Net Banking,Completed
O000054,2025-07-23,C00426,P0009,Beauty Product 009,Beauty,East,Kolkata,5,4934.15,0.0,24670.75,19736.6,4934.15,Card,Completed
O000055,2025-05-06,C00461,P0015,Sports Product 015,Sports,West,Mumbai,4,4470.33,20.0,14305.06,14305.04,0.02,Wallet,Completed
O000056,2025-05-05,C00293,P0044,Beauty Product 044,Beauty,South,Hyderabad,4,3801.64,15.0,12925.58,12165.24,760.34,Card,Completed
O000057,2025-01-22,C00203,P0025,Sports Product 025,Sports,North,Chandigarh,2,5379.58,15.0,9145.29,8607.32,537.97,Card,Completed
O000058,2025-04-16,C00135,P0070,Sports Product 070,Sports,South,Bengaluru,5,4336.1,5.0,20596.47,17344.4,3252.07,Cash,Completed
O000059,2025-09-01,C00308,P0034,Beauty Product 034,Beauty,North,Jaipur,5,7768.65,10.0,34958.93,24095.05,10863.88,Cash,Completed
O000060,2025-03-29,C00350,P0030,Sports Product 030,Sports,East,Bhubaneswar,4,3054.9,15.0,10386.66,9775.68,610.98,UPI,Completed
O000061,2025-12-28,C00239,P0067,Home Product 067,Home,West,Pune,5,2982.59,15.0,12676.01,5915.3,6760.71,Net Banking,Completed
O000062,2025-01-31,C00390,P0066,Electronics Product 066,Electronics,West,Pune,5,5295.06,20.0,21180.24,5507.6,15672.64,Wallet,Completed
O000063,2025-08-03,C00326,P0060,Sports Product 060,Sports,West,Ahmedabad,2,7633.42,15.0,12976.81,9927.56,3049.25,Net Banking,Completed
O000064,2025-06-30,C00425,P0065,Sports Product 065,Sports,South,Bengaluru,1,7148.9,20.0,5719.12,833.1,4886.02,Net Banking,Returned
O000065,2025-10-31,C00119,P0089,Beauty Product 089,Beauty,North,Jaipur,3,5780.76,15.0,14740.94,13873.83,867.11,UPI,Completed
O000066,2025-11-20,C00299,P0083,Fashion Product 083,Fashion,Central,Nagpur,1,3893.45,,3114.76,3114.76,0.0,Cash,Completed
O000067,2025-07-17,C00035,P0004,Beauty Product 004,Beauty,Central,Indore,4,3466.38,10.0,12478.97,9557.32,2921.65,Card,Completed
O000068,2025-08-18,C00081,P0026,Electronics Product 026,Electronics,Central,Nagpur,2,2848.75,15.0,4842.88,3173.14,1669.74,Card,Completed
O000069,2025-09-12,C00452,P0022,Home Product 022,Home,West,Ahmedabad,4,5577.75,0.0,22311.0,15534.96,6776.04,Card,Completed
O000070,2025-07-09,C00331,P0024,Beauty Product 024,Beauty,North,Delhi,1,2905.51,0.0,2905.51,2324.41,581.1,Net Banking,Returned
O000071,2025-03-09,C00107,P0046,Electronics Product 046,Electronics,North,Delhi,3,8168.47,5.0,23280.14,1074.96,22205.18,Cash,Completed
O000072,2025-06-06,C00060,P0098,Fashion Product 098,Fashion,West,Ahmedabad,3,7898.73,10.0,21326.57,1490.46,19836.11,Card,Completed
O000073,2025-03-29,C00187,P0032,Home Product 032,Home,West,Ahmedabad,4,2912.1,0.0,11648.4,8239.4,3409.0,Net Banking,Completed
O000074,2025-06-19,C00313,P0069,Beauty Product 069,Beauty,North,Jaipur,2,2337.25,0.0,4674.5,632.4,4042.1,UPI,Completed
O000075,2025-08-12,C00254,P0056,Electronics Product 056,Electronics,Central,Bhopal,2,7138.32,0.0,14276.64,4023.76,10252.88,Wallet,Pending
O000076,2025-03-18,C00449,P0023,Fashion Product 023,Fashion,West,Mumbai,2,3632.79,15.0,6175.74,5812.46,363.28,Wallet,Completed
O000077,2025-04-01,C00351,P0034,Beauty Product 034,Beauty,West,Mumbai,4,7768.65,10.0,27967.14,19276.04,8691.1,Card,Returned
O000078,2025-10-27,C00229,P0004,Beauty Product 004,Beauty,East,Bhubaneswar,1,3466.38,5.0,3293.06,2389.33,903.73,Cash,Completed
O000079,2025-05-18,C00382,P0039,Beauty Product 039,Beauty,East,Kolkata,4,7352.91,0.0,29411.64,4358.68,25052.96,Cash,Completed
O000080,2025-03-14,C00462,P0094,Beauty Product 094,Beauty,Central,Nagpur,5,5366.1,15.0,22805.92,21464.4,1341.52,Wallet,Completed
O000081,2025-09-17,C00013,P0093,Fashion Product 093,Fashion,South,Hyderabad,2,4536.21,10.0,8165.18,3520.92,4644.26,Cash,Completed
O000082,2025-09-18,C00184,P0066,Electronics Product 066,Electronics,West,Mumbai,4,5295.06,0.0,21180.24,4406.08,16774.16,Net Banking,Completed
O000083,2025-10-28,C00024,P0083,Fashion Product 083,Fashion,North,Jaipur,5,3893.45,0.0,19467.25,15573.8,3893.45,UPI,Pending
O000084,2025-10-04,C00080,P0013,Fashion Product 013,Fashion,East,Kolkata,5,4305.64,15.0,18298.97,4335.65,13963.32,Card,Completed
O000085,2025-12-28,C00122,P0097,Home Product 097,Home,West,Pune,5,3422.29,5.0,16255.88,13689.15,2566.73,Wallet,Completed
O000086,2025-07-29,C00033,P0054,Beauty Product 054,Beauty,South,Hyderabad,1,4876.35,10.0,4388.72,3901.08,487.64,Net Banking,Completed
O000087,2025-04-15,C00479,P0075,Sports Product 075,Sports,West,Ahmedabad,5,8144.99,10.0,36652.46,16993.05,19659.41,UPI,Completed
O000088,2025-11-11,C00217,P0018,Fashion Product 018,Fashion,East,Kolkata,1,6795.4,0.0,6795.4,284.97,6510.43,Wallet,Completed
O000089,2025-04-07,C00021,P0069,Beauty Product 069,Beauty,North,Chandigarh,1,2337.25,15.0,1986.66,316.2,1670.46,Card,Pending
O000090,2025-04-16,C00072,P0006,Electronics Product 006,Electronics,East,Bhubaneswar,4,4936.68,0.0,19746.72,5317.52,14429.2,Cash,Completed
O000091,2025-10-29,C00186,P0052,Home Product 052,Home,North,Jaipur,4,3602.09,0.0,14408.36,11526.68,2881.68,Wallet,Completed
O000092,2025-11-17,C00457,P0095,Sports Product 095,Sports,West,Ahmedabad,4,2495.1,0.0,9980.4,5498.16,4482.24,Cash,Completed
O000093,2025-05-04,C00263,P0021,Electronics Product 021,Electronics,South,Bengaluru,3,4281.14,20.0,10274.74,10274.73,0.01,Wallet,Completed
O000094,2025-09-23,C00198,P0003,Fashion Product 003,Fashion,South,Bengaluru,2,6788.51,5.0,12898.17,7730.82,5167.35,UPI,Cancelled
O000095,2025-12-02,C00388,P0089,Beauty Product 089,Beauty,Central,Bhopal,5,5780.76,0.0,28903.8,23123.05,5780.75,Wallet,Completed
O000096,2025-10-18,C00251,P0042,Home Product 042,Home,North,Jaipur,2,2781.36,10.0,5006.45,4450.18,556.27,Cash,Completed
O000097,2025-01-02,C00231,P0024,Beauty Product 024,Beauty,West,Mumbai,5,2905.51,5.0,13801.17,11622.05,2179.12,Cash,Completed
O000098,2025-08-30,C00114,P0097,Home Product 097,Home,South,Chennai,1,3422.29,5.0,3251.18,2737.83,513.35,Cash,Completed
O000099,2025-03-03,C00306,P0018,Fashion Product 018,Fashion,West,Mumbai,1,6795.4,10.0,6115.86,284.97,5830.89,Card,Completed
O000100,2025-11-05,C00016,P0088,Fashion Product 088,Fashion,West,Ahmedabad,1,5208.94,,4688.05,4167.15,520.9,Cash,Completed
O000101,2025-01-25,C00228,P0079,Beauty Product 079,Beauty,Central,Bhopal,1,6934.89,10.0,6241.4,4681.86,1559.54,UPI,Completed
O000102,2025-12-28,C00179,P0047,Home Product 047,Home,East,Guwahati,1,4959.99,20.0,3967.99,3967.99,0.0,Wallet,Completed
O000103,2025-03-06,C00222,P0018,Fashion Product 018,Fashion,Central,Nagpur,1,6795.4,10.0,6115.86,284.97,5830.89,Wallet,Completed
O000104,2025-06-02,C00108,P0045,Sports Product 045,Sports,East,Bhubaneswar,3,3762.55,10.0,10158.89,9030.12,1128.77,UPI,Cancelled
O000105,2025-03-27,C00466,P0029,Beauty Product 029,Beauty,South,Hyderabad,2,1220.38,0.0,2440.76,715.76,1725.0,UPI,Pending
O000106,2025-10-24,C00365,P0096,Electronics Product 096,Electronics,West,Ahmedabad,2,2784.06,15.0,4732.9,4454.5,278.4,Cash,Completed
O000107,2025-05-24,C00207,P0052,Home Product 052,Home,Central,Bhopal,5,3602.09,15.0,15308.88,14408.35,900.53,Net Banking,Completed
O000108,2025-09-29,C00240,P0030,Sports Product 030,Sports,South,Bengaluru,2,3054.9,0.0,6109.8,4887.84,1221.96,UPI,Completed
O000109,2025-01-25,C00008,P0097,Home Product 097,Home,Central,Indore,3,3422.29,10.0,9240.18,8213.49,1026.69,UPI,Completed
O000110,2025-06-14,C00028,P0056,Electronics Product 056,Electronics,East,Kolkata,5,7138.32,10.0,32122.44,10059.4,22063.04,Wallet,Completed
O000111,2025-11-28,C00445,P0068,Fashion Product 068,Fashion,North,Delhi,2,6082.72,0.0,12165.44,9732.36,2433.08,Card,Completed
O000112,2025-12-04,C00115,P0036,Electronics Product 036,Electronics,Central,Indore,4,4569.04,15.0,15534.74,14620.92,913.82,Cash,Completed
O000113,2025-03-17,C00173,P0031,Electronics Product 031,Electronics,North,Jaipur,4,6070.56,0.0,24282.24,3893.92,20388.32,Card,Completed
O000114,2025-05-24,C00315,P0093,Fashion Product 093,Fashion,North,Delhi,1,4536.21,0.0,4536.21,1760.46,2775.75,Cash,Completed
O000115,2025-05-29,C00309,P0094,Beauty Product 094,Beauty,West,Ahmedabad,4,5366.1,0.0,21464.4,17171.52,4292.88,Wallet,Cancelled
O000116,2025-07-25,C00032,P0020,Sports Product 020,Sports,East,Bhubaneswar,1,3689.4,0.0,3689.4,2951.52,737.88,Wallet,Cancelled
O000117,2025-07-15,C00425,P0051,Electronics Product 051,Electronics,South,Bengaluru,2,7669.29,0.0,15338.58,8349.78,6988.8,UPI,Completed
O000118,2025-02-08,C00116,P0099,Beauty Product 099,Beauty,West,Pune,5,7721.23,15.0,32815.23,21284.9,11530.33,Net Banking,Completed
O000119,2025-10-05,C00298,P0070,Sports Product 070,Sports,East,Guwahati,2,4336.1,15.0,7371.37,6937.76,433.61,Wallet,Returned
O000120,2025-03-24,C00104,P0072,Home Product 072,Home,East,Bhubaneswar,3,6223.26,5.0,17736.29,12208.77,5527.52,Net Banking,Completed
O000121,2025-04-25,C00206,P0049,Beauty Product 049,Beauty,South,Hyderabad,3,3123.84,15.0,7965.79,7497.21,468.58,Card,Completed
O000122,2025-11-03,C00457,P0059,Beauty Product 059,Beauty,West,Ahmedabad,3,1289.86,10.0,3482.62,3095.67,386.95,Wallet,Completed
O000123,2025-09-09,C00091,P0092,Home Product 092,Home,South,Bengaluru,3,5945.72,10.0,16053.44,9173.79,6879.65,Cash,Completed
O000124,2025-05-25,C00145,P0054,Beauty Product 054,Beauty,East,Guwahati,5,4876.35,20.0,19505.4,19505.4,0.0,Net Banking,Completed
O000125,2025-11-29,C00034,P0055,Sports Product 055,Sports,South,Hyderabad,1,1679.4,10.0,1511.46,1343.52,167.94,Net Banking,Completed
O000126,2025-05-24,C00303,P0043,Fashion Product 043,Fashion,North,Delhi,1,2271.05,15.0,1930.39,1816.84,113.55,Wallet,Completed
O000127,2025-07-25,C00219,P0029,Beauty Product 029,Beauty,North,Jaipur,4,1220.38,5.0,4637.44,1431.52,3205.92,UPI,Pending
O000128,2025-03-31,C00486,P0045,Sports Product 045,Sports,West,Pune,4,3762.55,0.0,15050.2,12040.16,3010.04,Wallet,Completed
O000129,2025-03-08,C00273,P0045,Sports Product 045,Sports,Central,Bhopal,4,3762.55,10.0,13545.18,12040.16,1505.02,Cash,Completed
O000130,2025-06-28,C00172,P0002,Home Product 002,Home,Central,Bhopal,4,4453.12,15.0,15140.61,14250.0,890.61,UPI,Completed
O000131,2025-07-24,C00120,P0006,Electronics Product 006,Electronics,South,Chennai,3,4936.68,0.0,14810.04,3988.14,10821.9,Cash,Completed
O000132,2025-10-21,C00429,P0043,Fashion Product 043,Fashion,North,,1,2271.05,10.0,2043.95,1816.84,227.11,Net Banking,Completed
O000133,2025-05-23,C00246,P0027,Home Product 027,Home,Central,Indore,1,6771.19,10.0,6094.07,2895.9,3198.17,UPI,Pending
O000134,2025-11-22,C00316,P0040,Sports Product 040,Sports,North,Delhi,4,4584.31,5.0,17420.38,14669.8,2750.58,Card,Completed
O000135,2025-08-10,C00385,P0063,Fashion Product 063,Fashion,West,Mumbai,3,2531.09,0.0,7593.27,6074.61,1518.66,Cash,Completed
O000136,2025-01-26,C00493,P0044,Beauty Product 044,Beauty,West,Pune,5,3801.64,10.0,17107.38,15206.55,1900.83,Wallet,Completed
O000137,2025-09-27,C00185,P0060,Sports Product 060,Sports,East,Kolkata,2,7633.42,5.0,14503.5,9927.56,4575.94,Wallet,Pending
O000138,2025-07-29,C00080,P0092,Home Product 092,Home,East,Kolkata,1,5945.72,15.0,5053.86,3057.93,1995.93,Wallet,Completed
O000139,2025-05-22,C00146,P0042,Home Product 042,Home,North,Jaipur,3,2781.36,0.0,8344.08,6675.27,1668.81,UPI,Completed
O000140,2025-06-20,C00475,P0021,Electronics Product 021,Electronics,South,Chennai,2,4281.14,15.0,7277.94,6849.82,428.12,Card,Pending
O000141,2025-04-20,C00485,P0066,Electronics Product 066,Electronics,Central,Nagpur,4,5295.06,15.0,18003.2,4406.08,13597.12,Wallet,Completed
O000142,2025-08-12,C00115,P0037,Home Product 037,Home,Central,Indore,3,7720.82,20.0,18529.97,2123.58,16406.39,Net Banking,Completed
O000143,2025-07-26,C00144,P0017,Home Product 017,Home,South,Bengaluru,4,4364.81,5.0,16586.28,13967.4,2618.88,Cash,Completed
O000144,2025-06-12,C00432,P0087,Home Product 087,Home,South,Bengaluru,1,5255.47,10.0,4729.92,566.15,4163.77,Cash,Completed
O000145,2025-04-14,C00380,P0043,Fashion Product 043,Fashion,East,Kolkata,1,2271.05,0.0,2271.05,1816.84,454.21,Cash,Cancelled
O000146,2025-05-26,C00126,P0077,Home Product 077,Home,Central,Bhopal,3,4076.73,0.0,12230.19,9784.14,2446.05,Card,Pending
O000147,2025-07-01,C00083,P0054,Beauty Product 054,Beauty,South,Hyderabad,4,4876.35,5.0,18530.13,15604.32,2925.81,UPI,Cancelled
O000148,2025-06-21,C00334,P0013,Fashion Product 013,Fashion,East,Kolkata,5,4305.64,0.0,21528.2,4335.65,17192.55,Card,Completed
O000149,2025-04-23,C00417,P0083,Fashion Product 083,Fashion,West,Pune,1,3893.45,15.0,3309.43,3114.76,194.67,Wallet,Completed
O000150,2025-07-31,C00404,P0054,Beauty Product 054,Beauty,East,Kolkata,5,4876.35,15.0,20724.49,19505.4,1219.09,Wallet,Completed
O000151,2025-03-24,C00272,P0006,Electronics Product 006,Electronics,East,Bhubaneswar,4,4936.68,10.0,17772.05,5317.52,12454.53,Card,Completed
O000152,2025-07-02,C00321,P0099,Beauty Product 099,Beauty,Central,Nagpur,1,7721.23,0.0,7721.23,4256.98,3464.25,Net Banking,Returned
O000153,2025-02-14,C00065,P0083,Fashion Product 083,Fashion,West,Ahmedabad,1,3893.45,0.0,3893.45,3114.76,778.69,Wallet,Completed
O000154,2025-06-21,C00155,P0077,Home Product 077,Home,West,Pune,1,4076.73,15.0,3465.22,3261.38,203.84,Cash,Cancelled
O000155,2025-10-13,C00385,P0081,Electronics Product 081,Electronics,West,Mumbai,4,6874.54,5.0,26123.25,16759.16,9364.09,Net Banking,Completed
O000156,2025-10-25,C00077,P0091,Electronics Product 091,Electronics,South,Bengaluru,2,1897.13,15.0,3225.12,1026.26,2198.86,UPI,Cancelled
O000157,2025-09-10,C00376,P0069,Beauty Product 069,Beauty,North,Chandigarh,1,2337.25,20.0,1869.8,316.2,1553.6,Cash,Completed
O000158,2025-09-29,C00033,P0062,Home Product 062,Home,South,Hyderabad,5,6676.1,5.0,31711.47,8753.3,22958.17,Card,Completed
O000159,2025-01-25,C00433,P0072,Home Product 072,Home,West,Mumbai,4,6223.26,15.0,21159.08,16278.36,4880.72,Card,Completed
O000160,2025-05-05,C00002,P0069,Beauty Product 069,Beauty,East,Guwahati,1,2337.25,20.0,1869.8,316.2,1553.6,Net Banking,Returned
O000161,2025-08-27,C00116,P0097,Home Product 097,Home,West,Pune,1,3422.29,5.0,3251.18,2737.83,513.35,Card,Completed
O000162,2025-10-19,C00098,P0076,Electronics Product 076,Electronics,Central,Bhopal,1,5803.55,10.0,5223.2,4642.84,580.36,Card,Completed
O000163,2025-08-01,C00216,P0015,Sports Product 015,Sports,North,Jaipur,2,4470.33,0.0,8940.66,7152.52,1788.14,Wallet,Cancelled
O000164,2025-11-07,C00172,P0009,Beauty Product 009,Beauty,Central,Bhopal,4,4934.15,20.0,15789.28,15789.28,-0.0,Cash,Completed
O000165,2025-04-10,C00473,P0047,Home Product 047,Home,South,Chennai,2,4959.99,10.0,8927.98,7935.98,992.0,Wallet,Completed
O000166,2025-02-25,C00408,P0036,Electronics Product 036,Electronics,Central,Indore,5,4569.04,15.0,19418.42,18276.15,1142.27,Cash,Completed
O000167,2025-02-01,C00161,P0025,Sports Product 025,Sports,West,Ahmedabad,2,5379.58,0.0,10759.16,8607.32,2151.84,Wallet,Completed
O000168,2025-08-01,C00182,P0071,Electronics Product 071,Electronics,North,Delhi,4,5148.93,0.0,20595.72,14191.0,6404.72,Card,Returned
O000169,2025-04-14,C00092,P0100,Sports Product 100,Sports,East,Guwahati,3,6735.82,15.0,17176.34,12178.86,4997.48,Net Banking,Completed
O000170,2025-10-13,C00406,P0025,Sports Product 025,Sports,East,Kolkata,5,5379.58,15.0,22863.22,21518.3,1344.92,Wallet,Completed
O000171,2025-09-27,C00380,P0082,Home Product 082,Home,East,Kolkata,5,5348.13,10.0,24066.59,13855.8,10210.79,Card,Completed
O000172,2025-05-12,C00449,P0014,Beauty Product 014,Beauty,West,Mumbai,4,4289.52,10.0,15442.27,13726.48,1715.79,Wallet,Cancelled
O000173,2025-03-28,C00260,P0052,Home Product 052,Home,South,Chennai,4,3602.09,5.0,13687.94,11526.68,2161.26,Cash,Completed
O000174,2025-09-28,C00343,P0042,Home Product 042,Home,Central,Indore,4,2781.36,10.0,10012.9,8900.36,1112.54,Wallet,Completed
O000175,2025-09-02,C00440,P0051,Electronics Product 051,Electronics,Central,Bhopal,4,7669.29,15.0,26075.59,16699.56,9376.03,Card,Completed
O000176,2025-03-04,C00408,P0007,Home Product 007,Home,Central,Indore,3,5553.32,0.0,16659.96,12543.75,4116.21,Wallet,Completed
O000177,2025-04-03,C00246,P0068,Fashion Product 068,Fashion,Central,Indore,3,6082.72,15.0,15510.94,14598.54,912.4,Card,Completed
O000178,2025-06-26,C00168,P0031,Electronics Product 031,Electronics,South,Chennai,2,6070.56,10.0,10927.01,1946.96,8980.05,Net Banking,Pending
O000179,2025-07-06,C00240,P0070,Sports Product 070,Sports,South,Bengaluru,4,4336.1,0.0,17344.4,13875.52,3468.88,Net Banking,Completed
O000180,2025-03-02,C00237,P0037,Home Product 037,Home,West,Ahmedabad,4,7720.82,5.0,29339.12,2831.44,26507.68,Card,Pending
O000181,2025-12-12,C00196,P0053,Fashion Product 053,Fashion,East,Guwahati,4,5775.38,5.0,21946.44,6343.44,15603.0,Cash,Completed
O000182,2025-05-22,C00311,P0034,Beauty Product 034,Beauty,North,Jaipur,3,7768.65,0.0,23305.95,14457.03,8848.92,Cash,Completed
O000183,2025-05-19,C00443,P0088,Fashion Product 088,Fashion,West,Mumbai,3,5208.94,0.0,15626.82,12501.45,3125.37,Card,Completed
O000184,2025-01-23,C00307,P0038,Fashion Product 038,Fashion,Central,Nagpur,2,2947.65,10.0,5305.77,2422.46,2883.31,UPI,Cancelled
O000185,2025-11-15,C00353,P0047,Home Product 047,Home,South,Hyderabad,5,4959.99,5.0,23559.95,19839.95,3720.0,Wallet,Pending
O000186,2025-03-27,C00341,P0011,Electronics Product 011,Electronics,North,Jaipur,5,8240.08,15.0,35020.34,18938.1,16082.24,UPI,Completed
O000187,2025-12-26,C00214,P0003,Fashion Product 003,Fashion,North,Jaipur,1,6788.51,15.0,5770.23,3865.41,1904.82,Cash,Completed
O000188,2025-06-30,C00224,P0059,Beauty Product 059,Beauty,South,Hyderabad,3,1289.86,5.0,3676.1,3095.67,580.43,Net Banking,Completed
O000189,2025-11-15,C00144,P0061,Electronics Product 061,Electronics,South,Bengaluru,4,7647.57,15.0,26001.74,17925.04,8076.7,Cash,Completed
O000190,2025-03-07,C00186,P0068,Fashion Product 068,Fashion,North,Jaipur,5,6082.72,15.0,25851.56,24330.9,1520.66,UPI,Completed
O000191,2025-03-02,C00304,P0013,Fashion Product 013,Fashion,Central,Nagpur,4,4305.64,5.0,16361.43,3468.52,12892.91,Net Banking,Completed
O000192,2025-10-19,C00039,P0012,Home Product 012,Home,East,Bhubaneswar,1,4256.45,10.0,3830.8,2009.68,1821.12,Net Banking,Completed
O000193,2025-10-26,C00011,P0061,Electronics Product 061,Electronics,North,Jaipur,4,7647.57,5.0,29060.77,17925.04,11135.73,Card,Completed
O000194,2025-07-17,C00248,P0032,Home Product 032,Home,East,Bhubaneswar,4,2912.1,20.0,9318.72,8239.4,1079.32,Card,Completed
O000195,2025-01-12,C00195,P0050,Sports Product 050,Sports,West,Pune,2,4011.29,0.0,8022.58,5446.38,2576.2,Wallet,Completed
O000196,2025-12-10,C00059,P0085,Sports Product 085,Sports,Central,Indore,5,3007.51,10.0,13533.8,12030.05,1503.75,Card,Pending
O000197,2025-05-24,C00265,P0052,Home Product 052,Home,North,Chandigarh,1,3602.09,15.0,3061.78,2881.67,180.11,Card,Pending
O000198,2025-12-07,C00224,P0012,Home Product 012,Home,South,Hyderabad,3,4256.45,0.0,12769.35,6029.04,6740.31,Card,Completed
O000199,2025-11-13,C00352,P0084,Beauty Product 084,Beauty,East,Bhubaneswar,1,5715.45,15.0,4858.13,2272.94,2585.19,Cash,Cancelled
O000200,2025-11-06,C00280,P0047,Home Product 047,Home,South,Chennai,4,4959.99,10.0,17855.96,15871.96,1984.0,Net Banking,Completed
O000201,2025-09-08,C00360,P0030,Sports Product 030,Sports,North,Chandigarh,5,3054.9,0.0,15274.5,12219.6,3054.9,Net Banking,Completed
O000202,2025-09-03,C00314,P0053,Fashion Product 053,Fashion,Central,Nagpur,2,5775.38,10.0,10395.68,3171.72,7223.96,Wallet,Completed
O000203,2025-07-13,C00398,P0080,Sports Product 080,Sports,South,Bengaluru,5,4972.04,5.0,23617.19,19888.15,3729.04,Net Banking,Completed
O000204,2025-01-10,C00070,P0047,Home Product 047,Home,South,Chennai,4,4959.99,5.0,18847.96,15871.96,2976.0,Card,Completed
O000205,2025-05-22,C00251,P0057,Home Product 057,Home,North,Jaipur,5,8123.2,15.0,34523.6,8782.05,25741.55,Wallet,Completed
O000206,2025-09-23,C00058,P0088,Fashion Product 088,Fashion,Central,Bhopal,5,5208.94,5.0,24742.46,20835.75,3906.71,Cash,Completed
O000207,2025-10-23,C00048,P0031,Electronics Product 031,Electronics,South,Hyderabad,2,6070.56,10.0,10927.01,1946.96,8980.05,UPI,Completed
O000208,2025-07-23,C00318,P0024,Beauty Product 024,Beauty,West,Pune,4,2905.51,15.0,9878.73,9297.64,581.09,Card,Completed
O000209,2025-09-16,C00400,P0070,Sports Product 070,Sports,Central,Indore,1,4336.1,15.0,3685.69,3468.88,216.81,Cash,Completed
O000210,2025-01-08,C00084,P0004,Beauty Product 004,Beauty,Central,Nagpur,1,3466.38,10.0,3119.74,2389.33,730.41,Net Banking,Completed
O000211,2025-06-20,C00455,P0037,Home Product 037,Home,East,Kolkata,2,7720.82,10.0,13897.48,1415.72,12481.76,Net Banking,Completed
O000212,2025-07-04,C00264,P0046,Electronics Product 046,Electronics,West,Mumbai,3,8168.47,10.0,22054.87,1074.96,20979.91,Cash,Completed
O000213,2025-11-21,C00211,P0055,Sports Product 055,Sports,North,Jaipur,4,1679.4,5.0,6381.72,5374.08,1007.64,Cash,Completed
O000214,2025-04-24,C00492,P0002,Home Product 002,Home,North,Chandigarh,3,4453.12,5.0,12691.39,10687.5,2003.89,Cash,Completed
O000215,2025-03-25,C00038,P0070,Sports Product 070,Sports,South,Bengaluru,4,4336.1,5.0,16477.18,13875.52,2601.66,Card,Pending
O000216,2025-05-09,C00149,P0063,Fashion Product 063,Fashion,North,Chandigarh,2,2531.09,0.0,5062.18,4049.74,1012.44,Wallet,Returned
O000217,2025-03-04,C00090,P0054,Beauty Product 054,Beauty,South,Bengaluru,5,4876.35,5.0,23162.66,19505.4,3657.26,Wallet,Completed
O000218,2025-07-23,C00418,P0076,Electronics Product 076,Electronics,West,Pune,1,5803.55,10.0,5223.2,4642.84,580.36,Cash,Completed
O000219,2025-08-22,C00126,P0051,Electronics Product 051,Electronics,Central,Bhopal,5,7669.29,5.0,36429.13,20874.45,15554.68,Wallet,Completed
O000220,2025-10-19,C00286,P0067,Home Product 067,Home,West,Ahmedabad,1,2982.59,5.0,2833.46,1183.06,1650.4,Net Banking,Completed
O000221,2025-12-20,C00324,P0096,Electronics Product 096,Electronics,West,Pune,1,2784.06,10.0,2505.65,2227.25,278.4,Wallet,Cancelled
O000222,2025-01-27,C00490,P0097,Home Product 097,Home,East,Kolkata,3,3422.29,5.0,9753.53,8213.49,1540.04,,Pending
O000223,2025-04-01,C00032,P0059,Beauty Product 059,Beauty,East,Bhubaneswar,5,1289.86,15.0,5481.9,5159.45,322.45,Net Banking,Completed
O000224,2025-04-20,C00298,P0046,Electronics Product 046,Electronics,East,Guwahati,3,8168.47,0.0,24505.41,1074.96,23430.45,Net Banking,Completed
O000225,2025-04-01,C00309,P0007,Home Product 007,Home,West,Ahmedabad,4,5553.32,15.0,18881.29,16725.0,2156.29,Card,Pending
O000226,2025-10-29,C00194,P0079,Beauty Product 079,Beauty,West,Ahmedabad,4,6934.89,15.0,23578.63,18727.44,4851.19,Cash,Completed
O000227,2025-02-20,C00271,P0002,Home Product 002,Home,South,Chennai,1,4453.12,0.0,4453.12,3562.5,890.62,Cash,Pending
O000228,2025-01-11,C00258,P0016,Electronics Product 016,Electronics,West,Pune,4,5090.79,20.0,16290.53,16290.52,0.01,Net Banking,Cancelled
O000229,2025-11-10,C00367,P0098,Fashion Product 098,Fashion,East,Bhubaneswar,1,7898.73,15.0,6713.92,496.82,6217.1,UPI,Cancelled
O000230,2025-12-16,C00395,P0084,Beauty Product 084,Beauty,South,Bengaluru,1,5715.45,0.0,5715.45,2272.94,3442.51,Net Banking,Completed
O000231,2025-03-24,C00212,P0093,Fashion Product 093,Fashion,South,Hyderabad,2,4536.21,10.0,8165.18,3520.92,4644.26,Card,Completed
O000232,2025-05-02,C00458,P0013,Fashion Product 013,Fashion,East,Guwahati,5,4305.64,15.0,18298.97,4335.65,13963.32,Net Banking,Completed
O000233,2025-07-03,C00370,P0092,Home Product 092,Home,North,Jaipur,2,5945.72,10.0,10702.3,6115.86,4586.44,Net Banking,Completed
O000234,2025-07-11,C00376,P0046,Electronics Product 046,Electronics,North,Chandigarh,4,8168.47,20.0,26139.1,1433.28,24705.82,Wallet,Completed
O000235,2025-12-27,C00414,P0053,Fashion Product 053,Fashion,North,Chandigarh,2,5775.38,0.0,11550.76,3171.72,8379.04,Card,Completed
O000236,2025-05-28,C00359,P0027,Home Product 027,Home,East,Bhubaneswar,3,6771.19,10.0,18282.21,8687.7,9594.51,UPI,Completed
O000237,2025-01-05,C00132,P0085,Sports Product 085,Sports,North,Jaipur,1,3007.51,0.0,3007.51,2406.01,601.5,Cash,Completed
O000238,2025-06-03,C00119,P0014,Beauty Product 014,Beauty,North,Jaipur,5,4289.52,15.0,18230.46,17158.1,1072.36,Wallet,Completed
O000239,2025-07-22,C00141,P0064,Beauty Product 064,Beauty,Central,Nagpur,1,7994.51,10.0,7195.06,1496.69,5698.37,Cash,Cancelled
O000240,2025-07-08,C00155,P0034,Beauty Product 034,Beauty,West,Pune,3,7768.65,5.0,22140.65,14457.03,7683.62,UPI,Completed
O000241,2025-07-06,C00167,P0029,Beauty Product 029,Beauty,West,Ahmedabad,5,1220.38,0.0,6101.9,1789.4,4312.5,Net Banking,Completed
O000242,2025-12-02,C00052,P0002,Home Product 002,Home,South,Chennai,5,4453.12,10.0,20039.04,17812.5,2226.54,Wallet,Completed
O000243,2025-10-21,C00445,P0063,Fashion Product 063,Fashion,North,Delhi,1,2531.09,15.0,2151.43,2024.87,126.56,UPI,Completed
O000244,2025-04-02,C00059,P0020,Sports Product 020,Sports,Central,Indore,3,3689.4,0.0,11068.2,8854.56,2213.64,Cash,Pending
O000245,2025-05-10,C00261,P0010,Sports Product 010,Sports,South,Bengaluru,3,1734.32,5.0,4942.81,1374.21,3568.6,Cash,Completed
O000246,2025-08-31,C00342,P0035,Sports Product 035,Sports,South,Chennai,1,8253.41,0.0,8253.41,1512.88,6740.53,UPI,Completed
O000247,2025-05-30,C00089,P0062,Home Product 062,Home,North,Delhi,5,6676.1,5.0,31711.47,8753.3,22958.17,Net Banking,Completed
O000248,2025-06-05,C00012,P0007,Home Product 007,Home,East,Kolkata,4,5553.32,0.0,22213.28,16725.0,5488.28,Net Banking,Completed
O000249,2025-03-03,C00274,P0056,Electronics Product 056,Electronics,Central,Nagpur,5,7138.32,,30337.86,10059.4,20278.46,Wallet,Returned
O000250,2025-04-03,C00119,P0043,Fashion Product 043,Fashion,North,Jaipur,5,2271.05,0.0,11355.25,9084.2,2271.05,UPI,Completed
O000251,2025-09-27,C00309,P0037,Home Product 037,Home,West,Ahmedabad,1,7720.82,5.0,7334.78,707.86,6626.92,Net Banking,Returned
O000252,2025-11-03,C00280,P0027,Home Product 027,Home,South,Chennai,3,6771.19,15.0,17266.53,8687.7,8578.83,Net Banking,Completed
O000253,2025-10-13,C00267,P0039,Beauty Product 039,Beauty,Central,Nagpur,5,7352.91,0.0,36764.55,5448.35,31316.2,Card,Completed
O000254,2025-04-23,C00067,P0006,Electronics Product 006,Electronics,Central,Indore,4,4936.68,5.0,18759.38,5317.52,13441.86,Cash,Completed
O000255,2025-02-19,C00255,P0007,Home Product 007,Home,West,Ahmedabad,2,5553.32,0.0,11106.64,8362.5,2744.14,Cash,Completed
O000256,2025-02-28,C00052,P0054,Beauty Product 054,Beauty,South,Chennai,2,4876.35,10.0,8777.43,7802.16,975.27,Card,Completed
O000257,2025-05-24,C00138,P0073,Fashion Product 073,Fashion,Central,Bhopal,2,1490.03,5.0,2831.06,1745.04,1086.02,Card,Completed
O000258,2025-07-08,C00435,P0096,Electronics Product 096,Electronics,South,Chennai,1,2784.06,10.0,2505.65,2227.25,278.4,Wallet,Completed
O000259,2025-11-22,C00391,P0019,Beauty Product 019,Beauty,North,Chandigarh,1,6745.83,10.0,6071.25,3599.54,2471.71,Card,Completed
O000260,2025-11-24,C00199,P0062,Home Product 062,Home,North,Delhi,4,6676.1,5.0,25369.18,7002.64,18366.54,Wallet,Completed
O000261,2025-01-01,C00384,P0092,Home Product 092,Home,Central,Nagpur,5,5945.72,15.0,25269.31,15289.65,9979.66,UPI,Completed
O000262,2025-09-15,C00422,P0036,Electronics Product 036,Electronics,South,Bengaluru,3,4569.04,0.0,13707.12,10965.69,2741.43,Net Banking,Completed
O000263,2025-04-19,C00135,P0046,Electronics Product 046,Electronics,South,Bengaluru,1,8168.47,20.0,6534.78,358.32,6176.46,UPI,Completed
O000264,2025-03-13,C00461,P0069,Beauty Product 069,Beauty,West,Mumbai,2,2337.25,10.0,4207.05,632.4,3574.65,Card,Completed
O000265,2025-07-22,C00320,P0090,Sports Product 090,Sports,Central,Nagpur,4,1423.92,10.0,5126.11,3918.64,1207.47,Cash,Completed
O000266,2025-01-13,C00332,P0035,Sports Product 035,Sports,West,Ahmedabad,5,8253.41,10.0,37140.35,7564.4,29575.94,Net Banking,Completed
O000267,2025-05-02,C00392,P0040,Sports Product 040,Sports,North,Delhi,3,4584.31,20.0,11002.34,11002.35,-0.01,Net Banking,Completed
O000268,2025-07-21,C00487,P0071,Electronics Product 071,Electronics,North,Jaipur,2,5148.93,10.0,9268.07,7095.5,2172.57,UPI,Completed
O000269,2025-04-10,C00194,P0004,Beauty Product 004,Beauty,West,Ahmedabad,5,3466.38,10.0,15598.71,11946.65,3652.06,Wallet,Completed
O000270,2025-08-04,C00011,P0020,Sports Product 020,Sports,North,Jaipur,4,3689.4,5.0,14019.72,11806.08,2213.64,Wallet,Completed
O000271,2025-06-17,C00024,P0063,Fashion Product 063,Fashion,North,Jaipur,5,2531.09,0.0,12655.45,10124.35,2531.1,Cash,Completed
O000272,2025-10-18,C00385,P0020,Sports Product 020,Sports,West,Mumbai,1,3689.4,10.0,3320.46,2951.52,368.94,Net Banking,Completed
O000273,2025-03-08,C00490,P0079,Beauty Product 079,Beauty,East,Kolkata,3,6934.89,20.0,16643.74,14045.58,2598.16,UPI,Completed
O000274,2025-01-21,C00155,P0051,Electronics Product 051,Electronics,West,Pune,3,7669.29,0.0,23007.87,12524.67,10483.2,Card,Completed
O000275,2025-07-12,C00194,P0015,Sports Product 015,Sports,West,Ahmedabad,2,4470.33,5.0,8493.63,7152.52,1341.11,Cash,Pending
O000276,2025-04-04,C00261,P0004,Beauty Product 004,Beauty,South,Bengaluru,1,3466.38,15.0,2946.42,2389.33,557.09,Card,Completed
O000277,2025-09-15,C00452,P0039,Beauty Product 039,Beauty,West,Ahmedabad,2,7352.91,0.0,14705.82,2179.34,12526.48,Wallet,Completed
O000278,2025-02-03,C00189,P0054,Beauty Product 054,Beauty,West,Mumbai,1,4876.35,10.0,4388.72,3901.08,487.64,Net Banking,Completed
O000279,2025-07-29,C00138,P0045,Sports Product 045,Sports,Central,Bhopal,3,3762.55,0.0,11287.65,9030.12,2257.53,Net Banking,Completed
O000280,2025-12-27,C00427,P0051,Electronics Product 051,Electronics,North,Jaipur,3,7669.29,5.0,21857.48,12524.67,9332.81,Card,Completed
O000281,2025-02-03,C00231,P0046,Electronics Product 046,Electronics,West,Mumbai,5,8168.47,10.0,36758.11,1791.6,34966.51,Cash,Completed
O000282,2025-04-20,C00220,P0082,Home Product 082,Home,Central,Nagpur,2,5348.13,0.0,10696.26,5542.32,5153.94,Wallet,Completed
O000283,2025-11-04,C00043,P0043,Fashion Product 043,Fashion,East,Guwahati,5,2271.05,10.0,10219.73,9084.2,1135.53,Cash,Completed
O000284,2025-07-14,C00214,P0065,Sports Product 065,Sports,North,Jaipur,1,7148.9,15.0,6076.56,833.1,5243.46,UPI,Completed
O000285,2025-03-05,C00128,P0017,Home Product 017,Home,Central,Nagpur,5,4364.81,20.0,17459.24,17459.25,-0.01,Card,Completed
O000286,2025-03-19,C00088,P0062,Home Product 062,Home,North,Jaipur,5,6676.1,5.0,31711.47,8753.3,22958.17,Net Banking,Completed
O000287,2025-10-06,C00148,P0043,Fashion Product 043,Fashion,East,Kolkata,5,2271.05,20.0,9084.2,9084.2,0.0,Cash,Completed
O000288,2025-11-10,C00475,P0066,Electronics Product 066,Electronics,South,Chennai,3,5295.06,5.0,15090.92,3304.56,11786.36,UPI,Completed
O000289,2025-05-12,C00330,P0089,Beauty Product 089,Beauty,East,Guwahati,1,5780.76,15.0,4913.65,4624.61,289.04,Wallet,Pending
O000290,2025-06-22,C00093,P0046,Electronics Product 046,Electronics,North,Chandigarh,1,8168.47,15.0,6943.2,358.32,6584.88,Net Banking,Completed
O000291,2025-10-12,C00408,P0004,Beauty Product 004,Beauty,Central,Indore,3,3466.38,5.0,9879.18,7167.99,2711.19,Wallet,Completed
O000292,2025-03-06,C00035,P0060,Sports Product 060,Sports,Central,Indore,1,7633.42,15.0,6488.41,4963.78,1524.63,Wallet,Completed
O000293,2025-03-17,C00096,P0022,Home Product 022,Home,North,Chandigarh,4,5577.75,0.0,22311.0,15534.96,6776.04,Card,Completed
O000294,2025-10-09,C00379,P0077,Home Product 077,Home,North,Delhi,2,4076.73,0.0,8153.46,6522.76,1630.7,Cash,Completed
O000295,2025-03-09,C00391,P0084,Beauty Product 084,Beauty,North,Chandigarh,3,5715.45,20.0,13717.08,6818.82,6898.26,Card,Cancelled
O000296,2025-10-08,C00251,P0034,Beauty Product 034,Beauty,North,Jaipur,4,7768.65,20.0,24859.68,19276.04,5583.64,Cash,Returned
O000297,2025-06-30,C00322,P0091,Electronics Product 091,Electronics,Central,Bhopal,1,1897.13,15.0,1612.56,513.13,1099.43,Card,Completed
O000298,2025-12-27,C00383,P0081,Electronics Product 081,Electronics,Central,Indore,2,6874.54,20.0,10999.26,8379.58,2619.68,Cash,Completed
O000299,2025-01-12,C00422,P0021,Electronics Product 021,Electronics,South,Bengaluru,3,4281.14,0.0,12843.42,10274.73,2568.69,Card,Completed
O000300,2025-12-11,C00039,P0073,Fashion Product 073,Fashion,East,Bhubaneswar,4,1490.03,15.0,5066.1,3490.08,1576.02,UPI,Completed
O000301,2025-03-24,C00429,P0035,Sports Product 035,Sports,North,Jaipur,1,8253.41,15.0,7015.4,1512.88,5502.52,UPI,Completed
O000302,2025-01-13,C00070,P0096,Electronics Product 096,Electronics,South,Chennai,4,2784.06,10.0,10022.62,8909.0,1113.62,UPI,Completed
O000303,2025-09-21,C00441,P0054,Beauty Product 054,Beauty,Central,Indore,3,4876.35,10.0,13166.15,11703.24,1462.91,Cash,Completed
O000304,2025-07-13,C00369,P0024,Beauty Product 024,Beauty,West,Pune,5,2905.51,0.0,14527.55,11622.05,2905.5,Wallet,Completed
O000305,2025-11-01,C00425,P0060,Sports Product 060,Sports,South,Bengaluru,5,7633.42,10.0,34350.39,24818.9,9531.49,Card,Completed
O000306,2025-02-09,C00226,P0041,Electronics Product 041,Electronics,West,Mumbai,3,5698.77,20.0,13677.05,9073.41,4603.64,Card,Completed
O000307,2025-01-30,C00423,P0051,Electronics Product 051,Electronics,South,Chennai,4,7669.29,5.0,29143.3,16699.56,12443.74,Card,Completed
O000308,2025-07-26,C00231,P0043,Fashion Product 043,Fashion,West,Mumbai,1,2271.05,15.0,1930.39,1816.84,113.55,Net Banking,Cancelled
O000309,2025-11-18,C00047,P0088,Fashion Product 088,Fashion,North,Jaipur,5,5208.94,10.0,23440.23,20835.75,2604.48,Net Banking,Completed
O000310,2025-05-28,C00484,P0029,Beauty Product 029,Beauty,West,Mumbai,5,1220.38,15.0,5186.62,1789.4,3397.22,Net Banking,Completed
O000311,2025-10-18,C00456,P0050,Sports Product 050,Sports,North,Jaipur,4,4011.29,20.0,12836.13,10892.76,1943.37,UPI,Completed
O000312,2025-11-26,C00391,P0077,Home Product 077,Home,North,Chandigarh,2,4076.73,10.0,7338.11,6522.76,815.35,Card,Returned
O000313,2025-11-13,C00052,P0033,Fashion Product 033,Fashion,South,Chennai,3,2460.76,10.0,6644.05,5905.83,738.22,Net Banking,Completed
O000314,2025-07-05,C00460,P0035,Sports Product 035,Sports,North,Jaipur,3,8253.41,0.0,24760.23,4538.64,20221.59,Cash,Completed
O000315,2025-09-12,C00313,P0087,Home Product 087,Home,North,Jaipur,3,5255.47,5.0,14978.09,1698.45,13279.64,Card,Completed
O000316,2025-07-11,C00229,P0056,Electronics Product 056,Electronics,East,Bhubaneswar,5,7138.32,0.0,35691.6,10059.4,25632.2,Card,Completed
O000317,2025-09-03,C00422,P0098,Fashion Product 098,Fashion,South,Bengaluru,2,7898.73,5.0,15007.59,993.64,14013.95,Card,Cancelled
O000318,2025-07-26,C00127,P0030,Sports Product 030,Sports,East,Kolkata,2,3054.9,10.0,5498.82,4887.84,610.98,Net Banking,Cancelled
O000319,2025-07-11,C00183,P0071,Electronics Product 071,Electronics,North,Delhi,4,5148.93,15.0,17506.36,14191.0,3315.36,Wallet,Cancelled
O000320,2025-06-08,C00260,P0018,Fashion Product 018,Fashion,South,Chennai,2,6795.4,0.0,13590.8,569.94,13020.86,Cash,Completed
O000321,2025-08-26,C00210,P0098,Fashion Product 098,Fashion,East,Kolkata,1,7898.73,10.0,7108.86,496.82,6612.04,Cash,Completed
O000322,2025-10-01,C00189,P0032,Home Product 032,Home,West,Mumbai,4,2912.1,15.0,9901.14,8239.4,1661.74,Net Banking,Completed
O000323,2025-12-01,C00011,P0080,Sports Product 080,Sports,North,Jaipur,3,4972.04,15.0,12678.7,11932.89,745.81,Cash,Completed
O000324,2025-08-12,C00054,P0017,Home Product 017,Home,North,Delhi,1,4364.81,10.0,3928.33,3491.85,436.48,,Completed
O000325,2025-02-06,C00318,P0020,Sports Product 020,Sports,West,Pune,5,3689.4,5.0,17524.65,14757.6,2767.05,Net Banking,Completed
O000326,2025-08-02,C00211,P0065,Sports Product 065,Sports,North,Jaipur,1,7148.9,15.0,6076.56,833.1,5243.46,Net Banking,Returned
O000327,2025-04-25,C00261,P0044,Beauty Product 044,Beauty,South,Bengaluru,3,3801.64,0.0,11404.92,9123.93,2280.99,UPI,Completed
O000328,2025-01-10,C00060,P0045,Sports Product 045,Sports,West,Ahmedabad,5,3762.55,10.0,16931.48,15050.2,1881.28,UPI,Completed
O000329,2025-01-27,C00348,P0035,Sports Product 035,Sports,North,Jaipur,4,8253.41,15.0,28061.59,6051.52,22010.07,Card,Completed
O000330,2025-08-04,C00142,P0009,Beauty Product 009,Beauty,North,Chandigarh,1,4934.15,5.0,4687.44,3947.32,740.12,UPI,Completed
O000331,2025-12-10,C00464,P0047,Home Product 047,Home,South,Hyderabad,3,4959.99,10.0,13391.97,11903.97,1488.0,Card,Cancelled
O000332,2025-07-04,C00261,P0011,Electronics Product 011,Electronics,South,Bengaluru,3,8240.08,5.0,23484.23,11362.86,12121.37,UPI,Completed
O000333,2025-06-12,C00436,P0051,Electronics Product 051,Electronics,East,Kolkata,5,7669.29,10.0,34511.81,20874.45,13637.35,Wallet,Cancelled
O000334,2025-02-02,C00314,P0050,Sports Product 050,Sports,Central,Nagpur,5,4011.29,15.0,17047.98,13615.95,3432.03,Cash,Completed
O000335,2025-09-03,C00125,P0023,Fashion Product 023,Fashion,South,Bengaluru,4,3632.79,10.0,13078.04,11624.92,1453.12,UPI,Completed
O000336,2025-01-21,C00057,P0069,Beauty Product 069,Beauty,West,Ahmedabad,2,2337.25,5.0,4440.77,632.4,3808.37,Cash,Completed
O000337,2025-11-03,C00133,P0050,Sports Product 050,Sports,North,Jaipur,4,4011.29,15.0,13638.39,10892.76,2745.63,Wallet,Completed
O000338,2025-10-25,C00405,P0048,Fashion Product 048,Fashion,West,Mumbai,3,8002.61,15.0,20406.66,7742.58,12664.08,Cash,Completed
O000339,2025-12-27,C00166,P0023,Fashion Product 023,Fashion,South,Bengaluru,4,3632.79,5.0,13804.6,11624.92,2179.68,UPI,Pending
O000340,2025-04-14,C00179,P0056,Electronics Product 056,Electronics,East,Guwahati,2,7138.32,15.0,12135.14,4023.76,8111.38,Wallet,Cancelled
O000341,2025-02-28,C00400,P0096,Electronics Product 096,Electronics,Central,Indore,3,2784.06,10.0,7516.96,6681.75,835.21,Wallet,Completed
O000342,2025-04-20,C00288,P0100,Sports Product 100,Sports,North,Jaipur,1,6735.82,0.0,6735.82,4059.62,2676.2,Cash,Completed
O000343,2025-10-19,C00242,P0080,Sports Product 080,Sports,South,Bengaluru,2,4972.04,5.0,9446.88,7955.26,1491.62,Wallet,Completed
O000344,2025-03-21,C00496,P0076,Electronics Product 076,Electronics,Central,Nagpur,5,5803.55,15.0,24665.09,23214.2,1450.89,,Cancelled
O000345,2025-11-20,C00455,P0098,Fashion Product 098,Fashion,East,Kolkata,2,7898.73,10.0,14217.71,993.64,13224.07,Net Banking,Returned
O000346,2025-02-26,C00182,P0003,Fashion Product 003,Fashion,North,Delhi,2,6788.51,10.0,12219.32,7730.82,4488.5,Card,Completed
O000347,2025-01-18,C00163,P0085,Sports Product 085,Sports,Central,Indore,5,3007.51,0.0,15037.55,12030.05,3007.5,Wallet,Completed
O000348,2025-03-21,C00092,P0045,Sports Product 045,Sports,East,Guwahati,2,3762.55,10.0,6772.59,6020.08,752.51,Wallet,Completed
O000349,2025-10-02,C00133,P0092,Home Product 092,Home,North,Jaipur,3,5945.72,15.0,15161.59,9173.79,5987.8,Cash,Completed
O000350,2025-08-08,C00450,P0078,Fashion Product 078,Fashion,East,Bhubaneswar,5,8229.86,0.0,41149.3,11203.95,29945.35,Wallet,Completed
O000351,2025-05-10,C00381,P0059,Beauty Product 059,Beauty,West,Ahmedabad,4,1289.86,0.0,5159.44,4127.56,1031.88,Wallet,Completed
O000352,2025-08-27,C00103,P0018,Fashion Product 018,Fashion,North,Chandigarh,1,6795.4,10.0,6115.86,284.97,5830.89,Wallet,Completed
O000353,2025-08-25,C00379,P0074,Beauty Product 074,Beauty,North,Delhi,2,2907.59,5.0,5524.42,4277.0,1247.42,UPI,Completed
O000354,2025-07-21,C00179,P0097,Home Product 097,Home,East,Guwahati,1,3422.29,5.0,3251.18,2737.83,513.35,UPI,Returned
O000355,2025-07-07,C00095,P0035,Sports Product 035,Sports,West,Ahmedabad,2,8253.41,0.0,16506.82,3025.76,13481.06,UPI,Completed
O000356,2025-02-06,C00146,P0052,Home Product 052,Home,North,Jaipur,2,3602.09,20.0,5763.34,5763.34,0.0,Card,Completed
O000357,2025-04-05,C00251,P0071,Electronics Product 071,Electronics,North,Jaipur,3,5148.93,0.0,15446.79,10643.25,4803.54,Net Banking,Completed
O000358,2025-07-12,C00018,P0013,Fashion Product 013,Fashion,South,Bengaluru,3,4305.64,15.0,10979.38,2601.39,8377.99,Card,Completed
O000359,2025-02-19,C00078,P0090,Sports Product 090,Sports,West,Mumbai,5,1423.92,10.0,6407.64,4898.3,1509.34,Wallet,Pending
O000360,2025-06-23,C00483,P0026,Electronics Product 026,Electronics,Central,Bhopal,1,2848.75,10.0,2563.88,1586.57,977.31,UPI,Completed
O000361,2025-02-12,C00148,P0073,Fashion Product 073,Fashion,East,Kolkata,5,1490.03,5.0,7077.64,4362.6,2715.04,UPI,Completed
O000362,2025-10-14,C00402,P0084,Beauty Product 084,Beauty,West,Pune,1,5715.45,5.0,5429.68,2272.94,3156.74,Net Banking,Completed
O000363,2025-02-07,C00293,P0086,Electronics Product 086,Electronics,South,Hyderabad,5,7032.55,5.0,33404.61,18967.85,14436.76,UPI,Completed
O000364,2025-02-03,C00055,P0046,Electronics Product 046,Electronics,North,Jaipur,1,8168.47,20.0,6534.78,358.32,6176.46,Net Banking,Completed
O000365,2025-08-21,C00359,P0044,Beauty Product 044,Beauty,East,Bhubaneswar,3,3801.64,10.0,10264.43,9123.93,1140.5,Wallet,Cancelled
O000366,2025-03-22,C00148,P0062,Home Product 062,Home,East,Kolkata,4,6676.1,10.0,24033.96,7002.64,17031.32,Cash,Completed
O000367,2025-05-08,C00179,P0065,Sports Product 065,Sports,East,Guwahati,3,7148.9,10.0,19302.03,2499.3,16802.73,UPI,Completed
O000368,2025-04-25,C00208,P0045,Sports Product 045,Sports,East,Bhubaneswar,5,3762.55,20.0,15050.2,15050.2,0.0,Card,Completed
O000369,2025-03-20,C00306,P0083,Fashion Product 083,Fashion,West,Mumbai,4,3893.45,0.0,15573.8,12459.04,3114.76,Card,Completed
O000370,2025-10-05,C00283,P0048,Fashion Product 048,Fashion,Central,Bhopal,1,8002.61,20.0,6402.09,2580.86,3821.23,Cash,Completed
O000371,2025-09-09,C00338,P0087,Home Product 087,Home,Central,Bhopal,2,5255.47,10.0,9459.85,1132.3,8327.55,Net Banking,Pending
O000372,2025-03-28,C00494,P0044,Beauty Product 044,Beauty,West,Mumbai,5,3801.64,5.0,18057.79,15206.55,2851.24,Wallet,Completed
O000373,2025-09-08,C00202,P0025,Sports Product 025,Sports,North,Delhi,1,5379.58,5.0,5110.6,4303.66,806.94,Net Banking,Completed
O000374,2025-09-17,C00500,P0002,Home Product 002,Home,Central,Indore,2,4453.12,0.0,8906.24,7125.0,1781.24,Cash,Completed
O000375,2025-07-16,C00305,P0074,Beauty Product 074,Beauty,South,Chennai,5,2907.59,5.0,13811.05,10692.5,3118.55,Net Banking,Completed
O000376,2025-07-30,C00250,P0011,Electronics Product 011,Electronics,Central,Nagpur,4,8240.08,5.0,31312.3,15150.48,16161.82,Net Banking,Completed
O000377,2025-12-07,C00091,P0051,Electronics Product 051,Electronics,South,Bengaluru,5,7669.29,0.0,38346.45,20874.45,17472.0,Card,Pending
O000378,2025-06-15,C00471,P0042,Home Product 042,Home,North,Chandigarh,2,2781.36,5.0,5284.58,4450.18,834.4,Net Banking,Completed
O000379,2025-05-21,C00125,P0081,Electronics Product 081,Electronics,South,Bengaluru,1,6874.54,10.0,6187.09,4189.79,1997.3,Wallet,Cancelled
O000380,2025-07-16,C00496,P0002,Home Product 002,Home,Central,Nagpur,4,4453.12,10.0,16031.23,14250.0,1781.23,Card,Completed
O000381,2025-11-01,C00332,P0021,Electronics Product 021,Electronics,West,Ahmedabad,4,4281.14,0.0,17124.56,13699.64,3424.92,Wallet,Completed
O000382,2025-09-16,C00112,P0089,Beauty Product 089,Beauty,Central,Bhopal,4,5780.76,5.0,21966.89,18498.44,3468.45,Net Banking,Completed
O000383,2025-01-28,C00164,P0013,Fashion Product 013,Fashion,Central,Nagpur,4,4305.64,5.0,16361.43,3468.52,12892.91,Wallet,Pending
O000384,2025-06-17,C00298,P0003,Fashion Product 003,Fashion,East,Guwahati,2,6788.51,5.0,12898.17,7730.82,5167.35,Wallet,Completed
O000385,2025-09-27,C00008,P0063,Fashion Product 063,Fashion,Central,Indore,1,2531.09,0.0,2531.09,2024.87,506.22,Cash,Completed
O000386,2025-03-23,C00372,P0092,Home Product 092,Home,South,Bengaluru,4,5945.72,20.0,19026.3,12231.72,6794.58,Wallet,Completed
O000387,2025-12-26,C00146,P0067,Home Product 067,Home,North,Jaipur,3,2982.59,5.0,8500.38,3549.18,4951.2,UPI,Returned
O000388,2025-10-22,C00272,P0060,Sports Product 060,Sports,East,Bhubaneswar,4,7633.42,10.0,27480.31,19855.12,7625.19,Net Banking,Cancelled
O000389,2025-11-05,C00164,P0034,Beauty Product 034,Beauty,Central,Nagpur,1,7768.65,15.0,6603.35,4819.01,1784.34,Cash,Completed
O000390,2025-01-30,C00396,P0026,Electronics Product 026,Electronics,South,Bengaluru,5,2848.75,10.0,12819.38,7932.85,4886.53,UPI,Pending
O000391,2025-07-30,C00006,P0020,Sports Product 020,Sports,South,Chennai,2,3689.4,5.0,7009.86,5903.04,1106.82,Wallet,Completed
O000392,2025-07-12,C00321,P0052,Home Product 052,Home,Central,Nagpur,4,3602.09,0.0,14408.36,11526.68,2881.68,Card,Cancelled
O000393,2025-08-17,C00325,P0044,Beauty Product 044,Beauty,North,Jaipur,1,3801.64,10.0,3421.48,3041.31,380.17,Net Banking,Cancelled
O000394,2025-11-06,C00247,P0067,Home Product 067,Home,East,Bhubaneswar,3,2982.59,15.0,7605.6,3549.18,4056.42,Net Banking,Completed
O000395,2025-05-09,C00014,P0023,Fashion Product 023,Fashion,North,Jaipur,5,3632.79,15.0,15439.36,14531.15,908.21,Card,Completed
O000396,2025-07-14,C00295,P0056,Electronics Product 056,Electronics,West,Mumbai,3,7138.32,0.0,21414.96,6035.64,15379.32,UPI,Pending
O000397,2025-09-05,C00185,P0090,Sports Product 090,Sports,East,Kolkata,3,1423.92,5.0,4058.17,2938.98,1119.19,Wallet,Completed
O000398,2025-10-02,C00249,P0035,Sports Product 035,Sports,North,Jaipur,4,8253.41,10.0,29712.28,6051.52,23660.76,Cash,Completed
O000399,2025-10-08,C00241,P0024,Beauty Product 024,Beauty,North,Chandigarh,5,2905.51,0.0,14527.55,11622.05,2905.5,Card,Completed
O000400,2025-05-03,C00219,P0046,Electronics Product 046,Electronics,North,Jaipur,1,8168.47,10.0,7351.62,358.32,6993.3,Net Banking,Completed
O000401,2025-12-30,C00077,P0061,Electronics Product 061,Electronics,South,Bengaluru,1,7647.57,15.0,6500.43,4481.26,2019.17,Cash,Completed
O000402,2025-01-04,C00020,P0032,Home Product 032,Home,South,Bengaluru,4,2912.1,15.0,9901.14,8239.4,1661.74,Wallet,Pending
O000403,2025-06-29,C00263,P0074,Beauty Product 074,Beauty,South,Bengaluru,4,2907.59,10.0,10467.32,8554.0,1913.32,Cash,Completed
O000404,2025-08-10,C00196,P0040,Sports Product 040,Sports,East,Guwahati,3,4584.31,0.0,13752.93,11002.35,2750.58,Card,Completed
O000405,2025-01-23,C00161,P0043,Fashion Product 043,Fashion,West,Ahmedabad,1,2271.05,5.0,2157.5,1816.84,340.66,UPI,Completed
O000406,2025-06-14,C00333,P0076,Electronics Product 076,Electronics,Central,Bhopal,5,5803.55,10.0,26115.98,23214.2,2901.78,Wallet,Pending
O000407,2025-08-05,C00232,P0086,Electronics Product 086,Electronics,North,Delhi,1,7032.55,20.0,5626.04,3793.57,1832.47,UPI,Completed
O000408,2025-08-10,C00110,P0002,Home Product 002,Home,North,Delhi,4,4453.12,5.0,16921.86,14250.0,2671.86,Card,Completed
O000409,2025-02-13,C00153,P0060,Sports Product 060,Sports,South,Chennai,1,7633.42,0.0,7633.42,4963.78,2669.64,Cash,Completed
O000410,2025-04-12,C00184,P0010,Sports Product 010,Sports,West,Mumbai,4,1734.32,10.0,6243.55,1832.28,4411.27,Wallet,Completed
O000411,2025-03-31,C00094,P0046,Electronics Product 046,Electronics,North,Chandigarh,1,8168.47,5.0,7760.05,358.32,7401.73,UPI,Cancelled
O000412,2025-08-21,C00241,P0078,Fashion Product 078,Fashion,North,Chandigarh,3,8229.86,0.0,24689.58,6722.37,17967.21,Card,Cancelled
O000413,2025-04-30,C00143,P0080,Sports Product 080,Sports,North,Chandigarh,3,4972.04,5.0,14170.31,11932.89,2237.42,Cash,Completed
O000414,2025-07-28,C00298,P0005,Sports Product 005,Sports,East,Guwahati,5,7082.09,10.0,31869.4,16541.8,15327.6,Wallet,Completed
O000415,2025-09-24,C00013,P0032,Home Product 032,Home,South,Hyderabad,5,2912.1,10.0,13104.45,10299.25,2805.2,Net Banking,Completed
O000416,2025-10-18,C00020,P0082,Home Product 082,Home,South,Bengaluru,2,5348.13,10.0,9626.63,5542.32,4084.31,Cash,Returned
O000417,2025-03-08,C00027,P0047,Home Product 047,Home,East,Guwahati,3,4959.99,5.0,14135.97,11903.97,2232.0,Cash,Completed
O000418,2025-11-25,C00101,P0040,Sports Product 040,Sports,South,Hyderabad,2,4584.31,15.0,7793.33,7334.9,458.43,Card,Completed
O000419,2025-03-02,C00291,P0039,Beauty Product 039,Beauty,East,Bhubaneswar,4,7352.91,0.0,29411.64,4358.68,25052.96,Net Banking,Completed
O000420,2025-01-08,C00048,P0066,Electronics Product 066,Electronics,South,Hyderabad,3,5295.06,15.0,13502.4,3304.56,10197.84,Wallet,Pending
O000421,2025-01-17,C00175,P0076,Electronics Product 076,Electronics,West,Ahmedabad,2,5803.55,5.0,11026.74,9285.68,1741.06,UPI,Completed
O000422,2025-03-15,C00072,P0072,Home Product 072,Home,East,Bhubaneswar,4,6223.26,10.0,22403.74,16278.36,6125.38,Net Banking,Completed
O000423,2025-11-14,C00058,P0078,Fashion Product 078,Fashion,Central,Bhopal,3,8229.86,0.0,24689.58,6722.37,17967.21,Net Banking,Completed
O000424,2025-03-17,C00148,P0041,Electronics Product 041,Electronics,East,Kolkata,3,5698.77,5.0,16241.49,9073.41,7168.08,UPI,Completed
O000425,2025-09-10,C00382,P0089,Beauty Product 089,Beauty,East,Kolkata,3,5780.76,20.0,13873.82,13873.83,-0.01,Wallet,Pending
O000426,2025-06-02,C00381,P0043,Fashion Product 043,Fashion,West,Ahmedabad,1,2271.05,5.0,2157.5,1816.84,340.66,UPI,Completed
O000427,2025-01-15,C00364,P0034,Beauty Product 034,Beauty,South,Chennai,3,7768.65,0.0,23305.95,14457.03,8848.92,Wallet,Completed
O000428,2025-06-11,C00062,P0064,Beauty Product 064,Beauty,Central,Bhopal,1,7994.51,20.0,6395.61,1496.69,4898.92,Card,Returned
O000429,2025-01-11,C00161,P0066,Electronics Product 066,Electronics,West,Ahmedabad,3,5295.06,0.0,15885.18,3304.56,12580.62,Wallet,Completed
O000430,2025-06-23,C00368,P0058,Fashion Product 058,Fashion,East,Guwahati,1,3370.65,15.0,2865.05,2696.52,168.53,Wallet,Completed
O000431,2025-07-23,C00376,P0062,Home Product 062,Home,North,Chandigarh,3,6676.1,10.0,18025.47,5251.98,12773.49,UPI,Returned
O000432,2025-07-09,C00136,P0026,Electronics Product 026,Electronics,East,Kolkata,3,2848.75,0.0,8546.25,4759.71,3786.54,Card,Completed
O000433,2025-04-13,C00175,P0006,Electronics Product 006,Electronics,West,Ahmedabad,5,4936.68,15.0,20980.89,6646.9,14333.99,Wallet,Returned
O000434,2025-10-07,C00048,P0071,Electronics Product 071,Electronics,South,Hyderabad,4,5148.93,5.0,19565.93,14191.0,5374.93,Card,Completed
O000435,2025-08-06,C00301,P0061,Electronics Product 061,Electronics,Central,Nagpur,2,7647.57,10.0,13765.63,8962.52,4803.11,Net Banking,Returned
O000436,2025-04-03,C00174,P0021,Electronics Product 021,Electronics,West,Mumbai,5,4281.14,5.0,20335.42,17124.55,3210.87,Net Banking,Completed
O000437,2025-06-08,C00165,P0071,Electronics Product 071,Electronics,North,Jaipur,1,5148.93,5.0,4891.48,3547.75,1343.73,Wallet,Completed
O000438,2025-02-09,C00300,P0024,Beauty Product 024,Beauty,East,Guwahati,2,2905.51,0.0,5811.02,4648.82,1162.2,Card,Cancelled
O000439,2025-12-03,C00186,P0022,Home Product 022,Home,North,Jaipur,1,5577.75,5.0,5298.86,3883.74,1415.12,Net Banking,Completed
O000440,2025-10-02,C00142,P0053,Fashion Product 053,Fashion,North,Chandigarh,3,5775.38,0.0,17326.14,4757.58,12568.56,Net Banking,Completed
O000441,2025-04-15,C00263,P0065,Sports Product 065,Sports,South,Bengaluru,4,7148.9,10.0,25736.04,3332.4,22403.64,Card,Completed
O000442,2025-09-03,C00072,P0044,Beauty Product 044,Beauty,East,Bhubaneswar,2,3801.64,10.0,6842.95,6082.62,760.33,Cash,Completed
O000443,2025-09-05,C00363,P0003,Fashion Product 003,Fashion,North,Delhi,4,6788.51,0.0,27154.04,15461.64,11692.4,Cash,Completed
O000444,2025-08-10,C00241,P0007,Home Product 007,Home,North,Chandigarh,2,5553.32,15.0,9440.64,8362.5,1078.14,Wallet,Returned
O000445,2025-01-20,C00444,P0094,Beauty Product 094,Beauty,South,Bengaluru,3,5366.1,5.0,15293.39,12878.64,2414.75,Wallet,Completed
O000446,2025-11-16,C00139,P0061,Electronics Product 061,Electronics,Central,Bhopal,4,7647.57,5.0,29060.77,17925.04,11135.73,Cash,Completed
O000447,2025-12-14,C00112,P0007,Home Product 007,Home,Central,Bhopal,1,5553.32,0.0,5553.32,4181.25,1372.07,Cash,Completed
O000448,2025-12-21,C00433,P0093,Fashion Product 093,Fashion,West,Mumbai,4,4536.21,20.0,14515.87,7041.84,7474.03,Net Banking,Completed
O000449,2025-12-23,C00359,P0037,Home Product 037,Home,East,Bhubaneswar,4,7720.82,5.0,29339.12,2831.44,26507.68,UPI,Pending
O000450,2025-12-05,C00134,P0048,Fashion Product 048,Fashion,Central,Nagpur,4,8002.61,15.0,27208.87,10323.44,16885.43,Cash,Completed
O000451,2025-09-27,C00219,P0099,Beauty Product 099,Beauty,North,Jaipur,4,7721.23,10.0,27796.43,17027.92,10768.51,Net Banking,Completed
O000452,2025-01-21,C00036,P0067,Home Product 067,Home,Central,Indore,4,2982.59,15.0,10140.81,4732.24,5408.57,Cash,Completed
O000453,2025-06-19,C00046,P0035,Sports Product 035,Sports,North,Delhi,2,8253.41,10.0,14856.14,3025.76,11830.38,Wallet,Pending
O000454,2025-03-31,C00294,P0076,Electronics Product 076,Electronics,North,Chandigarh,3,5803.55,10.0,15669.59,13928.52,1741.07,Net Banking,Completed
O000455,2025-03-22,C00171,P0034,Beauty Product 034,Beauty,West,Mumbai,2,7768.65,20.0,12429.84,9638.02,2791.82,UPI,Returned
O000456,2025-10-30,C00351,P0031,Electronics Product 031,Electronics,West,Mumbai,2,6070.56,15.0,10319.95,1946.96,8372.99,Cash,Completed
O000457,2025-10-23,C00343,P0058,Fashion Product 058,Fashion,Central,Indore,4,3370.65,15.0,11460.21,10786.08,674.13,UPI,Completed
O000458,2025-07-10,C00324,P0091,Electronics Product 091,Electronics,West,Pune,1,1897.13,5.0,1802.27,513.13,1289.14,Card,Completed
O000459,2025-09-26,C00254,P0071,Electronics Product 071,Electronics,Central,Bhopal,3,5148.93,10.0,13902.11,10643.25,3258.86,Cash,Completed
O000460,2025-02-17,C00426,P0039,Beauty Product 039,Beauty,East,Kolkata,4,7352.91,15.0,24999.89,4358.68,20641.21,Cash,Cancelled
O000461,2025-03-22,C00492,P0072,Home Product 072,Home,North,Chandigarh,3,6223.26,20.0,14935.82,12208.77,2727.05,Card,Completed
O000462,2025-11-10,C00215,P0012,Home Product 012,Home,Central,Bhopal,4,4256.45,10.0,15323.22,8038.72,7284.5,Card,Completed
O000463,2025-06-14,C00071,P0029,Beauty Product 029,Beauty,East,Guwahati,2,1220.38,20.0,1952.61,715.76,1236.85,Card,Completed
O000464,2025-07-18,C00391,P0036,Electronics Product 036,Electronics,North,Chandigarh,3,4569.04,5.0,13021.76,10965.69,2056.07,Wallet,Completed
O000465,2025-06-18,C00114,P0010,Sports Product 010,Sports,South,Chennai,3,1734.32,0.0,5202.96,1374.21,3828.75,Net Banking,Completed
O000466,2025-03-15,C00369,P0060,Sports Product 060,Sports,West,Pune,4,7633.42,5.0,29007.0,19855.12,9151.88,Wallet,Returned
O000467,2025-10-28,C00148,P0025,Sports Product 025,Sports,East,Kolkata,3,5379.58,0.0,16138.74,12910.98,3227.76,Wallet,Completed
O000468,2025-10-04,C00379,P0083,Fashion Product 083,Fashion,North,Delhi,4,3893.45,15.0,13237.73,12459.04,778.69,Wallet,Returned
O000469,2025-09-06,C00286,P0097,Home Product 097,Home,West,Ahmedabad,2,3422.29,15.0,5817.89,5475.66,342.23,Cash,Completed
O000470,2025-05-09,C00097,P0032,Home Product 032,Home,East,Bhubaneswar,3,2912.1,0.0,8736.3,6179.55,2556.75,UPI,Completed
O000471,2025-08-23,C00467,P0001,Electronics Product 001,Electronics,East,Bhubaneswar,1,4907.86,5.0,4662.47,3926.29,736.18,,Completed
O000472,2025-12-13,C00387,P0091,Electronics Product 091,Electronics,East,Bhubaneswar,4,1897.13,15.0,6450.24,2052.52,4397.72,Cash,Completed
O000473,2025-08-25,C00445,P0074,Beauty Product 074,Beauty,North,Delhi,5,2907.59,15.0,12357.26,10692.5,1664.76,Card,Cancelled
O000474,2025-06-29,C00258,P0075,Sports Product 075,Sports,West,Pune,3,8144.99,10.0,21991.47,10195.83,11795.64,UPI,Completed
O000475,2025-04-09,C00418,P0090,Sports Product 090,Sports,West,Pune,5,1423.92,0.0,7119.6,4898.3,2221.3,Card,Completed
O000476,2025-07-10,C00269,P0001,Electronics Product 001,Electronics,North,Chandigarh,1,4907.86,20.0,3926.29,3926.29,-0.0,Net Banking,Completed
O000477,2025-05-16,C00375,P0001,Electronics Product 001,Electronics,Central,Indore,2,4907.86,20.0,7852.58,7852.58,-0.0,Net Banking,Completed
O000478,2025-08-11,C00262,P0039,Beauty Product 039,Beauty,West,Ahmedabad,1,7352.91,10.0,6617.62,1089.67,5527.95,Net Banking,Returned
O000479,2025-01-17,C00404,P0099,Beauty Product 099,Beauty,East,Kolkata,2,7721.23,10.0,13898.21,8513.96,5384.25,Net Banking,Completed
O000480,2025-03-11,C00136,P0011,Electronics Product 011,Electronics,East,Kolkata,3,8240.08,5.0,23484.23,11362.86,12121.37,Wallet,Cancelled
O000481,2025-10-14,C00406,P0062,Home Product 062,Home,East,Kolkata,1,6676.1,5.0,6342.3,1750.66,4591.64,Card,Completed
O000482,2025-05-19,C00266,P0021,Electronics Product 021,Electronics,South,,1,4281.14,10.0,3853.03,3424.91,428.12,UPI,Completed
O000483,2025-06-07,C00131,P0011,Electronics Product 011,Electronics,North,Delhi,5,8240.08,20.0,32960.32,18938.1,14022.22,UPI,Completed
O000484,2025-07-17,C00203,P0067,Home Product 067,Home,North,Chandigarh,1,2982.59,5.0,2833.46,1183.06,1650.4,UPI,Returned
O000485,2025-06-09,C00078,P0097,Home Product 097,Home,West,Mumbai,2,3422.29,5.0,6502.35,5475.66,1026.69,Net Banking,Completed
O000486,2025-10-04,C00490,P0052,Home Product 052,Home,East,Kolkata,5,3602.09,5.0,17109.93,14408.35,2701.58,Net Banking,Completed
O000487,2025-03-31,C00020,P0037,Home Product 037,Home,South,Bengaluru,1,7720.82,5.0,7334.78,707.86,6626.92,Card,Completed
O000488,2025-10-04,C00473,P0086,Electronics Product 086,Electronics,South,Chennai,3,7032.55,10.0,18987.89,11380.71,7607.18,Net Banking,Completed
O000489,2025-03-18,C00035,P0018,Fashion Product 018,Fashion,Central,Indore,2,6795.4,0.0,13590.8,569.94,13020.86,Card,Pending
O000490,2025-05-15,C00442,P0038,Fashion Product 038,Fashion,East,Kolkata,4,2947.65,20.0,9432.48,4844.92,4587.56,Card,Completed
O000491,2025-08-02,C00047,P0043,Fashion Product 043,Fashion,North,Jaipur,4,2271.05,5.0,8629.99,7267.36,1362.63,Wallet,Completed
O000492,2025-11-19,C00125,P0031,Electronics Product 031,Electronics,South,Bengaluru,4,6070.56,10.0,21854.02,3893.92,17960.1,Cash,Returned
O000493,2025-03-26,C00200,P0023,Fashion Product 023,Fashion,South,Hyderabad,1,3632.79,20.0,2906.23,2906.23,0.0,Wallet,Pending
O000494,2025-08-02,C00197,P0081,Electronics Product 081,Electronics,East,Kolkata,4,6874.54,5.0,26123.25,16759.16,9364.09,Cash,Completed
O000495,2025-01-24,C00085,P0064,Beauty Product 064,Beauty,Central,Indore,4,7994.51,5.0,30379.14,5986.76,24392.38,UPI,Completed
O000496,2025-01-28,C00194,P0019,Beauty Product 019,Beauty,West,Ahmedabad,3,6745.83,10.0,18213.74,10798.62,7415.12,Net Banking,Completed
O000497,2025-10-07,C00456,P0084,Beauty Product 084,Beauty,North,Jaipur,4,5715.45,5.0,21718.71,9091.76,12626.95,Wallet,Completed
O000498,2025-09-19,C00040,P0048,Fashion Product 048,Fashion,South,Chennai,2,8002.61,0.0,16005.22,5161.72,10843.5,Cash,Completed
O000499,2025-05-18,C00415,P0034,Beauty Product 034,Beauty,South,Chennai,3,7768.65,0.0,23305.95,14457.03,8848.92,Wallet,Completed
O000500,2025-08-15,C00478,P0028,Fashion Product 028,Fashion,East,Bhubaneswar,4,7012.16,10.0,25243.78,8721.36,16522.42,UPI,Completed
O000501,2025-05-19,C00466,P0034,Beauty Product 034,Beauty,South,Hyderabad,5,7768.65,10.0,34958.93,24095.05,10863.88,Wallet,Completed
O000502,2025-04-11,C00389,P0068,Fashion Product 068,Fashion,West,Mumbai,5,6082.72,15.0,25851.56,24330.9,1520.66,Net Banking,Completed
O000503,2025-06-06,C00444,P0039,Beauty Product 039,Beauty,South,Bengaluru,2,7352.91,10.0,13235.24,2179.34,11055.9,Wallet,Completed
O000504,2025-04-24,C00146,P0040,Sports Product 040,Sports,North,Jaipur,5,4584.31,15.0,19483.32,18337.25,1146.07,Card,Returned
O000505,2025-10-24,C00439,P0030,Sports Product 030,Sports,Central,Bhopal,2,3054.9,10.0,5498.82,4887.84,610.98,Cash,Completed
O000506,2025-05-30,C00488,P0086,Electronics Product 086,Electronics,East,Bhubaneswar,3,7032.55,10.0,18987.89,11380.71,7607.18,Cash,Completed
O000507,2025-04-27,C00013,P0014,Beauty Product 014,Beauty,South,Hyderabad,2,4289.52,10.0,7721.14,6863.24,857.9,Net Banking,Completed
O000508,2025-07-15,C00135,P0014,Beauty Product 014,Beauty,South,Bengaluru,4,4289.52,0.0,17158.08,13726.48,3431.6,Wallet,Completed
O000509,2025-10-03,C00125,P0043,Fashion Product 043,Fashion,South,Bengaluru,4,2271.05,0.0,9084.2,7267.36,1816.84,Wallet,Completed
O000510,2025-04-10,C00074,P0086,Electronics Product 086,Electronics,North,Delhi,2,7032.55,15.0,11955.33,7587.14,4368.19,Card,Completed
O000511,2025-12-08,C00105,P0073,Fashion Product 073,Fashion,North,Jaipur,3,1490.03,15.0,3799.58,2617.56,1182.02,UPI,Completed
O000512,2025-06-18,C00455,P0100,Sports Product 100,Sports,East,Kolkata,5,6735.82,15.0,28627.23,20298.1,8329.13,Card,Returned
O000513,2025-08-29,C00226,P0086,Electronics Product 086,Electronics,West,Mumbai,1,7032.55,0.0,7032.55,3793.57,3238.98,Cash,Completed
O000514,2025-12-15,C00087,P0059,Beauty Product 059,Beauty,Central,Bhopal,3,1289.86,15.0,3289.14,3095.67,193.47,UPI,Completed
O000515,2025-06-07,C00171,P0094,Beauty Product 094,Beauty,West,Mumbai,4,5366.1,0.0,21464.4,17171.52,4292.88,Net Banking,Completed
O000516,2025-03-14,C00090,P0054,Beauty Product 054,Beauty,South,Bengaluru,3,4876.35,10.0,13166.15,11703.24,1462.91,UPI,Completed
O000517,2025-09-30,C00419,P0074,Beauty Product 074,Beauty,East,Bhubaneswar,2,2907.59,0.0,5815.18,4277.0,1538.18,Card,Returned
O000518,2025-01-03,C00491,P0012,Home Product 012,Home,East,Guwahati,5,4256.45,5.0,20218.14,10048.4,10169.74,Net Banking,Completed
O000519,2025-06-16,C00193,P0026,Electronics Product 026,Electronics,West,Mumbai,4,2848.75,5.0,10825.25,6346.28,4478.97,Card,Completed
O000520,2025-12-23,C00498,P0007,Home Product 007,Home,South,Bengaluru,2,5553.32,5.0,10551.31,8362.5,2188.81,Card,Completed
O000521,2025-05-31,C00176,P0017,Home Product 017,Home,East,Kolkata,3,4364.81,5.0,12439.71,10475.55,1964.16,Wallet,Completed
O000522,2025-09-07,C00195,P0056,Electronics Product 056,Electronics,West,Pune,4,7138.32,20.0,22842.62,8047.52,14795.1,Wallet,Cancelled
O000523,2025-07-11,C00128,P0014,Beauty Product 014,Beauty,Central,Nagpur,4,4289.52,10.0,15442.27,13726.48,1715.79,UPI,Completed
O000524,2025-03-20,C00440,P0038,Fashion Product 038,Fashion,Central,Bhopal,1,2947.65,20.0,2358.12,1211.23,1146.89,Cash,Completed
O000525,2025-04-26,C00306,P0061,Electronics Product 061,Electronics,West,Mumbai,3,7647.57,0.0,22942.71,13443.78,9498.93,Cash,Completed
O000526,2025-07-10,C00288,P0018,Fashion Product 018,Fashion,North,Jaipur,3,6795.4,15.0,17328.27,854.91,16473.36,Cash,Completed
O000527,2025-02-07,C00271,P0066,Electronics Product 066,Electronics,South,Chennai,5,5295.06,0.0,26475.3,5507.6,20967.7,Cash,Completed
O000528,2025-06-01,C00464,P0070,Sports Product 070,Sports,South,Hyderabad,2,4336.1,0.0,8672.2,6937.76,1734.44,Card,Completed
O000529,2025-06-01,C00080,P0022,Home Product 022,Home,East,Kolkata,3,5577.75,0.0,16733.25,11651.22,5082.03,Net Banking,Completed
O000530,2025-10-31,C00367,P0066,Electronics Product 066,Electronics,East,Bhubaneswar,1,5295.06,5.0,5030.31,1101.52,3928.79,Cash,Returned
O000531,2025-02-15,C00480,P0020,Sports Product 020,Sports,North,Jaipur,2,3689.4,5.0,7009.86,5903.04,1106.82,Wallet,Completed
O000532,2025-11-03,C00384,P0020,Sports Product 020,Sports,Central,Nagpur,4,3689.4,15.0,12543.96,11806.08,737.88,Cash,Completed
O000533,2025-05-30,C00412,P0037,Home Product 037,Home,West,Pune,3,7720.82,15.0,19688.09,2123.58,17564.51,Cash,Completed
O000534,2025-08-26,C00232,P0057,Home Product 057,Home,North,Delhi,4,8123.2,15.0,27618.88,7025.64,20593.24,UPI,Returned
O000535,2025-07-22,C00072,P0047,Home Product 047,Home,East,Bhubaneswar,5,4959.99,0.0,24799.95,19839.95,4960.0,Cash,Completed
O000536,2025-04-20,C00308,P0079,Beauty Product 079,Beauty,North,Jaipur,3,6934.89,10.0,18724.2,14045.58,4678.62,Card,Completed
O000537,2025-12-05,C00335,P0086,Electronics Product 086,Electronics,North,Chandigarh,3,7032.55,0.0,21097.65,11380.71,9716.94,Card,Cancelled
O000538,2025-03-23,C00449,P0045,Sports Product 045,Sports,West,Mumbai,4,3762.55,0.0,15050.2,12040.16,3010.04,Wallet,Pending
O000539,2025-01-14,C00466,P0089,Beauty Product 089,Beauty,South,Hyderabad,3,5780.76,0.0,17342.28,13873.83,3468.45,Wallet,Completed
O000540,2025-10-01,C00485,P0057,Home Product 057,Home,Central,Nagpur,2,8123.2,10.0,14621.76,3512.82,11108.94,Card,Completed
O000541,2025-08-15,C00134,P0092,Home Product 092,Home,Central,Nagpur,5,5945.72,20.0,23782.88,15289.65,8493.23,Card,Completed
O000542,2025-11-21,C00423,P0003,Fashion Product 003,Fashion,South,Chennai,4,6788.51,15.0,23080.93,15461.64,7619.29,UPI,Completed
O000543,2025-06-16,C00268,P0040,Sports Product 040,Sports,East,Guwahati,4,4584.31,15.0,15586.65,14669.8,916.85,UPI,Completed
O000544,2025-01-07,C00362,P0072,Home Product 072,Home,North,Jaipur,1,6223.26,0.0,6223.26,4069.59,2153.67,UPI,Cancelled
O000545,2025-01-08,C00175,P0094,Beauty Product 094,Beauty,West,Ahmedabad,4,5366.1,0.0,21464.4,17171.52,4292.88,Card,Completed
O000546,2025-06-07,C00094,P0058,Fashion Product 058,Fashion,North,Chandigarh,2,3370.65,5.0,6404.23,5393.04,1011.19,UPI,Completed
O000547,2025-04-01,C00269,P0083,Fashion Product 083,Fashion,North,Chandigarh,4,3893.45,20.0,12459.04,12459.04,0.0,Wallet,Completed
O000548,2025-12-02,C00310,P0069,Beauty Product 069,Beauty,South,Hyderabad,5,2337.25,10.0,10517.62,1581.0,8936.62,Card,Completed
O000549,2025-02-13,C00058,P0046,Electronics Product 046,Electronics,Central,Bhopal,5,8168.47,10.0,36758.11,1791.6,34966.51,Card,Completed
O000550,2025-11-17,C00016,P0054,Beauty Product 054,Beauty,West,Ahmedabad,1,4876.35,15.0,4144.9,3901.08,243.82,Wallet,Completed
O000551,2025-03-20,C00116,P0013,Fashion Product 013,Fashion,West,Pune,2,4305.64,5.0,8180.72,1734.26,6446.46,UPI,Completed
O000552,2025-02-13,C00161,P0041,Electronics Product 041,Electronics,West,Ahmedabad,2,5698.77,0.0,11397.54,6048.94,5348.6,Cash,Returned
O000553,2025-04-10,C00012,P0087,Home Product 087,Home,East,Kolkata,3,5255.47,5.0,14978.09,1698.45,13279.64,Card,Completed
O000554,2025-02-22,C00243,P0005,Sports Product 005,Sports,Central,Nagpur,2,7082.09,20.0,11331.34,6616.72,4714.62,Cash,Completed
O000555,2025-05-27,C00084,P0074,Beauty Product 074,Beauty,Central,Nagpur,5,2907.59,10.0,13084.16,10692.5,2391.66,,Completed
O000556,2025-05-01,C00293,P0028,Fashion Product 028,Fashion,South,Hyderabad,2,7012.16,15.0,11920.67,4360.68,7559.99,Net Banking,Completed
O000557,2025-07-12,C00282,P0037,Home Product 037,Home,Central,Nagpur,2,7720.82,20.0,12353.31,1415.72,10937.59,UPI,Completed
O000558,2025-07-15,C00016,P0065,Sports Product 065,Sports,West,Ahmedabad,1,7148.9,20.0,5719.12,833.1,4886.02,UPI,Completed
O000559,2025-01-01,C00316,P0055,Sports Product 055,Sports,North,Delhi,5,1679.4,0.0,8397.0,6717.6,1679.4,Card,Completed
O000560,2025-02-15,C00009,P0032,Home Product 032,Home,North,Chandigarh,2,2912.1,10.0,5241.78,4119.7,1122.08,Net Banking,Completed
O000561,2025-02-28,C00041,P0027,Home Product 027,Home,West,Ahmedabad,1,6771.19,0.0,6771.19,2895.9,3875.29,Net Banking,Completed
O000562,2025-03-12,C00059,P0096,Electronics Product 096,Electronics,Central,Indore,3,2784.06,5.0,7934.57,6681.75,1252.82,Cash,Completed
O000563,2025-02-04,C00009,P0071,Electronics Product 071,Electronics,North,Chandigarh,2,5148.93,10.0,9268.07,7095.5,2172.57,Net Banking,Completed
O000564,2025-04-25,C00357,P0048,Fashion Product 048,Fashion,Central,Nagpur,5,8002.61,15.0,34011.09,12904.3,21106.79,Net Banking,Completed
O000565,2025-07-20,C00478,P0019,Beauty Product 019,Beauty,East,Bhubaneswar,1,6745.83,15.0,5733.96,3599.54,2134.42,Net Banking,Returned
O000566,2025-04-23,C00249,P0092,Home Product 092,Home,North,Jaipur,2,5945.72,15.0,10107.72,6115.86,3991.86,Cash,Pending
O000567,2025-04-30,C00150,P0054,Beauty Product 054,Beauty,Central,Nagpur,3,4876.35,0.0,14629.05,11703.24,2925.81,UPI,Returned
O000568,2025-06-20,C00214,P0008,Fashion Product 008,Fashion,North,Jaipur,3,8265.58,5.0,23556.9,5802.0,17754.9,Net Banking,Completed
O000569,2025-07-19,C00315,P0036,Electronics Product 036,Electronics,North,Delhi,5,4569.04,0.0,22845.2,18276.15,4569.05,Net Banking,Pending
O000570,2025-05-01,C00209,P0012,Home Product 012,Home,West,Pune,3,4256.45,0.0,12769.35,6029.04,6740.31,Net Banking,Completed
O000571,2025-03-22,C00456,P0004,Beauty Product 004,Beauty,North,Jaipur,2,3466.38,0.0,6932.76,4778.66,2154.1,UPI,Completed
O000572,2025-05-30,C00444,P0022,Home Product 022,Home,South,Bengaluru,5,5577.75,15.0,23705.44,19418.7,4286.74,Net Banking,Completed
O000573,2025-01-09,C00302,P0039,Beauty Product 039,Beauty,East,Kolkata,5,7352.91,15.0,31249.87,5448.35,25801.52,Cash,Completed
O000574,2025-06-29,C00084,P0054,Beauty Product 054,Beauty,Central,Nagpur,2,4876.35,,8777.43,7802.16,975.27,Card,Completed
O000575,2025-12-09,C00011,P0055,Sports Product 055,Sports,North,Jaipur,5,1679.4,10.0,7557.3,6717.6,839.7,Cash,Completed
O000576,2025-05-25,C00406,P0059,Beauty Product 059,Beauty,East,Kolkata,4,1289.86,15.0,4385.52,4127.56,257.96,Wallet,Completed
O000577,2025-02-09,C00312,P0010,Sports Product 010,Sports,East,Kolkata,4,1734.32,15.0,5896.69,1832.28,4064.41,Net Banking,Cancelled
O000578,2025-09-15,C00354,P0021,Electronics Product 021,Electronics,South,Bengaluru,3,4281.14,0.0,12843.42,10274.73,2568.69,UPI,Completed
O000579,2025-03-12,C00064,P0011,Electronics Product 011,Electronics,South,Hyderabad,2,8240.08,10.0,14832.14,7575.24,7256.9,UPI,Completed
O000580,2025-02-23,C00346,P0075,Sports Product 075,Sports,Central,Bhopal,5,8144.99,0.0,40724.95,16993.05,23731.9,Card,Returned
O000581,2025-11-18,C00467,P0060,Sports Product 060,Sports,East,Bhubaneswar,5,7633.42,10.0,34350.39,24818.9,9531.49,Wallet,Completed
O000582,2025-12-24,C00440,P0072,Home Product 072,Home,Central,Bhopal,1,6223.26,10.0,5600.93,4069.59,1531.34,Cash,Completed
O000583,2025-07-27,C00049,P0009,Beauty Product 009,Beauty,West,Ahmedabad,2,4934.15,20.0,7894.64,7894.64,-0.0,Card,Pending
O000584,2025-08-13,C00427,P0089,Beauty Product 089,Beauty,North,Jaipur,4,5780.76,0.0,23123.04,18498.44,4624.6,Wallet,Completed
O000585,2025-08-23,C00379,P0005,Sports Product 005,Sports,North,Delhi,4,7082.09,5.0,26911.94,13233.44,13678.5,Net Banking,Completed
O000586,2025-08-11,C00269,P0048,Fashion Product 048,Fashion,North,Chandigarh,2,8002.61,5.0,15204.96,5161.72,10043.24,Card,Completed
O000587,2025-07-18,C00367,P0042,Home Product 042,Home,East,Bhubaneswar,5,2781.36,10.0,12516.12,11125.45,1390.67,Net Banking,Pending
O000588,2025-12-26,C00426,P0074,Beauty Product 074,Beauty,East,Kolkata,1,2907.59,10.0,2616.83,2138.5,478.33,Net Banking,Completed
O000589,2025-09-24,C00371,P0049,Beauty Product 049,Beauty,East,Bhubaneswar,1,3123.84,20.0,2499.07,2499.07,0.0,Net Banking,Completed
O000590,2025-05-23,C00342,P0096,Electronics Product 096,Electronics,South,Chennai,2,2784.06,0.0,5568.12,4454.5,1113.62,Cash,Completed
O000591,2025-12-21,C00170,P0079,Beauty Product 079,Beauty,North,Delhi,1,6934.89,15.0,5894.66,4681.86,1212.8,Card,Completed
O000592,2025-05-27,C00189,P0036,Electronics Product 036,Electronics,West,Mumbai,2,4569.04,10.0,8224.27,7310.46,913.81,UPI,Completed
O000593,2025-03-16,C00178,P0049,Beauty Product 049,Beauty,West,Ahmedabad,3,3123.84,20.0,7497.22,7497.21,0.01,Net Banking,Cancelled
O000594,2025-11-13,C00012,P0051,Electronics Product 051,Electronics,East,Kolkata,3,7669.29,15.0,19556.69,12524.67,7032.02,Card,Pending
O000595,2025-08-15,C00199,P0030,Sports Product 030,Sports,North,Delhi,2,3054.9,0.0,6109.8,4887.84,1221.96,Net Banking,Completed
O000596,2025-07-24,C00094,P0017,Home Product 017,Home,North,Chandigarh,5,4364.81,20.0,17459.24,17459.25,-0.01,Card,Completed
O000597,2025-06-02,C00009,P0077,Home Product 077,Home,North,Chandigarh,5,4076.73,15.0,17326.1,16306.9,1019.2,Cash,Completed
O000598,2025-02-15,C00272,P0034,Beauty Product 034,Beauty,East,Bhubaneswar,4,7768.65,0.0,31074.6,19276.04,11798.56,UPI,Completed
O000599,2025-05-20,C00287,P0051,Electronics Product 051,Electronics,South,Hyderabad,1,7669.29,10.0,6902.36,4174.89,2727.47,Cash,Completed
O000600,2025-06-09,C00182,P0054,Beauty Product 054,Beauty,North,Delhi,5,4876.35,15.0,20724.49,19505.4,1219.09,Wallet,Completed
O000601,2025-12-05,C00065,P0063,Fashion Product 063,Fashion,West,Ahmedabad,4,2531.09,10.0,9111.92,8099.48,1012.44,Card,Completed
O000602,2025-04-22,C00239,P0006,Electronics Product 006,Electronics,West,Pune,4,4936.68,10.0,17772.05,5317.52,12454.53,UPI,Completed
O000603,2025-02-24,C00456,P0088,Fashion Product 088,Fashion,North,Jaipur,2,5208.94,0.0,10417.88,8334.3,2083.58,Cash,Completed
O000604,2025-06-05,C00018,P0006,Electronics Product 006,Electronics,South,Bengaluru,3,4936.68,0.0,14810.04,3988.14,10821.9,Card,Completed
O000605,2025-12-29,C00286,P0019,Beauty Product 019,Beauty,West,Ahmedabad,4,6745.83,15.0,22935.82,14398.16,8537.66,Wallet,Completed
O000606,2025-06-25,C00350,P0039,Beauty Product 039,Beauty,East,Bhubaneswar,1,7352.91,0.0,7352.91,1089.67,6263.24,Card,Completed
O000607,2025-05-19,C00129,P0040,Sports Product 040,Sports,East,Kolkata,2,4584.31,20.0,7334.9,7334.9,-0.0,Wallet,Pending
O000608,2025-08-31,C00054,P0051,Electronics Product 051,Electronics,North,Delhi,1,7669.29,5.0,7285.83,4174.89,3110.94,Net Banking,Completed
O000609,2025-08-25,C00106,P0095,Sports Product 095,Sports,South,Chennai,4,2495.1,20.0,7984.32,5498.16,2486.16,Net Banking,Completed
O000610,2025-04-19,C00236,P0056,Electronics Product 056,Electronics,North,Chandigarh,3,7138.32,0.0,21414.96,6035.64,15379.32,Card,Completed
O000611,2025-12-19,C00159,P0012,Home Product 012,Home,East,Bhubaneswar,5,4256.45,10.0,19154.03,10048.4,9105.63,Wallet,Completed
O000612,2025-08-04,C00318,P0030,Sports Product 030,Sports,West,Pune,4,3054.9,20.0,9775.68,9775.68,0.0,UPI,Completed
O000613,2025-01-21,C00310,P0030,Sports Product 030,Sports,South,Hyderabad,5,3054.9,15.0,12983.32,12219.6,763.72,Cash,Completed
O000614,2025-05-29,C00063,P0092,Home Product 092,Home,East,Guwahati,1,5945.72,10.0,5351.15,3057.93,2293.22,UPI,Cancelled
O000615,2025-12-02,C00469,P0030,Sports Product 030,Sports,North,Jaipur,1,3054.9,10.0,2749.41,2443.92,305.49,UPI,Returned
O000616,2025-05-24,C00057,P0091,Electronics Product 091,Electronics,West,Ahmedabad,4,1897.13,20.0,6070.82,2052.52,4018.3,Wallet,Completed
O000617,2025-07-26,C00007,P0008,Fashion Product 008,Fashion,East,Bhubaneswar,1,8265.58,20.0,6612.46,1934.0,4678.46,Net Banking,Completed
O000618,2025-08-11,C00358,P0091,Electronics Product 091,Electronics,East,Guwahati,1,1897.13,5.0,1802.27,513.13,1289.14,UPI,Pending
O000619,2025-09-14,C00286,P0026,Electronics Product 026,Electronics,West,Ahmedabad,1,2848.75,15.0,2421.44,1586.57,834.87,Net Banking,Completed
O000620,2025-11-14,C00013,P0056,Electronics Product 056,Electronics,South,Hyderabad,1,7138.32,20.0,5710.66,2011.88,3698.78,Wallet,Completed
O000621,2025-02-24,C00020,P0062,Home Product 062,Home,South,Bengaluru,2,6676.1,20.0,10681.76,3501.32,7180.44,Cash,Pending
O000622,2025-07-08,C00110,P0083,Fashion Product 083,Fashion,North,Delhi,4,3893.45,15.0,13237.73,12459.04,778.69,Wallet,Completed
O000623,2025-07-14,C00258,P0030,Sports Product 030,Sports,West,Pune,3,3054.9,10.0,8248.23,7331.76,916.47,UPI,Returned
O000624,2025-02-25,C00018,P0100,Sports Product 100,Sports,South,Bengaluru,3,6735.82,10.0,18186.71,12178.86,6007.85,Net Banking,Returned
O000625,2025-09-03,C00345,P0090,Sports Product 090,Sports,West,Mumbai,4,1423.92,0.0,5695.68,3918.64,1777.04,Card,Cancelled
O000626,2025-02-13,C00214,P0033,Fashion Product 033,Fashion,North,Jaipur,4,2460.76,15.0,8366.58,7874.44,492.14,UPI,Completed
O000627,2025-06-16,C00139,P0067,Home Product 067,Home,Central,Bhopal,3,2982.59,15.0,7605.6,3549.18,4056.42,Card,Completed
O000628,2025-05-01,C00092,P0030,Sports Product 030,Sports,East,Guwahati,4,3054.9,15.0,10386.66,9775.68,610.98,Net Banking,Completed
O000629,2025-02-26,C00228,P0032,Home Product 032,Home,Central,Bhopal,1,2912.1,0.0,2912.1,2059.85,852.25,Cash,Completed
O000630,2025-10-27,C00084,P0042,Home Product 042,Home,Central,Nagpur,5,2781.36,20.0,11125.44,11125.45,-0.01,Cash,Pending
O000631,2025-03-30,C00248,P0005,Sports Product 005,Sports,East,Bhubaneswar,3,7082.09,15.0,18059.33,9925.08,8134.25,Cash,Completed
O000632,2025-04-03,C00181,P0089,Beauty Product 089,Beauty,North,Delhi,1,5780.76,0.0,5780.76,4624.61,1156.15,Wallet,Returned
O000633,2025-11-07,C00277,P0050,Sports Product 050,Sports,West,Ahmedabad,3,4011.29,5.0,11432.18,8169.57,3262.61,UPI,Cancelled
O000634,2025-11-16,C00027,P0004,Beauty Product 004,Beauty,East,Guwahati,2,3466.38,15.0,5892.85,4778.66,1114.19,Wallet,Completed
O000635,2025-01-13,C00235,P0070,Sports Product 070,Sports,South,Bengaluru,1,4336.1,5.0,4119.3,3468.88,650.41,Cash,Completed
O000636,2025-04-12,C00347,P0032,Home Product 032,Home,South,Bengaluru,5,2912.1,5.0,13832.47,10299.25,3533.22,Net Banking,Completed
O000637,2025-09-16,C00239,P0053,Fashion Product 053,Fashion,West,Pune,2,5775.38,15.0,9818.15,3171.72,6646.43,Card,Completed
O000638,2025-10-11,C00085,P0080,Sports Product 080,Sports,Central,Indore,1,4972.04,10.0,4474.84,3977.63,497.21,Wallet,Returned
O000639,2025-12-30,C00453,P0043,Fashion Product 043,Fashion,North,Delhi,4,2271.05,20.0,7267.36,7267.36,0.0,Net Banking,Completed
O000640,2025-07-21,C00400,P0015,Sports Product 015,Sports,Central,Indore,4,4470.33,5.0,16987.25,14305.04,2682.21,Net Banking,Completed
O000641,2025-01-03,C00266,P0064,Beauty Product 064,Beauty,South,Bengaluru,5,7994.51,0.0,39972.55,7483.45,32489.1,Wallet,Completed
O000642,2025-11-15,C00175,P0094,Beauty Product 094,Beauty,West,Ahmedabad,3,5366.1,10.0,14488.47,12878.64,1609.83,Card,Returned
O000643,2025-02-28,C00103,P0027,Home Product 027,Home,North,Chandigarh,5,6771.19,20.0,27084.76,14479.5,12605.26,Card,Completed
O000644,2025-02-13,C00282,P0100,Sports Product 100,Sports,Central,Nagpur,3,6735.82,15.0,17176.34,12178.86,4997.48,Wallet,Pending
O000645,2025-09-03,C00373,P0003,Fashion Product 003,Fashion,South,Chennai,3,6788.51,10.0,18328.98,11596.23,6732.75,Wallet,Completed
O000646,2025-08-08,C00023,P0038,Fashion Product 038,Fashion,North,Jaipur,1,2947.65,10.0,2652.89,1211.23,1441.66,Net Banking,Completed
O000647,2025-01-22,C00197,P0041,Electronics Product 041,Electronics,East,Kolkata,2,5698.77,10.0,10257.79,6048.94,4208.85,Card,Pending
O000648,2025-03-03,C00107,P0032,Home Product 032,Home,North,Delhi,1,2912.1,10.0,2620.89,2059.85,561.04,Cash,Completed
O000649,2025-08-03,C00496,P0017,Home Product 017,Home,Central,Nagpur,3,4364.81,10.0,11784.99,10475.55,1309.44,UPI,Completed
O000650,2025-04-03,C00098,P0043,Fashion Product 043,Fashion,Central,Bhopal,1,2271.05,10.0,2043.95,1816.84,227.11,Net Banking,Completed
O000651,2025-09-06,C00004,P0038,Fashion Product 038,Fashion,North,Jaipur,3,2947.65,15.0,7516.51,3633.69,3882.82,Wallet,Completed
O000652,2025-05-30,C00106,P0043,Fashion Product 043,Fashion,South,Chennai,2,2271.05,0.0,4542.1,3633.68,908.42,UPI,Pending
O000653,2025-08-03,C00377,P0054,Beauty Product 054,Beauty,East,Bhubaneswar,4,4876.35,10.0,17554.86,15604.32,1950.54,Net Banking,Cancelled
O000654,2025-06-22,C00129,P0020,Sports Product 020,Sports,East,Kolkata,1,3689.4,5.0,3504.93,2951.52,553.41,Wallet,Completed
O000655,2025-05-13,C00451,P0086,Electronics Product 086,Electronics,North,Delhi,1,7032.55,5.0,6680.92,3793.57,2887.35,Cash,Completed
O000656,2025-05-05,C00392,P0061,Electronics Product 061,Electronics,North,Delhi,4,7647.57,10.0,27531.25,17925.04,9606.21,UPI,Completed
O000657,2025-09-11,C00036,P0034,Beauty Product 034,Beauty,Central,Indore,5,7768.65,5.0,36901.09,24095.05,12806.04,Net Banking,Completed
O000658,2025-07-07,C00128,P0074,Beauty Product 074,Beauty,Central,Nagpur,1,2907.59,10.0,2616.83,2138.5,478.33,Net Banking,Completed
O000659,2025-08-05,C00295,P0051,Electronics Product 051,Electronics,West,Mumbai,5,7669.29,20.0,30677.16,20874.45,9802.71,Card,Completed
O000660,2025-07-30,C00002,P0079,Beauty Product 079,Beauty,East,Guwahati,3,6934.89,10.0,18724.2,14045.58,4678.62,UPI,Pending
O000661,2025-03-17,C00223,P0029,Beauty Product 029,Beauty,North,Delhi,5,1220.38,5.0,5796.81,1789.4,4007.41,UPI,Pending
O000662,2025-11-29,C00462,P0091,Electronics Product 091,Electronics,Central,Nagpur,3,1897.13,20.0,4553.11,1539.39,3013.72,Net Banking,Completed
O000663,2025-07-24,C00145,P0013,Fashion Product 013,Fashion,East,Guwahati,2,4305.64,10.0,7750.15,1734.26,6015.89,Cash,Returned
O000664,2025-09-19,C00375,P0036,Electronics Product 036,Electronics,Central,Indore,2,4569.04,5.0,8681.18,7310.46,1370.72,Net Banking,Completed
O000665,2025-11-18,C00419,P0064,Beauty Product 064,Beauty,East,Bhubaneswar,4,7994.51,5.0,30379.14,5986.76,24392.38,Card,Completed
O000666,2025-12-03,C00221,P0098,Fashion Product 098,Fashion,North,Delhi,1,7898.73,0.0,7898.73,496.82,7401.91,Wallet,Returned
O000667,2025-08-31,C00154,P0009,Beauty Product 009,Beauty,East,Kolkata,4,4934.15,10.0,17762.94,15789.28,1973.66,Net Banking,Cancelled
O000668,2025-10-14,C00332,P0021,Electronics Product 021,Electronics,West,Ahmedabad,2,4281.14,15.0,7277.94,6849.82,428.12,UPI,Completed
O000669,2025-06-21,C00209,P0077,Home Product 077,Home,West,Pune,3,4076.73,5.0,11618.68,9784.14,1834.54,Card,Returned
O000670,2025-09-26,C00228,P0038,Fashion Product 038,Fashion,Central,Bhopal,4,2947.65,15.0,10022.01,4844.92,5177.09,Wallet,Completed
O000671,2025-04-28,C00182,P0055,Sports Product 055,Sports,North,Delhi,4,1679.4,10.0,6045.84,5374.08,671.76,Cash,Completed
O000672,2025-09-17,C00431,P0018,Fashion Product 018,Fashion,West,Mumbai,4,6795.4,15.0,23104.36,1139.88,21964.48,UPI,Cancelled
O000673,2025-02-01,C00024,P0025,Sports Product 025,Sports,North,Jaipur,2,5379.58,5.0,10221.2,8607.32,1613.88,Cash,Pending
O000674,2025-11-29,C00441,P0020,Sports Product 020,Sports,Central,Indore,2,3689.4,10.0,6640.92,5903.04,737.88,UPI,Completed
O000675,2025-03-31,C00261,P0023,Fashion Product 023,Fashion,South,Bengaluru,4,3632.79,5.0,13804.6,11624.92,2179.68,Card,Completed
O000676,2025-08-27,C00396,P0095,Sports Product 095,Sports,South,Bengaluru,1,2495.1,10.0,2245.59,1374.54,871.05,Wallet,Completed
O000677,2025-01-05,C00404,P0071,Electronics Product 071,Electronics,East,Kolkata,3,5148.93,5.0,14674.45,10643.25,4031.2,UPI,Completed
O000678,2025-02-26,C00183,P0056,Electronics Product 056,Electronics,North,Delhi,5,7138.32,10.0,32122.44,10059.4,22063.04,Wallet,Completed
O000679,2025-12-26,C00466,P0065,Sports Product 065,Sports,South,Hyderabad,2,7148.9,5.0,13582.91,1666.2,11916.71,Net Banking,Completed
O000680,2025-10-31,C00461,P0099,Beauty Product 099,Beauty,West,,4,7721.23,0.0,30884.92,17027.92,13857.0,Net Banking,Completed
O000681,2025-03-22,C00080,P0081,Electronics Product 081,Electronics,East,Kolkata,5,6874.54,10.0,30935.43,20948.95,9986.48,Card,Completed
O000682,2025-02-17,C00167,P0010,Sports Product 010,Sports,West,Ahmedabad,4,1734.32,5.0,6590.42,1832.28,4758.14,Card,Completed
O000683,2025-10-24,C00169,P0027,Home Product 027,Home,West,Mumbai,4,6771.19,5.0,25730.52,11583.6,14146.92,Cash,Completed
O000684,2025-12-27,C00358,P0088,Fashion Product 088,Fashion,East,Guwahati,1,5208.94,,4688.05,4167.15,520.9,Wallet,Completed
O000685,2025-03-03,C00060,P0011,Electronics Product 011,Electronics,West,Ahmedabad,3,8240.08,5.0,23484.23,11362.86,12121.37,Net Banking,Completed
O000686,2025-08-30,C00129,P0022,Home Product 022,Home,East,Kolkata,3,5577.75,15.0,14223.26,11651.22,2572.04,UPI,Completed
O000687,2025-04-14,C00021,P0059,Beauty Product 059,Beauty,North,Chandigarh,2,1289.86,15.0,2192.76,2063.78,128.98,Card,Completed
O000688,2025-09-28,C00371,P0020,Sports Product 020,Sports,East,Bhubaneswar,5,3689.4,15.0,15679.95,14757.6,922.35,Wallet,Completed
O000689,2025-06-02,C00350,P0062,Home Product 062,Home,East,Bhubaneswar,1,6676.1,10.0,6008.49,1750.66,4257.83,UPI,Completed
O000690,2025-02-15,C00156,P0075,Sports Product 075,Sports,West,Ahmedabad,1,8144.99,0.0,8144.99,3398.61,4746.38,Cash,Completed
O000691,2025-04-29,C00430,P0059,Beauty Product 059,Beauty,East,Kolkata,1,1289.86,0.0,1289.86,1031.89,257.97,Cash,Completed
O000692,2025-07-16,C00231,P0027,Home Product 027,Home,West,Mumbai,3,6771.19,0.0,20313.57,8687.7,11625.87,UPI,Completed
O000693,2025-10-18,C00020,P0065,Sports Product 065,Sports,South,Bengaluru,5,7148.9,20.0,28595.6,4165.5,24430.1,UPI,Completed
O000694,2025-01-08,C00052,P0028,Fashion Product 028,Fashion,South,Chennai,2,7012.16,15.0,11920.67,4360.68,7559.99,UPI,Completed
O000695,2025-12-15,C00397,P0006,Electronics Product 006,Electronics,East,Guwahati,2,4936.68,5.0,9379.69,2658.76,6720.93,Card,Completed
O000696,2025-08-25,C00040,P0071,Electronics Product 071,Electronics,South,Chennai,3,5148.93,20.0,12357.43,10643.25,1714.18,Net Banking,Completed
O000697,2025-11-15,C00455,P0011,Electronics Product 011,Electronics,East,,2,8240.08,10.0,14832.14,7575.24,7256.9,Net Banking,Completed
O000698,2025-12-05,C00384,P0059,Beauty Product 059,Beauty,Central,Nagpur,5,1289.86,5.0,6126.83,5159.45,967.38,Card,Completed
O000699,2025-02-25,C00399,P0036,Electronics Product 036,Electronics,North,Jaipur,5,4569.04,10.0,20560.68,18276.15,2284.53,Net Banking,Completed
O000700,2025-02-04,C00190,P0096,Electronics Product 096,Electronics,East,Guwahati,4,2784.06,15.0,9465.8,8909.0,556.8,UPI,Completed
O000701,2025-10-10,C00472,P0051,Electronics Product 051,Electronics,South,Hyderabad,5,7669.29,0.0,38346.45,20874.45,17472.0,Wallet,Cancelled
O000702,2025-03-10,C00461,P0042,Home Product 042,Home,West,Mumbai,5,2781.36,20.0,11125.44,11125.45,-0.01,Wallet,Completed
O000703,2025-02-23,C00409,P0089,Beauty Product 089,Beauty,South,Hyderabad,5,5780.76,10.0,26013.42,23123.05,2890.37,Net Banking,Completed
O000704,2025-06-20,C00428,P0066,Electronics Product 066,Electronics,West,Pune,5,5295.06,10.0,23827.77,5507.6,18320.17,UPI,Completed
O000705,2025-11-29,C00143,P0085,Sports Product 085,Sports,North,Chandigarh,1,3007.51,10.0,2706.76,2406.01,300.75,Card,Completed
O000706,2025-10-17,C00398,P0001,Electronics Product 001,Electronics,South,Bengaluru,2,4907.86,10.0,8834.15,7852.58,981.57,Wallet,Completed
O000707,2025-07-08,C00129,P0008,Fashion Product 008,Fashion,East,Kolkata,4,8265.58,5.0,31409.2,7736.0,23673.2,UPI,Completed
O000708,2025-03-13,C00022,P0022,Home Product 022,Home,South,Bengaluru,2,5577.75,10.0,10039.95,7767.48,2272.47,Cash,Completed
O000709,2025-09-08,C00036,P0017,Home Product 017,Home,Central,Indore,4,4364.81,10.0,15713.32,13967.4,1745.92,Net Banking,Completed
O000710,2025-02-27,C00369,P0060,Sports Product 060,Sports,West,Pune,5,7633.42,10.0,34350.39,24818.9,9531.49,Cash,Cancelled
O000711,2025-07-10,C00485,P0029,Beauty Product 029,Beauty,Central,Nagpur,4,1220.38,10.0,4393.37,1431.52,2961.85,Card,Completed
O000712,2025-01-05,C00301,P0089,Beauty Product 089,Beauty,Central,Nagpur,5,5780.76,10.0,26013.42,23123.05,2890.37,Card,Completed
O000713,2025-04-29,C00210,P0036,Electronics Product 036,Electronics,East,Kolkata,1,4569.04,20.0,3655.23,3655.23,0.0,Wallet,Completed
O000714,2025-04-01,C00141,P0015,Sports Product 015,Sports,Central,Nagpur,4,4470.33,15.0,15199.12,14305.04,894.08,Net Banking,Pending
O000715,2025-09-05,C00339,P0017,Home Product 017,Home,Central,Indore,3,4364.81,15.0,11130.27,10475.55,654.72,Cash,Completed
O000716,2025-11-29,C00193,P0009,Beauty Product 009,Beauty,West,Mumbai,4,4934.15,0.0,19736.6,15789.28,3947.32,Net Banking,Completed
O000717,2025-02-23,C00124,P0053,Fashion Product 053,Fashion,East,Kolkata,4,5775.38,15.0,19636.29,6343.44,13292.85,Cash,Returned
O000718,2025-10-18,C00208,P0084,Beauty Product 084,Beauty,East,Bhubaneswar,5,5715.45,10.0,25719.53,11364.7,14354.83,Wallet,Cancelled
O000719,2025-08-27,C00227,P0040,Sports Product 040,Sports,East,Kolkata,5,4584.31,20.0,18337.24,18337.25,-0.01,Wallet,Completed
O000720,2025-12-20,C00408,P0077,Home Product 077,Home,Central,Indore,5,4076.73,20.0,16306.92,16306.9,0.02,Cash,Pending
O000721,2025-11-28,C00093,P0067,Home Product 067,Home,North,Chandigarh,3,2982.59,,7158.22,3549.18,3609.04,Card,Cancelled
O000722,2025-02-06,C00262,P0010,Sports Product 010,Sports,West,Ahmedabad,1,1734.32,5.0,1647.6,458.07,1189.53,Card,Completed
O000723,2025-09-28,C00100,P0014,Beauty Product 014,Beauty,South,Chennai,2,4289.52,20.0,6863.23,6863.24,-0.01,Cash,Cancelled
O000724,2025-08-04,C00476,P0056,Electronics Product 056,Electronics,Central,Indore,2,7138.32,0.0,14276.64,4023.76,10252.88,Cash,Completed
O000725,2025-02-11,C00206,P0078,Fashion Product 078,Fashion,South,Hyderabad,3,8229.86,15.0,20986.14,6722.37,14263.77,,Completed
O000726,2025-04-04,C00156,P0085,Sports Product 085,Sports,West,Ahmedabad,5,3007.51,15.0,12781.92,12030.05,751.87,UPI,Completed
O000727,2025-12-04,C00112,P0068,Fashion Product 068,Fashion,Central,Bhopal,1,6082.72,5.0,5778.58,4866.18,912.4,Net Banking,Completed
O000728,2025-07-17,C00149,P0077,Home Product 077,Home,North,Chandigarh,2,4076.73,10.0,7338.11,6522.76,815.35,Wallet,Completed
O000729,2025-05-04,C00139,P0020,Sports Product 020,Sports,Central,Bhopal,5,3689.4,10.0,16602.3,14757.6,1844.7,Net Banking,Completed
O000730,2025-04-27,C00360,P0025,Sports Product 025,Sports,North,Chandigarh,2,5379.58,15.0,9145.29,8607.32,537.97,Card,Completed
O000731,2025-11-01,C00009,P0097,Home Product 097,Home,North,Chandigarh,3,3422.29,5.0,9753.53,8213.49,1540.04,UPI,Completed
O000732,2025-04-14,C00229,P0057,Home Product 057,Home,East,Bhubaneswar,1,8123.2,15.0,6904.72,1756.41,5148.31,Wallet,Completed
O000733,2025-02-27,C00471,P0043,Fashion Product 043,Fashion,North,Chandigarh,1,2271.05,15.0,1930.39,1816.84,113.55,Net Banking,Completed
O000734,2025-07-28,C00298,P0018,Fashion Product 018,Fashion,East,Guwahati,5,6795.4,10.0,30579.3,1424.85,29154.45,Net Banking,Completed
O000735,2025-12-28,C00341,P0094,Beauty Product 094,Beauty,North,Jaipur,4,5366.1,20.0,17171.52,17171.52,0.0,Card,Completed
O000736,2025-03-08,C00451,P0055,Sports Product 055,Sports,North,Delhi,2,1679.4,15.0,2854.98,2687.04,167.94,Cash,Completed
O000737,2025-04-03,C00385,P0091,Electronics Product 091,Electronics,West,Mumbai,5,1897.13,10.0,8537.09,2565.65,5971.44,UPI,Completed
O000738,2025-06-20,C00446,P0058,Fashion Product 058,Fashion,South,Chennai,4,3370.65,15.0,11460.21,10786.08,674.13,UPI,Completed
O000739,2025-03-14,C00093,P0065,Sports Product 065,Sports,North,Chandigarh,3,7148.9,15.0,18229.69,2499.3,15730.39,Net Banking,Completed
O000740,2025-08-25,C00019,P0094,Beauty Product 094,Beauty,North,Chandigarh,1,5366.1,10.0,4829.49,4292.88,536.61,Cash,Returned
O000741,2025-04-03,C00015,P0013,Fashion Product 013,Fashion,West,Ahmedabad,3,4305.64,10.0,11625.23,2601.39,9023.84,Cash,Completed
O000742,2025-02-16,C00400,P0023,Fashion Product 023,Fashion,Central,Indore,5,3632.79,10.0,16347.56,14531.15,1816.41,Wallet,Completed
O000743,2025-04-06,C00260,P0001,Electronics Product 001,Electronics,South,,5,4907.86,20.0,19631.44,19631.45,-0.01,Wallet,Completed
O000744,2025-12-05,C00156,P0022,Home Product 022,Home,West,Ahmedabad,1,5577.75,10.0,5019.98,3883.74,1136.24,Wallet,Pending
O000745,2025-12-07,C00446,P0013,Fashion Product 013,Fashion,South,Chennai,5,4305.64,0.0,21528.2,4335.65,17192.55,Net Banking,Completed
O000746,2025-07-04,C00072,P0047,Home Product 047,Home,East,Bhubaneswar,2,4959.99,0.0,9919.98,7935.98,1984.0,UPI,Returned
O000747,2025-05-26,C00221,P0027,Home Product 027,Home,North,Delhi,1,6771.19,,5755.51,2895.9,2859.61,Net Banking,Completed
O000748,2025-10-26,C00175,P0008,Fashion Product 008,Fashion,West,Ahmedabad,3,8265.58,,19837.39,5802.0,14035.39,Wallet,Completed
O000749,2025-03-12,C00227,P0020,Sports Product 020,Sports,East,Kolkata,4,3689.4,15.0,12543.96,11806.08,737.88,Card,Completed
O000750,2025-08-27,C00381,P0070,Sports Product 070,Sports,West,Ahmedabad,2,4336.1,15.0,7371.37,6937.76,433.61,UPI,Completed
O000751,2025-09-05,C00279,P0061,Electronics Product 061,Electronics,West,Mumbai,2,7647.57,5.0,14530.38,8962.52,5567.86,Cash,Completed
O000752,2025-09-16,C00465,P0095,Sports Product 095,Sports,East,Bhubaneswar,1,2495.1,20.0,1996.08,1374.54,621.54,Card,Completed
O000753,2025-03-21,C00119,P0059,Beauty Product 059,Beauty,North,Jaipur,2,1289.86,15.0,2192.76,2063.78,128.98,Card,Completed
O000754,2025-09-18,C00465,P0038,Fashion Product 038,Fashion,East,Bhubaneswar,4,2947.65,0.0,11790.6,4844.92,6945.68,Cash,Completed
O000755,2025-08-11,C00207,P0095,Sports Product 095,Sports,Central,Bhopal,3,2495.1,10.0,6736.77,4123.62,2613.15,Card,Completed
O000756,2025-11-15,C00465,P0061,Electronics Product 061,Electronics,East,Bhubaneswar,4,7647.57,20.0,24472.22,17925.04,6547.18,UPI,Pending
O000757,2025-03-05,C00405,P0081,Electronics Product 081,Electronics,West,Mumbai,2,6874.54,10.0,12374.17,8379.58,3994.59,Card,Completed
O000758,2025-08-12,C00219,P0056,Electronics Product 056,Electronics,North,Jaipur,4,7138.32,5.0,27125.62,8047.52,19078.1,UPI,Completed
O000759,2025-10-29,C00172,P0029,Beauty Product 029,Beauty,Central,Bhopal,2,1220.38,5.0,2318.72,715.76,1602.96,Wallet,Completed
O000760,2025-04-12,C00462,P0061,Electronics Product 061,Electronics,Central,Nagpur,2,7647.57,5.0,14530.38,8962.52,5567.86,UPI,Completed
O000761,2025-09-28,C00300,P0083,Fashion Product 083,Fashion,East,Guwahati,3,3893.45,10.0,10512.31,9344.28,1168.03,Wallet,Cancelled
O000762,2025-02-06,C00113,P0058,Fashion Product 058,Fashion,South,Bengaluru,4,3370.65,20.0,10786.08,10786.08,0.0,Card,Completed
O000763,2025-09-19,C00380,P0088,Fashion Product 088,Fashion,East,Kolkata,2,5208.94,5.0,9896.99,8334.3,1562.69,Wallet,Completed
O000764,2025-08-09,C00099,P0040,Sports Product 040,Sports,East,Bhubaneswar,2,4584.31,5.0,8710.19,7334.9,1375.29,Cash,Completed
O000765,2025-03-12,C00395,P0039,Beauty Product 039,Beauty,South,Bengaluru,4,7352.91,20.0,23529.31,4358.68,19170.63,Cash,Completed
O000766,2025-01-25,C00418,P0021,Electronics Product 021,Electronics,West,Pune,5,4281.14,10.0,19265.13,17124.55,2140.58,Card,Completed
O000767,2025-09-29,C00097,P0060,Sports Product 060,Sports,East,Bhubaneswar,1,7633.42,15.0,6488.41,4963.78,1524.63,Wallet,Completed
O000768,2025-03-29,C00375,P0063,Fashion Product 063,Fashion,Central,Indore,3,2531.09,5.0,7213.61,6074.61,1139.0,Cash,Completed
O000769,2025-07-01,C00446,P0026,Electronics Product 026,Electronics,South,Chennai,3,2848.75,0.0,8546.25,4759.71,3786.54,Net Banking,Returned
O000770,2025-01-23,C00486,P0040,Sports Product 040,Sports,West,Pune,2,4584.31,10.0,8251.76,7334.9,916.86,Net Banking,Pending
O000771,2025-12-17,C00095,P0063,Fashion Product 063,Fashion,West,Ahmedabad,4,2531.09,15.0,8605.71,8099.48,506.23,UPI,Returned
O000772,2025-07-19,C00423,P0012,Home Product 012,Home,South,Chennai,5,4256.45,10.0,19154.03,10048.4,9105.63,Wallet,Completed
O000773,2025-12-06,C00229,P0063,Fashion Product 063,Fashion,East,,3,2531.09,5.0,7213.61,6074.61,1139.0,Card,Returned
O000774,2025-02-28,C00424,P0003,Fashion Product 003,Fashion,East,Kolkata,2,6788.51,10.0,12219.32,7730.82,4488.5,Cash,Completed
O000775,2025-03-16,C00359,P0031,Electronics Product 031,Electronics,East,Bhubaneswar,2,6070.56,5.0,11534.06,1946.96,9587.1,Cash,Returned
O000776,2025-08-11,C00355,P0064,Beauty Product 064,Beauty,North,Delhi,3,7994.51,20.0,19186.82,4490.07,14696.75,Wallet,Completed
O000777,2025-08-09,C00117,P0067,Home Product 067,Home,South,Hyderabad,2,2982.59,0.0,5965.18,2366.12,3599.06,Wallet,Completed
O000778,2025-10-15,C00062,P0086,Electronics Product 086,Electronics,Central,Bhopal,3,7032.55,15.0,17933.0,11380.71,6552.29,Cash,Pending
O000779,2025-12-04,C00170,P0032,Home Product 032,Home,North,Delhi,2,2912.1,20.0,4659.36,4119.7,539.66,Card,Completed
O000780,2025-10-27,C00403,P0027,Home Product 027,Home,Central,Bhopal,4,6771.19,0.0,27084.76,11583.6,15501.16,UPI,Completed
O000781,2025-02-21,C00075,P0095,Sports Product 095,Sports,South,Chennai,2,2495.1,5.0,4740.69,2749.08,1991.61,Wallet,Completed
O000782,2025-04-23,C00458,P0093,Fashion Product 093,Fashion,East,Guwahati,5,4536.21,0.0,22681.05,8802.3,13878.75,Cash,Completed
O000783,2025-11-29,C00287,P0093,Fashion Product 093,Fashion,South,Hyderabad,4,4536.21,5.0,17237.6,7041.84,10195.76,Cash,Returned
O000784,2025-07-19,C00089,P0006,Electronics Product 006,Electronics,North,Delhi,5,4936.68,5.0,23449.23,6646.9,16802.33,UPI,Completed
O000785,2025-11-12,C00242,P0095,Sports Product 095,Sports,South,Bengaluru,1,2495.1,0.0,2495.1,1374.54,1120.56,Net Banking,Completed
O000786,2025-07-24,C00260,P0040,Sports Product 040,Sports,South,Chennai,2,4584.31,0.0,9168.62,7334.9,1833.72,Cash,Pending
O000787,2025-01-19,C00035,P0074,Beauty Product 074,Beauty,Central,Indore,4,2907.59,5.0,11048.84,8554.0,2494.84,Net Banking,Completed
O000788,2025-06-22,C00333,P0077,Home Product 077,Home,Central,Bhopal,4,4076.73,10.0,14676.23,13045.52,1630.71,Net Banking,Completed
O000789,2025-10-28,C00376,P0037,Home Product 037,Home,North,Chandigarh,5,7720.82,20.0,30883.28,3539.3,27343.98,Cash,Returned
O000790,2025-08-27,C00305,P0067,Home Product 067,Home,South,Chennai,5,2982.59,0.0,14912.95,5915.3,8997.65,Wallet,Completed
O000791,2025-02-18,C00431,P0074,Beauty Product 074,Beauty,West,Mumbai,3,2907.59,0.0,8722.77,6415.5,2307.27,Card,Completed
O000792,2025-03-18,C00448,P0098,Fashion Product 098,Fashion,North,Delhi,2,7898.73,5.0,15007.59,993.64,14013.95,Cash,Completed
O000793,2025-11-07,C00386,P0043,Fashion Product 043,Fashion,West,Pune,5,2271.05,5.0,10787.49,9084.2,1703.29,Net Banking,Completed
O000794,2025-12-23,C00219,P0048,Fashion Product 048,Fashion,North,Jaipur,2,8002.61,10.0,14404.7,5161.72,9242.98,Net Banking,Completed
O000795,2025-10-02,C00073,P0011,Electronics Product 011,Electronics,West,Pune,3,8240.08,20.0,19776.19,11362.86,8413.33,UPI,Completed
O000796,2025-02-05,C00491,P0035,Sports Product 035,Sports,East,Guwahati,4,8253.41,20.0,26410.91,6051.52,20359.39,UPI,Completed
O000797,2025-08-14,C00227,P0046,Electronics Product 046,Electronics,East,Kolkata,4,8168.47,10.0,29406.49,1433.28,27973.21,Cash,Completed
O000798,2025-10-29,C00469,P0068,Fashion Product 068,Fashion,North,Jaipur,1,6082.72,5.0,5778.58,4866.18,912.4,Cash,Completed
O000799,2025-08-22,C00470,P0071,Electronics Product 071,Electronics,Central,Indore,2,5148.93,10.0,9268.07,7095.5,2172.57,Wallet,Completed
O000800,2025-08-05,C00227,P0076,Electronics Product 076,Electronics,East,Kolkata,4,5803.55,10.0,20892.78,18571.36,2321.42,Wallet,Returned
O000801,2025-06-20,C00413,P0038,Fashion Product 038,Fashion,South,Bengaluru,5,2947.65,5.0,14001.34,6056.15,7945.19,Card,Completed
O000802,2025-03-31,C00494,P0004,Beauty Product 004,Beauty,West,Mumbai,2,3466.38,10.0,6239.48,4778.66,1460.82,Card,Cancelled
O000803,2025-04-13,C00372,P0092,Home Product 092,Home,South,Bengaluru,2,5945.72,10.0,10702.3,6115.86,4586.44,Cash,Completed
O000804,2025-09-29,C00466,P0004,Beauty Product 004,Beauty,South,Hyderabad,1,3466.38,20.0,2773.1,2389.33,383.77,Net Banking,Completed
O000805,2025-01-26,C00428,P0087,Home Product 087,Home,West,Pune,4,5255.47,10.0,18919.69,2264.6,16655.09,Wallet,Completed
O000806,2025-01-31,C00150,P0081,Electronics Product 081,Electronics,Central,Nagpur,1,6874.54,10.0,6187.09,4189.79,1997.3,Cash,Completed
O000807,2025-05-25,C00086,P0009,Beauty Product 009,Beauty,North,Jaipur,2,4934.15,10.0,8881.47,7894.64,986.83,Card,Completed
O000808,2025-10-09,C00048,P0083,Fashion Product 083,Fashion,South,Hyderabad,3,3893.45,15.0,9928.3,9344.28,584.02,Net Banking,Completed
O000809,2025-08-28,C00168,P0017,Home Product 017,Home,South,Chennai,4,4364.81,5.0,16586.28,13967.4,2618.88,Net Banking,Completed
O000810,2025-08-03,C00153,P0084,Beauty Product 084,Beauty,South,Chennai,4,5715.45,0.0,22861.8,9091.76,13770.04,UPI,Completed
O000811,2025-07-14,C00354,P0003,Fashion Product 003,Fashion,South,Bengaluru,5,6788.51,15.0,28851.17,19327.05,9524.12,Wallet,Completed
O000812,2025-02-10,C00262,P0081,Electronics Product 081,Electronics,West,Ahmedabad,3,6874.54,15.0,17530.08,12569.37,4960.71,UPI,Completed
O000813,2025-05-01,C00208,P0068,Fashion Product 068,Fashion,East,Bhubaneswar,5,6082.72,0.0,30413.6,24330.9,6082.7,Cash,Cancelled
O000814,2025-01-29,C00250,P0018,Fashion Product 018,Fashion,Central,Nagpur,3,6795.4,5.0,19366.89,854.91,18511.98,Card,Returned
O000815,2025-10-03,C00433,P0056,Electronics Product 056,Electronics,West,Mumbai,1,7138.32,15.0,6067.57,2011.88,4055.69,Net Banking,Completed
O000816,2025-10-01,C00167,P0034,Beauty Product 034,Beauty,West,Ahmedabad,3,7768.65,10.0,20975.35,14457.03,6518.32,Card,Completed
O000817,2025-04-04,C00128,P0021,Electronics Product 021,Electronics,Central,Nagpur,4,4281.14,10.0,15412.1,13699.64,1712.46,Card,Pending
O000818,2025-04-17,C00213,P0073,Fashion Product 073,Fashion,East,Guwahati,3,1490.03,10.0,4023.08,2617.56,1405.52,Wallet,Completed
O000819,2025-04-26,C00134,P0050,Sports Product 050,Sports,Central,Nagpur,1,4011.29,5.0,3810.73,2723.19,1087.54,Net Banking,Completed
O000820,2025-11-20,C00067,P0018,Fashion Product 018,Fashion,Central,Indore,5,6795.4,10.0,30579.3,1424.85,29154.45,Net Banking,Completed
O000821,2025-06-27,C00041,P0043,Fashion Product 043,Fashion,West,Ahmedabad,4,2271.05,10.0,8175.78,7267.36,908.42,Card,Completed
O000822,2025-10-05,C00210,P0045,Sports Product 045,Sports,East,Kolkata,1,3762.55,10.0,3386.3,3010.04,376.26,Wallet,Completed
O000823,2025-06-13,C00436,P0055,Sports Product 055,Sports,East,Kolkata,5,1679.4,15.0,7137.45,6717.6,419.85,Net Banking,Completed
O000824,2025-09-12,C00339,P0051,Electronics Product 051,Electronics,Central,Indore,3,7669.29,15.0,19556.69,12524.67,7032.02,Wallet,Pending
O000825,2025-07-12,C00149,P0094,Beauty Product 094,Beauty,North,Chandigarh,1,5366.1,15.0,4561.19,4292.88,268.31,Cash,Completed
O000826,2025-04-12,C00476,P0089,Beauty Product 089,Beauty,Central,Indore,4,5780.76,10.0,20810.74,18498.44,2312.3,Card,Completed
O000827,2025-11-15,C00150,P0064,Beauty Product 064,Beauty,Central,Nagpur,1,7994.51,15.0,6795.33,1496.69,5298.64,Wallet,Pending
O000828,2025-09-16,C00090,P0095,Sports Product 095,Sports,South,Bengaluru,2,2495.1,0.0,4990.2,2749.08,2241.12,Card,Pending
O000829,2025-10-08,C00264,P0029,Beauty Product 029,Beauty,West,Mumbai,4,1220.38,20.0,3905.22,1431.52,2473.7,UPI,Completed
O000830,2025-12-12,C00264,P0035,Sports Product 035,Sports,West,Mumbai,4,8253.41,5.0,31362.96,6051.52,25311.44,Net Banking,Completed
O000831,2025-04-01,C00088,P0097,Home Product 097,Home,North,Jaipur,1,3422.29,0.0,3422.29,2737.83,684.46,Net Banking,Completed
O000832,2025-02-03,C00428,P0089,Beauty Product 089,Beauty,West,Pune,4,5780.76,15.0,19654.58,18498.44,1156.14,Card,Pending
O000833,2025-07-31,C00205,P0043,Fashion Product 043,Fashion,South,Chennai,5,2271.05,0.0,11355.25,9084.2,2271.05,Wallet,Completed
O000834,2025-04-29,C00005,P0077,Home Product 077,Home,West,Pune,2,4076.73,10.0,7338.11,6522.76,815.35,Cash,Completed
O000835,2025-06-08,C00064,P0087,Home Product 087,Home,South,Hyderabad,3,5255.47,10.0,14189.77,1698.45,12491.32,Card,Pending
O000836,2025-03-27,C00494,P0012,Home Product 012,Home,West,Mumbai,5,4256.45,0.0,21282.25,10048.4,11233.85,Cash,Returned
O000837,2025-05-26,C00252,P0016,Electronics Product 016,Electronics,East,Guwahati,1,5090.79,0.0,5090.79,4072.63,1018.16,Card,Cancelled
O000838,2025-05-24,C00272,P0096,Electronics Product 096,Electronics,East,Bhubaneswar,4,2784.06,10.0,10022.62,8909.0,1113.62,UPI,Completed
O000839,2025-05-08,C00277,P0092,Home Product 092,Home,West,Ahmedabad,4,5945.72,15.0,20215.45,12231.72,7983.73,Card,Completed
O000840,2025-09-28,C00011,P0066,Electronics Product 066,Electronics,North,Jaipur,2,5295.06,10.0,9531.11,2203.04,7328.07,Wallet,Completed
O000841,2025-08-04,C00154,P0053,Fashion Product 053,Fashion,East,Kolkata,3,5775.38,15.0,14727.22,4757.58,9969.64,Cash,Completed
O000842,2025-06-22,C00078,P0042,Home Product 042,Home,West,Mumbai,2,2781.36,5.0,5284.58,4450.18,834.4,Net Banking,Completed
O000843,2025-02-11,C00030,P0080,Sports Product 080,Sports,East,Guwahati,2,4972.04,15.0,8452.47,7955.26,497.21,UPI,Completed
O000844,2025-07-27,C00288,P0002,Home Product 002,Home,North,Jaipur,5,4453.12,10.0,20039.04,17812.5,2226.54,Card,Pending
O000845,2025-03-05,C00257,P0078,Fashion Product 078,Fashion,West,Pune,5,8229.86,0.0,41149.3,11203.95,29945.35,Card,Completed
O000846,2025-04-25,C00171,P0080,Sports Product 080,Sports,West,Mumbai,2,4972.04,20.0,7955.26,7955.26,0.0,Cash,Cancelled
O000847,2025-06-01,C00449,P0041,Electronics Product 041,Electronics,West,Mumbai,4,5698.77,10.0,20515.57,12097.88,8417.69,UPI,Cancelled
O000848,2025-02-21,C00025,P0016,Electronics Product 016,Electronics,East,Guwahati,3,5090.79,0.0,15272.37,12217.89,3054.48,Cash,Completed
O000849,2025-05-22,C00397,P0002,Home Product 002,Home,East,Guwahati,1,4453.12,10.0,4007.81,3562.5,445.31,Net Banking,Completed
O000850,2025-04-08,C00145,P0069,Beauty Product 069,Beauty,East,Guwahati,3,2337.25,5.0,6661.16,948.6,5712.56,Card,Cancelled
O000851,2025-11-06,C00166,P0095,Sports Product 095,Sports,South,Bengaluru,2,2495.1,10.0,4491.18,2749.08,1742.1,Wallet,Returned
O000852,2025-11-09,C00287,P0051,Electronics Product 051,Electronics,South,Hyderabad,2,7669.29,10.0,13804.72,8349.78,5454.94,Wallet,Completed
O000853,2025-01-02,C00500,P0093,Fashion Product 093,Fashion,Central,Indore,3,4536.21,0.0,13608.63,5281.38,8327.25,Net Banking,Completed
O000854,2025-08-08,C00369,P0062,Home Product 062,Home,West,Pune,5,6676.1,10.0,30042.45,8753.3,21289.15,Card,Pending
O000855,2025-08-22,C00019,P0014,Beauty Product 014,Beauty,North,Chandigarh,5,4289.52,10.0,19302.84,17158.1,2144.74,Cash,Completed
O000856,2025-05-18,C00300,P0075,Sports Product 075,Sports,East,Guwahati,4,8144.99,0.0,32579.96,13594.44,18985.52,Cash,Returned
O000857,2025-06-20,C00010,P0020,Sports Product 020,Sports,West,Mumbai,4,3689.4,5.0,14019.72,11806.08,2213.64,Cash,Returned
O000858,2025-10-15,C00372,P0012,Home Product 012,Home,South,Bengaluru,1,4256.45,5.0,4043.63,2009.68,2033.95,UPI,Completed
O000859,2025-05-18,C00144,P0019,Beauty Product 019,Beauty,South,Bengaluru,2,6745.83,20.0,10793.33,7199.08,3594.25,Cash,Completed
O000860,2025-01-24,C00431,P0035,Sports Product 035,Sports,West,Mumbai,4,8253.41,10.0,29712.28,6051.52,23660.76,Cash,Completed
O000861,2025-05-16,C00168,P0075,Sports Product 075,Sports,South,Chennai,4,8144.99,10.0,29321.96,13594.44,15727.52,Card,Completed
O000862,2025-04-03,C00111,P0080,Sports Product 080,Sports,West,Ahmedabad,4,4972.04,0.0,19888.16,15910.52,3977.64,Card,Completed
O000863,2025-05-20,C00236,P0068,Fashion Product 068,Fashion,North,Chandigarh,2,6082.72,15.0,10340.62,9732.36,608.26,Cash,Completed
O000864,2025-03-25,C00478,P0031,Electronics Product 031,Electronics,East,Bhubaneswar,5,6070.56,,28835.16,4867.4,23967.76,Net Banking,Completed
O000865,2025-02-24,C00337,P0042,Home Product 042,Home,North,Chandigarh,5,2781.36,10.0,12516.12,11125.45,1390.67,Cash,Pending
O000866,2025-12-25,C00176,P0070,Sports Product 070,Sports,East,Kolkata,4,4336.1,20.0,13875.52,13875.52,0.0,Cash,Completed
O000867,2025-02-16,C00221,P0081,Electronics Product 081,Electronics,North,Delhi,5,6874.54,10.0,30935.43,20948.95,9986.48,Wallet,Completed
O000868,2025-09-15,C00141,P0003,Fashion Product 003,Fashion,Central,Nagpur,4,6788.51,0.0,27154.04,15461.64,11692.4,Net Banking,Completed
O000869,2025-09-19,C00154,P0059,Beauty Product 059,Beauty,East,Kolkata,3,1289.86,0.0,3869.58,3095.67,773.91,Net Banking,Completed
O000870,2025-08-13,C00242,P0085,Sports Product 085,Sports,South,Bengaluru,1,3007.51,10.0,2706.76,2406.01,300.75,Net Banking,Completed
O000871,2025-11-28,C00012,P0049,Beauty Product 049,Beauty,East,Kolkata,3,3123.84,0.0,9371.52,7497.21,1874.31,Card,Completed
O000872,2025-01-02,C00111,P0088,Fashion Product 088,Fashion,West,Ahmedabad,1,5208.94,15.0,4427.6,4167.15,260.45,Cash,Completed
O000873,2025-04-20,C00330,P0067,Home Product 067,Home,East,Guwahati,3,2982.59,10.0,8052.99,3549.18,4503.81,Cash,Completed
O000874,2025-03-09,C00101,P0054,Beauty Product 054,Beauty,South,Hyderabad,2,4876.35,20.0,7802.16,7802.16,0.0,Net Banking,Completed
O000875,2025-07-30,C00484,P0067,Home Product 067,Home,West,Mumbai,2,2982.59,15.0,5070.4,2366.12,2704.28,Wallet,Completed
O000876,2025-08-20,C00126,P0027,Home Product 027,Home,Central,Bhopal,1,6771.19,15.0,5755.51,2895.9,2859.61,Wallet,Completed
O000877,2025-11-23,C00311,P0065,Sports Product 065,Sports,North,Jaipur,1,7148.9,10.0,6434.01,833.1,5600.91,Wallet,Completed
O000878,2025-05-19,C00418,P0058,Fashion Product 058,Fashion,West,Pune,1,3370.65,15.0,2865.05,2696.52,168.53,UPI,Completed
O000879,2025-03-27,C00065,P0094,Beauty Product 094,Beauty,West,Ahmedabad,1,5366.1,10.0,4829.49,4292.88,536.61,Wallet,Completed
O000880,2025-12-03,C00428,P0035,Sports Product 035,Sports,West,Pune,2,8253.41,20.0,13205.46,3025.76,10179.7,Card,Cancelled
O000881,2025-09-02,C00118,P0042,Home Product 042,Home,South,Chennai,3,2781.36,10.0,7509.67,6675.27,834.4,Card,Completed
O000882,2025-10-06,C00231,P0001,Electronics Product 001,Electronics,West,Mumbai,1,4907.86,10.0,4417.07,3926.29,490.78,Wallet,Completed
O000883,2025-06-11,C00006,P0027,Home Product 027,Home,South,Chennai,3,6771.19,0.0,20313.57,8687.7,11625.87,UPI,Returned
O000884,2025-06-12,C00110,P0029,Beauty Product 029,Beauty,North,Delhi,1,1220.38,5.0,1159.36,357.88,801.48,Card,Completed
O000885,2025-05-22,C00318,P0033,Fashion Product 033,Fashion,West,Pune,4,2460.76,5.0,9350.89,7874.44,1476.45,Net Banking,Completed
O000886,2025-09-30,C00151,P0047,Home Product 047,Home,North,Delhi,2,4959.99,20.0,7935.98,7935.98,0.0,Cash,Completed
O000887,2025-03-18,C00108,P0098,Fashion Product 098,Fashion,East,Bhubaneswar,2,7898.73,5.0,15007.59,993.64,14013.95,UPI,Completed
O000888,2025-12-22,C00019,P0019,Beauty Product 019,Beauty,North,Chandigarh,3,6745.83,10.0,18213.74,10798.62,7415.12,Card,Completed
O000889,2025-03-06,C00463,P0028,Fashion Product 028,Fashion,South,Hyderabad,5,7012.16,20.0,28048.64,10901.7,17146.94,Cash,Completed
O000890,2025-06-17,C00212,P0008,Fashion Product 008,Fashion,South,Hyderabad,3,8265.58,10.0,22317.07,5802.0,16515.07,Card,Cancelled
O000891,2025-04-25,C00043,P0060,Sports Product 060,Sports,East,Guwahati,1,7633.42,5.0,7251.75,4963.78,2287.97,Wallet,Completed
O000892,2025-08-22,C00185,P0099,Beauty Product 099,Beauty,East,Kolkata,1,7721.23,15.0,6563.05,4256.98,2306.07,UPI,Completed
O000893,2025-09-05,C00408,P0078,Fashion Product 078,Fashion,Central,Indore,4,8229.86,10.0,29627.5,8963.16,20664.34,UPI,Completed
O000894,2025-12-01,C00310,P0014,Beauty Product 014,Beauty,South,Hyderabad,4,4289.52,15.0,14584.37,13726.48,857.89,Net Banking,Completed
O000895,2025-10-15,C00203,P0025,Sports Product 025,Sports,North,Chandigarh,4,5379.58,5.0,20442.4,17214.64,3227.76,UPI,Pending
O000896,2025-04-01,C00392,P0004,Beauty Product 004,Beauty,North,Delhi,3,3466.38,5.0,9879.18,7167.99,2711.19,UPI,Completed
O000897,2025-03-17,C00053,P0002,Home Product 002,Home,Central,Nagpur,4,4453.12,10.0,16031.23,14250.0,1781.23,Card,Completed
O000898,2025-11-19,C00268,P0015,Sports Product 015,Sports,East,Guwahati,1,4470.33,0.0,4470.33,3576.26,894.07,Net Banking,Completed
O000899,2025-06-27,C00249,P0028,Fashion Product 028,Fashion,North,Jaipur,2,7012.16,5.0,13323.1,4360.68,8962.42,Card,Completed
O000900,2025-02-05,C00292,P0048,Fashion Product 048,Fashion,North,Delhi,1,8002.61,0.0,8002.61,2580.86,5421.75,Wallet,Completed
O000901,2025-10-28,C00308,P0004,Beauty Product 004,Beauty,North,Jaipur,4,3466.38,0.0,13865.52,9557.32,4308.2,Card,Completed
O000902,2025-08-25,C00193,P0079,Beauty Product 079,Beauty,West,Mumbai,1,6934.89,0.0,6934.89,4681.86,2253.03,Card,Completed
O000903,2025-01-10,C00046,P0020,Sports Product 020,Sports,North,Delhi,3,3689.4,0.0,11068.2,8854.56,2213.64,Net Banking,Completed
O000904,2025-10-12,C00420,P0081,Electronics Product 081,Electronics,Central,Indore,4,6874.54,15.0,23373.44,16759.16,6614.28,Wallet,Returned
O000905,2025-08-10,C00438,P0051,Electronics Product 051,Electronics,North,Delhi,5,7669.29,5.0,36429.13,20874.45,15554.68,UPI,Completed
O000906,2025-08-12,C00056,P0013,Fashion Product 013,Fashion,West,Ahmedabad,2,4305.64,10.0,7750.15,1734.26,6015.89,Net Banking,Completed
O000907,2025-11-11,C00480,P0038,Fashion Product 038,Fashion,North,Jaipur,4,2947.65,5.0,11201.07,4844.92,6356.15,Wallet,Completed
O000908,2025-06-30,C00020,P0054,Beauty Product 054,Beauty,South,Bengaluru,4,4876.35,10.0,17554.86,15604.32,1950.54,Net Banking,Completed
O000909,2025-06-17,C00334,P0001,Electronics Product 001,Electronics,East,Kolkata,1,4907.86,15.0,4171.68,3926.29,245.39,Cash,Completed
O000910,2025-08-13,C00349,P0057,Home Product 057,Home,Central,Indore,4,8123.2,15.0,27618.88,7025.64,20593.24,UPI,Completed
O000911,2025-03-13,C00260,P0078,Fashion Product 078,Fashion,South,,4,8229.86,10.0,29627.5,8963.16,20664.34,Cash,Pending
O000912,2025-02-25,C00164,P0079,Beauty Product 079,Beauty,Central,Nagpur,1,6934.89,5.0,6588.15,4681.86,1906.29,Card,Completed
O000913,2025-11-04,C00080,P0027,Home Product 027,Home,East,Kolkata,2,6771.19,0.0,13542.38,5791.8,7750.58,Cash,Completed
O000914,2025-03-20,C00407,P0060,Sports Product 060,Sports,East,Guwahati,2,7633.42,10.0,13740.16,9927.56,3812.6,Cash,Completed
O000915,2025-07-03,C00055,P0040,Sports Product 040,Sports,North,Jaipur,4,4584.31,20.0,14669.79,14669.8,-0.01,UPI,Completed
O000916,2025-04-09,C00476,P0057,Home Product 057,Home,Central,,1,8123.2,20.0,6498.56,1756.41,4742.15,Net Banking,Completed
O000917,2025-03-25,C00041,P0068,Fashion Product 068,Fashion,West,Ahmedabad,4,6082.72,0.0,24330.88,19464.72,4866.16,Net Banking,Pending
O000918,2025-08-06,C00151,P0045,Sports Product 045,Sports,North,Delhi,5,3762.55,5.0,17872.11,15050.2,2821.91,Card,Completed
O000919,2025-10-20,C00286,P0060,Sports Product 060,Sports,West,Ahmedabad,5,7633.42,5.0,36258.74,24818.9,11439.84,Net Banking,Completed
O000920,2025-06-10,C00118,P0073,Fashion Product 073,Fashion,South,Chennai,4,1490.03,10.0,5364.11,3490.08,1874.03,Net Banking,Pending
O000921,2025-02-20,C00402,P0033,Fashion Product 033,Fashion,West,Pune,5,2460.76,15.0,10458.23,9843.05,615.18,UPI,Completed
O000922,2025-03-30,C00289,P0034,Beauty Product 034,Beauty,South,Bengaluru,3,7768.65,10.0,20975.35,14457.03,6518.32,Net Banking,Completed
O000923,2025-03-01,C00165,P0048,Fashion Product 048,Fashion,North,Jaipur,1,8002.61,10.0,7202.35,2580.86,4621.49,UPI,Completed
O000924,2025-11-18,C00370,P0018,Fashion Product 018,Fashion,North,Jaipur,1,6795.4,5.0,6455.63,284.97,6170.66,Card,Completed
O000925,2025-04-27,C00393,P0079,Beauty Product 079,Beauty,South,Bengaluru,1,6934.89,15.0,5894.66,4681.86,1212.8,Card,Cancelled
O000926,2025-05-17,C00499,P0091,Electronics Product 091,Electronics,West,Ahmedabad,5,1897.13,20.0,7588.52,2565.65,5022.87,Card,Returned
O000927,2025-01-26,C00296,P0059,Beauty Product 059,Beauty,East,Kolkata,5,1289.86,5.0,6126.83,5159.45,967.38,Net Banking,Pending
O000928,2025-06-12,C00108,P0087,Home Product 087,Home,East,Bhubaneswar,4,5255.47,15.0,17868.6,2264.6,15604.0,UPI,Completed
O000929,2025-11-29,C00380,P0039,Beauty Product 039,Beauty,East,Kolkata,4,7352.91,15.0,24999.89,4358.68,20641.21,Cash,Cancelled
O000930,2025-05-30,C00024,P0088,Fashion Product 088,Fashion,North,Jaipur,4,5208.94,20.0,16668.61,16668.6,0.01,,Returned
O000931,2025-08-26,C00009,P0018,Fashion Product 018,Fashion,North,Chandigarh,1,6795.4,10.0,6115.86,284.97,5830.89,Net Banking,Completed
O000932,2025-03-08,C00425,P0010,Sports Product 010,Sports,South,Bengaluru,2,1734.32,0.0,3468.64,916.14,2552.5,Net Banking,Completed
O000933,2025-02-22,C00470,P0065,Sports Product 065,Sports,Central,Indore,1,7148.9,10.0,6434.01,833.1,5600.91,UPI,Completed
O000934,2025-09-24,C00178,P0018,Fashion Product 018,Fashion,West,Ahmedabad,1,6795.4,10.0,6115.86,284.97,5830.89,Card,Completed
O000935,2025-01-24,C00342,P0078,Fashion Product 078,Fashion,South,Chennai,5,8229.86,10.0,37034.37,11203.95,25830.42,Wallet,Returned
O000936,2025-06-13,C00137,P0080,Sports Product 080,Sports,South,Bengaluru,2,4972.04,0.0,9944.08,7955.26,1988.82,Card,Completed
O000937,2025-04-26,C00196,P0014,Beauty Product 014,Beauty,East,Guwahati,3,4289.52,0.0,12868.56,10294.86,2573.7,Card,Returned
O000938,2025-01-06,C00483,P0089,Beauty Product 089,Beauty,Central,Bhopal,2,5780.76,5.0,10983.44,9249.22,1734.22,Net Banking,Completed
O000939,2025-07-13,C00484,P0022,Home Product 022,Home,West,Mumbai,5,5577.75,10.0,25099.88,19418.7,5681.18,UPI,Completed
O000940,2025-12-17,C00200,P0007,Home Product 007,Home,South,Hyderabad,1,5553.32,10.0,4997.99,4181.25,816.74,Net Banking,Completed
O000941,2025-01-26,C00382,P0041,Electronics Product 041,Electronics,East,Kolkata,3,5698.77,15.0,14531.86,9073.41,5458.45,Card,Completed
O000942,2025-10-24,C00194,P0002,Home Product 002,Home,West,Ahmedabad,1,4453.12,5.0,4230.46,3562.5,667.96,Cash,Completed
O000943,2025-07-16,C00302,P0088,Fashion Product 088,Fashion,East,Kolkata,1,5208.94,10.0,4688.05,4167.15,520.9,UPI,Returned
O000944,2025-09-21,C00401,P0073,Fashion Product 073,Fashion,South,Chennai,4,1490.03,0.0,5960.12,3490.08,2470.04,UPI,Completed
O000945,2025-02-05,C00354,P0050,Sports Product 050,Sports,South,Bengaluru,1,4011.29,10.0,3610.16,2723.19,886.97,Cash,Completed
O000946,2025-11-13,C00147,P0078,Fashion Product 078,Fashion,West,Mumbai,4,8229.86,15.0,27981.52,8963.16,19018.36,Wallet,Completed
O000947,2025-01-05,C00100,P0076,Electronics Product 076,Electronics,South,Chennai,2,5803.55,0.0,11607.1,9285.68,2321.42,Net Banking,Completed
O000948,2025-11-27,C00478,P0024,Beauty Product 024,Beauty,East,Bhubaneswar,2,2905.51,0.0,5811.02,4648.82,1162.2,UPI,Cancelled
O000949,2025-08-28,C00089,P0019,Beauty Product 019,Beauty,North,Delhi,4,6745.83,5.0,25634.15,14398.16,11235.99,Card,Completed
O000950,2025-05-03,C00456,P0095,Sports Product 095,Sports,North,Jaipur,3,2495.1,15.0,6362.5,4123.62,2238.88,Cash,Completed
O000951,2025-01-03,C00426,P0045,Sports Product 045,Sports,East,Kolkata,2,3762.55,10.0,6772.59,6020.08,752.51,Card,Completed
O000952,2025-08-11,C00392,P0063,Fashion Product 063,Fashion,North,Delhi,3,2531.09,5.0,7213.61,6074.61,1139.0,Wallet,Completed
O000953,2025-02-01,C00099,P0054,Beauty Product 054,Beauty,East,Bhubaneswar,5,4876.35,15.0,20724.49,19505.4,1219.09,Net Banking,Completed
O000954,2025-08-10,C00138,P0042,Home Product 042,Home,Central,Bhopal,1,2781.36,5.0,2642.29,2225.09,417.2,Wallet,Completed
O000955,2025-10-09,C00126,P0045,Sports Product 045,Sports,Central,Bhopal,4,3762.55,20.0,12040.16,12040.16,0.0,Cash,Completed
O000956,2025-04-08,C00437,P0038,Fashion Product 038,Fashion,South,Chennai,4,2947.65,5.0,11201.07,4844.92,6356.15,UPI,Returned
O000957,2025-03-28,C00314,P0015,Sports Product 015,Sports,Central,Nagpur,5,4470.33,20.0,17881.32,17881.3,0.02,Cash,Completed
O000958,2025-03-22,C00297,P0022,Home Product 022,Home,North,Chandigarh,3,5577.75,20.0,13386.6,11651.22,1735.38,Wallet,Completed
O000959,2025-03-23,C00153,P0014,Beauty Product 014,Beauty,South,Chennai,1,4289.52,15.0,3646.09,3431.62,214.47,Cash,Completed
O000960,2025-02-11,C00472,P0079,Beauty Product 079,Beauty,South,Hyderabad,1,6934.89,15.0,5894.66,4681.86,1212.8,Card,Completed
O000961,2025-04-01,C00116,P0045,Sports Product 045,Sports,West,Pune,2,3762.55,10.0,6772.59,6020.08,752.51,Net Banking,Returned
O000962,2025-08-28,C00340,P0033,Fashion Product 033,Fashion,West,Ahmedabad,3,2460.76,5.0,7013.17,5905.83,1107.34,Card,Completed
O000963,2025-04-21,C00284,P0068,Fashion Product 068,Fashion,North,Delhi,1,6082.72,10.0,5474.45,4866.18,608.27,Net Banking,Completed
O000964,2025-10-12,C00137,P0025,Sports Product 025,Sports,South,Bengaluru,4,5379.58,10.0,19366.49,17214.64,2151.85,Wallet,Completed
O000965,2025-10-26,C00470,P0037,Home Product 037,Home,Central,Indore,3,7720.82,,22004.34,2123.58,19880.76,Wallet,Completed
O000966,2025-10-04,C00238,P0092,Home Product 092,Home,East,Bhubaneswar,5,5945.72,5.0,28242.17,15289.65,12952.52,Cash,Completed
O000967,2025-07-16,C00066,P0083,Fashion Product 083,Fashion,North,Chandigarh,2,3893.45,0.0,7786.9,6229.52,1557.38,UPI,Cancelled
O000968,2025-04-26,C00361,P0004,Beauty Product 004,Beauty,East,Kolkata,4,3466.38,10.0,12478.97,9557.32,2921.65,Wallet,Completed
O000969,2025-12-05,C00163,P0054,Beauty Product 054,Beauty,Central,Indore,4,4876.35,15.0,16579.59,15604.32,975.27,Net Banking,Completed
O000970,2025-03-16,C00252,P0060,Sports Product 060,Sports,East,Guwahati,2,7633.42,20.0,12213.47,9927.56,2285.91,UPI,Completed
O000971,2025-06-19,C00080,P0004,Beauty Product 004,Beauty,East,Kolkata,5,3466.38,0.0,17331.9,11946.65,5385.25,Cash,Completed
O000972,2025-06-15,C00021,P0015,Sports Product 015,Sports,North,Chandigarh,3,4470.33,20.0,10728.79,10728.78,0.01,UPI,Completed
O000973,2025-09-29,C00055,P0084,Beauty Product 084,Beauty,North,Jaipur,5,5715.45,10.0,25719.53,11364.7,14354.83,Wallet,Completed
O000974,2025-07-19,C00019,P0088,Fashion Product 088,Fashion,North,Chandigarh,3,5208.94,0.0,15626.82,12501.45,3125.37,Wallet,Completed
O000975,2025-10-19,C00408,P0001,Electronics Product 001,Electronics,Central,Indore,1,4907.86,10.0,4417.07,3926.29,490.78,Cash,Completed
O000976,2025-12-01,C00346,P0070,Sports Product 070,Sports,Central,Bhopal,3,4336.1,10.0,11707.47,10406.64,1300.83,UPI,Completed
O000977,2025-05-23,C00109,P0089,Beauty Product 089,Beauty,South,Hyderabad,5,5780.76,15.0,24568.23,23123.05,1445.18,Card,Completed
O000978,2025-11-15,C00312,P0066,Electronics Product 066,Electronics,East,Kolkata,4,5295.06,15.0,18003.2,4406.08,13597.12,Net Banking,Returned
O000979,2025-03-03,C00305,P0031,Electronics Product 031,Electronics,South,Chennai,5,6070.56,10.0,27317.52,4867.4,22450.12,Cash,Completed
O000980,2025-11-30,C00107,P0073,Fashion Product 073,Fashion,North,Delhi,4,1490.03,15.0,5066.1,3490.08,1576.02,Cash,Completed
O000981,2025-03-06,C00181,P0003,Fashion Product 003,Fashion,North,Delhi,2,6788.51,20.0,10861.62,7730.82,3130.8,Net Banking,Cancelled
O000982,2025-11-06,C00158,P0040,Sports Product 040,Sports,Central,Nagpur,3,4584.31,5.0,13065.28,11002.35,2062.93,Net Banking,Completed
O000983,2025-05-23,C00438,P0091,Electronics Product 091,Electronics,North,Delhi,2,1897.13,0.0,3794.26,1026.26,2768.0,Cash,Completed
O000984,2025-12-18,C00354,P0012,Home Product 012,Home,South,Bengaluru,2,4256.45,10.0,7661.61,4019.36,3642.25,UPI,Completed
O000985,2025-02-17,C00237,P0031,Electronics Product 031,Electronics,West,Ahmedabad,2,6070.56,10.0,10927.01,1946.96,8980.05,Net Banking,Completed
O000986,2025-06-19,C00237,P0100,Sports Product 100,Sports,West,Ahmedabad,1,6735.82,10.0,6062.24,4059.62,2002.62,UPI,Pending
O000987,2025-11-25,C00138,P0092,Home Product 092,Home,Central,Bhopal,5,5945.72,20.0,23782.88,15289.65,8493.23,Net Banking,Returned
O000988,2025-01-18,C00097,P0064,Beauty Product 064,Beauty,East,Bhubaneswar,1,7994.51,15.0,6795.33,1496.69,5298.64,Cash,Cancelled
O000989,2025-04-07,C00247,P0086,Electronics Product 086,Electronics,East,Bhubaneswar,3,7032.55,15.0,17933.0,11380.71,6552.29,Card,Completed
O000990,2025-01-31,C00136,P0020,Sports Product 020,Sports,East,Kolkata,2,3689.4,10.0,6640.92,5903.04,737.88,Wallet,Completed
O000991,2025-04-27,C00325,P0068,Fashion Product 068,Fashion,North,Jaipur,2,6082.72,5.0,11557.17,9732.36,1824.81,Wallet,Completed
O000992,2025-05-23,C00098,P0067,Home Product 067,Home,Central,Bhopal,4,2982.59,0.0,11930.36,4732.24,7198.12,Card,Completed
O000993,2025-08-14,C00375,P0082,Home Product 082,Home,Central,Indore,1,5348.13,5.0,5080.72,2771.16,2309.56,Wallet,Completed
O000994,2025-04-04,C00427,P0047,Home Product 047,Home,North,Jaipur,1,4959.99,5.0,4711.99,3967.99,744.0,Cash,Completed
O000995,2025-03-03,C00274,P0003,Fashion Product 003,Fashion,Central,Nagpur,2,6788.51,15.0,11540.47,7730.82,3809.65,UPI,Completed
O000996,2025-12-08,C00463,P0053,Fashion Product 053,Fashion,South,Hyderabad,4,5775.38,10.0,20791.37,6343.44,14447.93,Card,Completed
O000997,2025-12-13,C00042,P0014,Beauty Product 014,Beauty,North,Chandigarh,2,4289.52,10.0,7721.14,6863.24,857.9,Cash,Completed
O000998,2025-03-22,C00100,P0047,Home Product 047,Home,South,Chennai,3,4959.99,20.0,11903.98,11903.97,0.01,Card,Completed
O000999,2025-03-13,C00086,P0032,Home Product 032,Home,North,Jaipur,3,2912.1,15.0,7425.85,6179.55,1246.31,Net Banking,Completed
O001000,2025-01-20,C00171,P0074,Beauty Product 074,Beauty,West,Mumbai,2,2907.59,10.0,5233.66,4277.0,956.66,Card,Completed
O001001,2025-12-16,C00341,P0082,Home Product 082,Home,North,Jaipur,5,5348.13,5.0,25403.62,13855.8,11547.82,Wallet,Completed
O001002,2025-09-15,C00033,P0050,Sports Product 050,Sports,South,Hyderabad,3,4011.29,15.0,10228.79,8169.57,2059.22,UPI,Completed
O001003,2025-10-04,C00498,P0016,Electronics Product 016,Electronics,South,Bengaluru,4,5090.79,15.0,17308.69,16290.52,1018.17,Wallet,Returned
O001004,2025-04-16,C00394,P0061,Electronics Product 061,Electronics,North,Chandigarh,5,7647.57,5.0,36325.96,22406.3,13919.66,UPI,Returned
O001005,2025-08-22,C00348,P0086,Electronics Product 086,Electronics,North,Jaipur,2,7032.55,10.0,12658.59,7587.14,5071.45,Card,Completed
O001006,2025-01-22,C00018,P0029,Beauty Product 029,Beauty,South,Bengaluru,1,1220.38,15.0,1037.32,357.88,679.44,UPI,Completed
O001007,2025-09-04,C00018,P0042,Home Product 042,Home,South,Bengaluru,1,2781.36,10.0,2503.22,2225.09,278.13,UPI,Completed
O001008,2025-07-30,C00376,P0050,Sports Product 050,Sports,North,Chandigarh,2,4011.29,0.0,8022.58,5446.38,2576.2,Wallet,Returned
O001009,2025-05-01,C00352,P0044,Beauty Product 044,Beauty,East,Bhubaneswar,2,3801.64,10.0,6842.95,6082.62,760.33,Net Banking,Completed
O001010,2025-09-16,C00232,P0005,Sports Product 005,Sports,North,Delhi,2,7082.09,10.0,12747.76,6616.72,6131.04,UPI,Completed
O001011,2025-08-24,C00063,P0037,Home Product 037,Home,East,Guwahati,2,7720.82,5.0,14669.56,1415.72,13253.84,Wallet,Returned
O001012,2025-06-09,C00366,P0053,Fashion Product 053,Fashion,South,Bengaluru,3,5775.38,20.0,13860.91,4757.58,9103.33,Wallet,Completed
O001013,2025-03-09,C00145,P0047,Home Product 047,Home,East,Guwahati,2,4959.99,10.0,8927.98,7935.98,992.0,UPI,Cancelled
O001014,2025-01-09,C00005,P0033,Fashion Product 033,Fashion,West,Pune,4,2460.76,10.0,8858.74,7874.44,984.3,Card,Completed
O001015,2025-12-08,C00469,P0050,Sports Product 050,Sports,North,Jaipur,4,4011.29,0.0,16045.16,10892.76,5152.4,Cash,Completed
O001016,2025-04-13,C00140,P0017,Home Product 017,Home,West,Mumbai,1,4364.81,10.0,3928.33,3491.85,436.48,Net Banking,Completed
O001017,2025-04-20,C00201,P0003,Fashion Product 003,Fashion,West,Mumbai,5,6788.51,20.0,27154.04,19327.05,7826.99,UPI,Completed
O001018,2025-09-05,C00289,P0049,Beauty Product 049,Beauty,South,Bengaluru,4,3123.84,0.0,12495.36,9996.28,2499.08,Net Banking,Completed
O001019,2025-04-03,C00307,P0043,Fashion Product 043,Fashion,Central,Nagpur,3,2271.05,20.0,5450.52,5450.52,0.0,Card,Returned
O001020,2025-05-17,C00241,P0076,Electronics Product 076,Electronics,North,Chandigarh,4,5803.55,10.0,20892.78,18571.36,2321.42,Card,Completed
O001021,2025-09-16,C00307,P0076,Electronics Product 076,Electronics,Central,Nagpur,3,5803.55,5.0,16540.12,13928.52,2611.6,Cash,Completed
O001022,2025-08-05,C00353,P0053,Fashion Product 053,Fashion,South,Hyderabad,3,5775.38,0.0,17326.14,4757.58,12568.56,Card,Completed
O001023,2025-08-27,C00135,P0057,Home Product 057,Home,South,Bengaluru,2,8123.2,10.0,14621.76,3512.82,11108.94,Net Banking,Returned
O001024,2025-01-02,C00373,P0017,Home Product 017,Home,South,Chennai,3,4364.81,5.0,12439.71,10475.55,1964.16,UPI,Pending
O001025,2025-06-14,C00485,P0003,Fashion Product 003,Fashion,Central,Nagpur,4,6788.51,10.0,24438.64,15461.64,8977.0,Card,Completed
O001026,2025-06-22,C00005,P0025,Sports Product 025,Sports,West,Pune,5,5379.58,5.0,25553.01,21518.3,4034.71,Wallet,Completed
O001027,2025-08-19,C00057,P0014,Beauty Product 014,Beauty,West,Ahmedabad,1,4289.52,15.0,3646.09,3431.62,214.47,Cash,Returned
O001028,2025-02-25,C00008,P0099,Beauty Product 099,Beauty,Central,Indore,4,7721.23,0.0,30884.92,17027.92,13857.0,UPI,Completed
O001029,2025-02-28,C00038,P0098,Fashion Product 098,Fashion,South,Bengaluru,2,7898.73,10.0,14217.71,993.64,13224.07,Card,Pending
O001030,2025-10-05,C00453,P0005,Sports Product 005,Sports,North,Delhi,5,7082.09,15.0,30098.88,16541.8,13557.08,Wallet,Completed
O001031,2025-09-03,C00465,P0079,Beauty Product 079,Beauty,East,Bhubaneswar,1,6934.89,15.0,5894.66,4681.86,1212.8,Wallet,Cancelled
O001032,2025-10-23,C00383,P0060,Sports Product 060,Sports,Central,Indore,1,7633.42,5.0,7251.75,4963.78,2287.97,Card,Completed
O001033,2025-04-09,C00056,P0037,Home Product 037,Home,West,Ahmedabad,4,7720.82,20.0,24706.62,2831.44,21875.18,UPI,Completed
O001034,2025-12-30,C00281,P0030,Sports Product 030,Sports,West,Mumbai,1,3054.9,5.0,2902.15,2443.92,458.23,Cash,Completed
O001035,2025-04-10,C00239,P0038,Fashion Product 038,Fashion,West,Pune,3,2947.65,5.0,8400.8,3633.69,4767.11,Card,Pending
O001036,2025-08-25,C00115,P0063,Fashion Product 063,Fashion,Central,Indore,2,2531.09,5.0,4809.07,4049.74,759.33,Net Banking,Completed
O001037,2025-03-01,C00161,P0071,Electronics Product 071,Electronics,West,Ahmedabad,5,5148.93,5.0,24457.42,17738.75,6718.67,Card,Cancelled
O001038,2025-12-01,C00136,P0054,Beauty Product 054,Beauty,East,Kolkata,2,4876.35,10.0,8777.43,7802.16,975.27,Net Banking,Completed
O001039,2025-05-01,C00366,P0099,Beauty Product 099,Beauty,South,,4,7721.23,15.0,26252.18,17027.92,9224.26,Card,Completed
O001040,2025-10-20,C00109,P0016,Electronics Product 016,Electronics,South,Hyderabad,3,5090.79,15.0,12981.51,12217.89,763.62,Net Banking,Cancelled
O001041,2025-05-01,C00126,P0091,Electronics Product 091,Electronics,Central,Bhopal,1,1897.13,15.0,1612.56,513.13,1099.43,Cash,Completed
O001042,2025-10-15,C00353,P0093,Fashion Product 093,Fashion,South,Hyderabad,4,4536.21,0.0,18144.84,7041.84,11103.0,Wallet,Completed
O001043,2025-06-15,C00203,P0086,Electronics Product 086,Electronics,North,Chandigarh,2,7032.55,20.0,11252.08,7587.14,3664.94,Net Banking,Returned
O001044,2025-01-23,C00224,P0095,Sports Product 095,Sports,South,Hyderabad,3,2495.1,0.0,7485.3,4123.62,3361.68,UPI,Completed
O001045,2025-03-11,C00303,P0049,Beauty Product 049,Beauty,North,Delhi,5,3123.84,10.0,14057.28,12495.35,1561.93,Cash,Completed
O001046,2025-09-06,C00469,P0041,Electronics Product 041,Electronics,North,Jaipur,3,5698.77,15.0,14531.86,9073.41,5458.45,Cash,Completed
O001047,2025-03-12,C00110,P0071,Electronics Product 071,Electronics,North,Delhi,1,5148.93,5.0,4891.48,3547.75,1343.73,Wallet,Returned
O001048,2025-04-11,C00066,P0011,Electronics Product 011,Electronics,North,Chandigarh,4,8240.08,0.0,32960.32,15150.48,17809.84,Card,Completed
O001049,2025-07-17,C00054,P0079,Beauty Product 079,Beauty,North,Delhi,2,6934.89,10.0,12482.8,9363.72,3119.08,Net Banking,Completed
O001050,2025-04-03,C00273,P0002,Home Product 002,Home,Central,Bhopal,5,4453.12,20.0,17812.48,17812.5,-0.02,Net Banking,Completed
O001051,2025-02-16,C00381,P0035,Sports Product 035,Sports,West,Ahmedabad,2,8253.41,10.0,14856.14,3025.76,11830.38,UPI,Completed
O001052,2025-08-16,C00388,P0026,Electronics Product 026,Electronics,Central,Bhopal,1,2848.75,20.0,2279.0,1586.57,692.43,Net Banking,Completed
O001053,2025-09-08,C00475,P0089,Beauty Product 089,Beauty,South,Chennai,4,5780.76,0.0,23123.04,18498.44,4624.6,UPI,Completed
O001054,2025-09-24,C00218,P0075,Sports Product 075,Sports,South,Hyderabad,1,8144.99,10.0,7330.49,3398.61,3931.88,Cash,Completed
O001055,2025-12-10,C00234,P0047,Home Product 047,Home,East,Guwahati,3,4959.99,0.0,14879.97,11903.97,2976.0,Net Banking,Completed
O001056,2025-02-15,C00024,P0006,Electronics Product 006,Electronics,North,Jaipur,4,4936.68,0.0,19746.72,5317.52,14429.2,Cash,Completed
O001057,2025-06-05,C00188,P0038,Fashion Product 038,Fashion,South,Bengaluru,4,2947.65,15.0,10022.01,4844.92,5177.09,Net Banking,Completed
O001058,2025-03-27,C00001,P0043,Fashion Product 043,Fashion,East,Bhubaneswar,3,2271.05,5.0,6472.49,5450.52,1021.97,UPI,Completed
O001059,2025-11-25,C00292,P0006,Electronics Product 006,Electronics,North,Delhi,5,4936.68,5.0,23449.23,6646.9,16802.33,Wallet,Completed
O001060,2025-07-16,C00001,P0064,Beauty Product 064,Beauty,East,Bhubaneswar,2,7994.51,15.0,13590.67,2993.38,10597.29,Cash,Completed
O001061,2025-02-05,C00032,P0070,Sports Product 070,Sports,East,Bhubaneswar,4,4336.1,10.0,15609.96,13875.52,1734.44,Wallet,Completed
O001062,2025-09-09,C00121,P0035,Sports Product 035,Sports,North,Jaipur,4,8253.41,5.0,31362.96,6051.52,25311.44,Wallet,Completed
O001063,2025-01-16,C00285,P0099,Beauty Product 099,Beauty,North,Delhi,4,7721.23,0.0,30884.92,17027.92,13857.0,Wallet,Completed
O001064,2025-04-10,C00014,P0028,Fashion Product 028,Fashion,North,Jaipur,4,7012.16,10.0,25243.78,8721.36,16522.42,UPI,Completed
O001065,2025-09-20,C00198,P0077,Home Product 077,Home,South,Bengaluru,4,4076.73,15.0,13860.88,13045.52,815.36,Cash,Completed
O001066,2025-07-04,C00104,P0077,Home Product 077,Home,East,Bhubaneswar,5,4076.73,0.0,20383.65,16306.9,4076.75,UPI,Returned
O001067,2025-10-05,C00271,P0070,Sports Product 070,Sports,South,Chennai,3,4336.1,5.0,12357.89,10406.64,1951.25,Net Banking,Completed
O001068,2025-07-27,C00074,P0100,Sports Product 100,Sports,North,Delhi,2,6735.82,0.0,13471.64,8119.24,5352.4,Cash,Completed
O001069,2025-11-03,C00486,P0047,Home Product 047,Home,West,Pune,3,4959.99,20.0,11903.98,11903.97,0.01,UPI,Completed
O001070,2025-07-24,C00435,P0048,Fashion Product 048,Fashion,South,Chennai,5,8002.61,15.0,34011.09,12904.3,21106.79,Card,Completed
O001071,2025-01-21,C00177,P0024,Beauty Product 024,Beauty,West,Ahmedabad,4,2905.51,15.0,9878.73,9297.64,581.09,Card,Completed
O001072,2025-01-26,C00087,P0056,Electronics Product 056,Electronics,Central,Bhopal,4,7138.32,10.0,25697.95,8047.52,17650.43,Card,Cancelled
O001073,2025-10-10,C00006,P0057,Home Product 057,Home,South,Chennai,4,8123.2,10.0,29243.52,7025.64,22217.88,UPI,Completed
O001074,2025-01-15,C00215,P0067,Home Product 067,Home,Central,Bhopal,3,2982.59,10.0,8052.99,3549.18,4503.81,Wallet,Completed
O001075,2025-05-18,C00379,P0071,Electronics Product 071,Electronics,North,Delhi,3,5148.93,0.0,15446.79,10643.25,4803.54,Card,Completed
O001076,2025-01-06,C00332,P0071,Electronics Product 071,Electronics,West,Ahmedabad,2,5148.93,5.0,9782.97,7095.5,2687.47,UPI,Returned
O001077,2025-04-21,C00248,P0025,Sports Product 025,Sports,East,Bhubaneswar,5,5379.58,10.0,24208.11,21518.3,2689.81,Cash,Completed
O001078,2025-08-05,C00320,P0041,Electronics Product 041,Electronics,Central,Nagpur,3,5698.77,20.0,13677.05,9073.41,4603.64,UPI,Completed
O001079,2025-03-04,C00171,P0006,Electronics Product 006,Electronics,West,Mumbai,3,4936.68,5.0,14069.54,3988.14,10081.4,Card,Pending
O001080,2025-06-19,C00274,P0061,Electronics Product 061,Electronics,Central,Nagpur,1,7647.57,10.0,6882.81,4481.26,2401.55,Card,Pending
O001081,2025-12-29,C00135,P0069,Beauty Product 069,Beauty,South,Bengaluru,3,2337.25,5.0,6661.16,948.6,5712.56,Wallet,Completed
O001082,2025-01-26,C00468,P0059,Beauty Product 059,Beauty,West,Mumbai,4,1289.86,10.0,4643.5,4127.56,515.94,Cash,Completed
O001083,2025-01-24,C00137,P0028,Fashion Product 028,Fashion,South,Bengaluru,3,7012.16,0.0,21036.48,6541.02,14495.46,UPI,Returned
O001084,2025-04-09,C00262,P0057,Home Product 057,Home,West,Ahmedabad,4,8123.2,5.0,30868.16,7025.64,23842.52,Net Banking,Completed
O001085,2025-10-29,C00072,P0072,Home Product 072,Home,East,Bhubaneswar,3,6223.26,10.0,16802.8,12208.77,4594.03,Card,Completed
O001086,2025-05-28,C00102,P0025,Sports Product 025,Sports,North,Chandigarh,5,5379.58,5.0,25553.01,21518.3,4034.71,Wallet,Completed
O001087,2025-08-21,C00048,P0081,Electronics Product 081,Electronics,South,Hyderabad,3,6874.54,0.0,20623.62,12569.37,8054.25,Net Banking,Completed
O001088,2025-01-13,C00387,P0021,Electronics Product 021,Electronics,East,Bhubaneswar,3,4281.14,20.0,10274.74,10274.73,0.01,Card,Completed
O001089,2025-09-25,C00056,P0088,Fashion Product 088,Fashion,West,Ahmedabad,2,5208.94,0.0,10417.88,8334.3,2083.58,Card,Completed
O001090,2025-01-25,C00498,P0098,Fashion Product 098,Fashion,South,Bengaluru,2,7898.73,10.0,14217.71,993.64,13224.07,Cash,Completed
O001091,2025-09-17,C00288,P0056,Electronics Product 056,Electronics,North,Jaipur,4,7138.32,0.0,28553.28,8047.52,20505.76,UPI,Completed
O001092,2025-02-23,C00458,P0002,Home Product 002,Home,East,Guwahati,2,4453.12,20.0,7124.99,7125.0,-0.01,Wallet,Completed
O001093,2025-11-09,C00319,P0055,Sports Product 055,Sports,East,Guwahati,2,1679.4,15.0,2854.98,2687.04,167.94,Cash,Completed
O001094,2025-04-18,C00474,P0097,Home Product 097,Home,South,Hyderabad,5,3422.29,10.0,15400.31,13689.15,1711.16,Wallet,Completed
O001095,2025-03-08,C00488,P0075,Sports Product 075,Sports,East,Bhubaneswar,4,8144.99,10.0,29321.96,13594.44,15727.52,UPI,Cancelled
O001096,2025-05-03,C00302,P0096,Electronics Product 096,Electronics,East,Kolkata,2,2784.06,20.0,4454.5,4454.5,-0.0,UPI,Completed
O001097,2025-01-01,C00334,P0089,Beauty Product 089,Beauty,East,Kolkata,1,5780.76,0.0,5780.76,4624.61,1156.15,Wallet,Completed
O001098,2025-03-02,C00384,P0008,Fashion Product 008,Fashion,Central,Nagpur,5,8265.58,5.0,39261.5,9670.0,29591.5,Net Banking,Completed
O001099,2025-08-06,C00291,P0070,Sports Product 070,Sports,East,Bhubaneswar,4,4336.1,5.0,16477.18,13875.52,2601.66,Cash,Completed
O001100,2025-04-20,C00228,P0058,Fashion Product 058,Fashion,Central,Bhopal,3,3370.65,0.0,10111.95,8089.56,2022.39,Net Banking,Completed
O001101,2025-05-09,C00081,P0073,Fashion Product 073,Fashion,Central,Nagpur,3,1490.03,10.0,4023.08,2617.56,1405.52,UPI,Pending
O001102,2025-10-21,C00234,P0026,Electronics Product 026,Electronics,East,Guwahati,1,2848.75,20.0,2279.0,1586.57,692.43,Cash,Completed
O001103,2025-02-15,C00159,P0089,Beauty Product 089,Beauty,East,Bhubaneswar,2,5780.76,0.0,11561.52,9249.22,2312.3,Cash,Completed
O001104,2025-05-25,C00428,P0092,Home Product 092,Home,West,Pune,1,5945.72,10.0,5351.15,3057.93,2293.22,Cash,Completed
O001105,2025-03-09,C00052,P0009,Beauty Product 009,Beauty,South,Chennai,3,4934.15,0.0,14802.45,11841.96,2960.49,Net Banking,Completed
O001106,2025-06-25,C00196,P0082,Home Product 082,Home,East,Guwahati,3,5348.13,10.0,14439.95,8313.48,6126.47,Net Banking,Completed
O001107,2025-05-01,C00041,P0097,Home Product 097,Home,West,Ahmedabad,5,3422.29,5.0,16255.88,13689.15,2566.73,Net Banking,Completed
O001108,2025-01-17,C00121,P0086,Electronics Product 086,Electronics,North,Jaipur,4,7032.55,0.0,28130.2,15174.28,12955.92,UPI,Returned
O001109,2025-01-26,C00139,P0099,Beauty Product 099,Beauty,Central,Bhopal,3,7721.23,10.0,20847.32,12770.94,8076.38,UPI,Completed
O001110,2025-11-07,C00147,P0060,Sports Product 060,Sports,West,Mumbai,4,7633.42,10.0,27480.31,19855.12,7625.19,Net Banking,Completed
O001111,2025-01-21,C00479,P0053,Fashion Product 053,Fashion,West,Ahmedabad,5,5775.38,0.0,28876.9,7929.3,20947.6,UPI,Completed
O001112,2025-10-12,C00325,P0063,Fashion Product 063,Fashion,North,Jaipur,1,2531.09,0.0,2531.09,2024.87,506.22,Wallet,Completed
O001113,2025-11-30,C00086,P0037,Home Product 037,Home,North,Jaipur,3,7720.82,10.0,20846.21,2123.58,18722.63,Wallet,Completed
O001114,2025-06-19,C00267,P0068,Fashion Product 068,Fashion,Central,Nagpur,1,6082.72,10.0,5474.45,4866.18,608.27,Cash,Completed
O001115,2025-04-24,C00224,P0066,Electronics Product 066,Electronics,South,Hyderabad,2,5295.06,15.0,9001.6,2203.04,6798.56,Card,Completed
O001116,2025-10-10,C00332,P0008,Fashion Product 008,Fashion,West,Ahmedabad,1,8265.58,10.0,7439.02,1934.0,5505.02,Card,Completed
O001117,2025-12-24,C00373,P0042,Home Product 042,Home,South,Chennai,1,2781.36,10.0,2503.22,2225.09,278.13,Wallet,Completed
O001118,2025-02-13,C00228,P0015,Sports Product 015,Sports,Central,Bhopal,1,4470.33,0.0,4470.33,3576.26,894.07,Card,Completed
O001119,2025-12-18,C00480,P0072,Home Product 072,Home,North,Jaipur,2,6223.26,15.0,10579.54,8139.18,2440.36,Cash,Pending
O001120,2025-12-10,C00007,P0081,Electronics Product 081,Electronics,East,Bhubaneswar,2,6874.54,10.0,12374.17,8379.58,3994.59,Cash,Completed
O001121,2025-02-21,C00377,P0078,Fashion Product 078,Fashion,East,Bhubaneswar,4,8229.86,0.0,32919.44,8963.16,23956.28,UPI,Completed
O001122,2025-01-20,C00473,P0092,Home Product 092,Home,South,Chennai,3,5945.72,10.0,16053.44,9173.79,6879.65,Card,Completed
O001123,2025-09-18,C00343,P0019,Beauty Product 019,Beauty,Central,Indore,4,6745.83,10.0,24284.99,14398.16,9886.83,UPI,Completed
O001124,2025-01-29,C00117,P0053,Fashion Product 053,Fashion,South,Hyderabad,4,5775.38,5.0,21946.44,6343.44,15603.0,Cash,Returned
O001125,2025-08-07,C00221,P0019,Beauty Product 019,Beauty,North,Delhi,3,6745.83,10.0,18213.74,10798.62,7415.12,Net Banking,Completed
O001126,2025-01-24,C00324,P0099,Beauty Product 099,Beauty,West,Pune,5,7721.23,10.0,34745.53,21284.9,13460.63,Cash,Completed
O001127,2025-09-09,C00145,P0064,Beauty Product 064,Beauty,East,Guwahati,1,7994.51,10.0,7195.06,1496.69,5698.37,UPI,Completed
O001128,2025-03-26,C00071,P0002,Home Product 002,Home,East,Guwahati,3,4453.12,15.0,11355.46,10687.5,667.96,UPI,Completed
O001129,2025-02-05,C00196,P0017,Home Product 017,Home,East,Guwahati,5,4364.81,15.0,18550.44,17459.25,1091.19,Wallet,Completed
O001130,2025-01-25,C00470,P0079,Beauty Product 079,Beauty,Central,Indore,2,6934.89,5.0,13176.29,9363.72,3812.57,Card,Completed
O001131,2025-03-10,C00491,P0095,Sports Product 095,Sports,East,Guwahati,4,2495.1,20.0,7984.32,5498.16,2486.16,,Completed
O001132,2025-07-16,C00166,P0024,Beauty Product 024,Beauty,South,Bengaluru,4,2905.51,0.0,11622.04,9297.64,2324.4,Cash,Pending
O001133,2025-01-28,C00318,P0058,Fashion Product 058,Fashion,West,Pune,4,3370.65,5.0,12808.47,10786.08,2022.39,Cash,Completed
O001134,2025-10-20,C00440,P0073,Fashion Product 073,Fashion,Central,Bhopal,5,1490.03,0.0,7450.15,4362.6,3087.55,Cash,Completed
O001135,2025-08-08,C00255,P0087,Home Product 087,Home,West,Ahmedabad,3,5255.47,10.0,14189.77,1698.45,12491.32,Card,Completed
O001136,2025-04-19,C00024,P0021,Electronics Product 021,Electronics,North,Jaipur,5,4281.14,15.0,18194.85,17124.55,1070.3,Card,Completed
O001137,2025-12-26,C00011,P0017,Home Product 017,Home,North,Jaipur,5,4364.81,15.0,18550.44,17459.25,1091.19,UPI,Completed
O001138,2025-08-28,C00354,P0043,Fashion Product 043,Fashion,South,Bengaluru,5,2271.05,5.0,10787.49,9084.2,1703.29,Wallet,Completed
O001139,2025-09-02,C00296,P0037,Home Product 037,Home,East,Kolkata,2,7720.82,15.0,13125.39,1415.72,11709.67,Net Banking,Completed
O001140,2025-03-05,C00134,P0008,Fashion Product 008,Fashion,Central,Nagpur,5,8265.58,20.0,33062.32,9670.0,23392.32,Card,Cancelled
O001141,2025-09-16,C00274,P0093,Fashion Product 093,Fashion,Central,Nagpur,2,4536.21,20.0,7257.94,3520.92,3737.02,Net Banking,Completed
O001142,2025-07-23,C00037,P0093,Fashion Product 093,Fashion,Central,Bhopal,3,4536.21,0.0,13608.63,5281.38,8327.25,UPI,Completed
O001143,2025-12-25,C00231,P0060,Sports Product 060,Sports,West,Mumbai,3,7633.42,10.0,20610.23,14891.34,5718.89,Net Banking,Completed
O001144,2025-06-23,C00468,P0058,Fashion Product 058,Fashion,West,Mumbai,5,3370.65,5.0,16010.59,13482.6,2527.99,Wallet,Completed
O001145,2025-09-04,C00236,P0015,Sports Product 015,Sports,North,Chandigarh,5,4470.33,15.0,18998.9,17881.3,1117.6,Net Banking,Completed
O001146,2025-05-05,C00029,P0010,Sports Product 010,Sports,West,Pune,3,1734.32,0.0,5202.96,1374.21,3828.75,Net Banking,Completed
O001147,2025-01-15,C00452,P0074,Beauty Product 074,Beauty,West,Ahmedabad,3,2907.59,5.0,8286.63,6415.5,1871.13,Cash,Completed
O001148,2025-02-16,C00035,P0047,Home Product 047,Home,Central,Indore,1,4959.99,5.0,4711.99,3967.99,744.0,Card,Completed
O001149,2025-11-12,C00109,P0007,Home Product 007,Home,South,Hyderabad,5,5553.32,5.0,26378.27,20906.25,5472.02,Net Banking,Completed
O001150,2025-09-26,C00212,P0031,Electronics Product 031,Electronics,South,Hyderabad,4,6070.56,20.0,19425.79,3893.92,15531.87,Wallet,Completed
O001151,2025-05-13,C00290,P0079,Beauty Product 079,Beauty,South,Chennai,5,6934.89,10.0,31207.01,23409.3,7797.71,UPI,Pending
O001152,2025-09-12,C00340,P0086,Electronics Product 086,Electronics,West,Ahmedabad,1,7032.55,10.0,6329.3,3793.57,2535.72,Card,Completed
O001153,2025-01-02,C00304,P0027,Home Product 027,Home,Central,Nagpur,5,6771.19,0.0,33855.95,14479.5,19376.45,UPI,Returned
O001154,2025-01-14,C00015,P0074,Beauty Product 074,Beauty,West,Ahmedabad,3,2907.59,5.0,8286.63,6415.5,1871.13,Card,Pending
O001155,2025-07-04,C00032,P0061,Electronics Product 061,Electronics,East,Bhubaneswar,2,7647.57,5.0,14530.38,8962.52,5567.86,Card,Returned
O001156,2025-08-16,C00352,P0061,Electronics Product 061,Electronics,East,Bhubaneswar,2,7647.57,5.0,14530.38,8962.52,5567.86,Wallet,Completed
O001157,2025-12-08,C00003,P0100,Sports Product 100,Sports,South,Chennai,1,6735.82,10.0,6062.24,4059.62,2002.62,Wallet,Completed
O001158,2025-10-04,C00169,P0003,Fashion Product 003,Fashion,West,Mumbai,4,6788.51,10.0,24438.64,15461.64,8977.0,,Completed
O001159,2025-04-04,C00064,P0052,Home Product 052,Home,South,Hyderabad,3,3602.09,10.0,9725.64,8645.01,1080.63,Wallet,Pending
O001160,2025-10-24,C00122,P0081,Electronics Product 081,Electronics,West,Pune,4,6874.54,15.0,23373.44,16759.16,6614.28,Net Banking,Completed
O001161,2025-06-28,C00120,P0084,Beauty Product 084,Beauty,South,Chennai,5,5715.45,15.0,24290.66,11364.7,12925.96,Card,Completed
O001162,2025-10-28,C00449,P0033,Fashion Product 033,Fashion,West,Mumbai,4,2460.76,10.0,8858.74,7874.44,984.3,Cash,Completed
O001163,2025-03-05,C00430,P0075,Sports Product 075,Sports,East,Kolkata,1,8144.99,5.0,7737.74,3398.61,4339.13,Net Banking,Completed
O001164,2025-01-10,C00011,P0089,Beauty Product 089,Beauty,North,Jaipur,4,5780.76,5.0,21966.89,18498.44,3468.45,Cash,Completed
O001165,2025-01-22,C00487,P0046,Electronics Product 046,Electronics,North,Jaipur,2,8168.47,10.0,14703.25,716.64,13986.61,Card,Completed
O001166,2025-12-27,C00436,P0070,Sports Product 070,Sports,East,Kolkata,2,4336.1,15.0,7371.37,6937.76,433.61,,Completed
O001167,2025-01-30,C00229,P0073,Fashion Product 073,Fashion,East,Bhubaneswar,4,1490.03,0.0,5960.12,3490.08,2470.04,Net Banking,Completed
O001168,2025-12-08,C00410,P0012,Home Product 012,Home,North,Jaipur,4,4256.45,15.0,14471.93,8038.72,6433.21,Net Banking,Completed
O001169,2025-09-22,C00186,P0019,Beauty Product 019,Beauty,North,Jaipur,4,6745.83,5.0,25634.15,14398.16,11235.99,,Completed
O001170,2025-02-23,C00220,P0052,Home Product 052,Home,Central,Nagpur,2,3602.09,5.0,6843.97,5763.34,1080.63,Card,Cancelled
O001171,2025-11-11,C00310,P0022,Home Product 022,Home,South,Hyderabad,2,5577.75,0.0,11155.5,7767.48,3388.02,Card,Completed
O001172,2025-02-22,C00274,P0004,Beauty Product 004,Beauty,Central,Nagpur,1,3466.38,10.0,3119.74,2389.33,730.41,Cash,Completed
O001173,2025-02-22,C00472,P0002,Home Product 002,Home,South,Hyderabad,1,4453.12,10.0,4007.81,3562.5,445.31,Card,Completed
O001174,2025-07-29,C00089,P0005,Sports Product 005,Sports,North,Delhi,4,7082.09,15.0,24079.11,13233.44,10845.67,Card,Cancelled
O001175,2025-04-15,C00252,P0023,Fashion Product 023,Fashion,East,Guwahati,4,3632.79,0.0,14531.16,11624.92,2906.24,UPI,Completed
O001176,2025-04-16,C00395,P0045,Sports Product 045,Sports,South,Bengaluru,2,3762.55,5.0,7148.85,6020.08,1128.77,Wallet,Completed
O001177,2025-03-12,C00169,P0063,Fashion Product 063,Fashion,West,Mumbai,5,2531.09,0.0,12655.45,10124.35,2531.1,UPI,Completed
O001178,2025-08-10,C00299,P0003,Fashion Product 003,Fashion,Central,Nagpur,2,6788.51,15.0,11540.47,7730.82,3809.65,Wallet,Cancelled
O001179,2025-01-10,C00351,P0082,Home Product 082,Home,West,Mumbai,3,5348.13,10.0,14439.95,8313.48,6126.47,UPI,Completed
O001180,2025-03-31,C00424,P0039,Beauty Product 039,Beauty,East,Kolkata,5,7352.91,10.0,33088.1,5448.35,27639.75,Cash,Completed
O001181,2025-07-21,C00136,P0046,Electronics Product 046,Electronics,East,Kolkata,4,8168.47,5.0,31040.19,1433.28,29606.91,Wallet,Completed
O001182,2025-06-27,C00013,P0071,Electronics Product 071,Electronics,South,Hyderabad,5,5148.93,0.0,25744.65,17738.75,8005.9,Net Banking,Completed
O001183,2025-09-12,C00038,P0018,Fashion Product 018,Fashion,South,Bengaluru,5,6795.4,20.0,27181.6,1424.85,25756.75,Net Banking,Completed
O001184,2025-03-20,C00455,P0060,Sports Product 060,Sports,East,Kolkata,1,7633.42,10.0,6870.08,4963.78,1906.3,Net Banking,Completed
O001185,2025-08-24,C00492,P0022,Home Product 022,Home,North,Chandigarh,5,5577.75,5.0,26494.31,19418.7,7075.61,Card,Completed
O001186,2025-10-04,C00376,P0038,Fashion Product 038,Fashion,North,Chandigarh,2,2947.65,10.0,5305.77,2422.46,2883.31,Wallet,Completed
O001187,2025-05-22,C00237,P0037,Home Product 037,Home,West,Ahmedabad,1,7720.82,0.0,7720.82,707.86,7012.96,Cash,Completed
O001188,2025-04-04,C00175,P0066,Electronics Product 066,Electronics,West,Ahmedabad,3,5295.06,10.0,14296.66,3304.56,10992.1,UPI,Completed
O001189,2025-07-22,C00147,P0016,Electronics Product 016,Electronics,West,Mumbai,1,5090.79,20.0,4072.63,4072.63,0.0,Wallet,Completed
O001190,2025-07-30,C00288,P0006,Electronics Product 006,Electronics,North,Jaipur,1,4936.68,15.0,4196.18,1329.38,2866.8,Card,Returned
O001191,2025-02-04,C00407,P0017,Home Product 017,Home,East,Guwahati,1,4364.81,15.0,3710.09,3491.85,218.24,Card,Completed
O001192,2025-07-25,C00358,P0066,Electronics Product 066,Electronics,East,Guwahati,2,5295.06,5.0,10060.61,2203.04,7857.57,UPI,Cancelled
O001193,2025-02-26,C00262,P0083,Fashion Product 083,Fashion,West,Ahmedabad,1,3893.45,5.0,3698.78,3114.76,584.02,Cash,Completed
O001194,2025-07-27,C00478,P0024,Beauty Product 024,Beauty,East,Bhubaneswar,4,2905.51,5.0,11040.94,9297.64,1743.3,Card,Cancelled
O001195,2025-12-06,C00121,P0023,Fashion Product 023,Fashion,North,Jaipur,4,3632.79,15.0,12351.49,11624.92,726.57,Wallet,Cancelled
O001196,2025-07-15,C00078,P0004,Beauty Product 004,Beauty,West,Mumbai,3,3466.38,10.0,9359.23,7167.99,2191.24,UPI,Cancelled
O001197,2025-10-05,C00172,P0002,Home Product 002,Home,Central,Bhopal,3,4453.12,15.0,11355.46,10687.5,667.96,Net Banking,Pending
O001198,2025-04-23,C00208,P0066,Electronics Product 066,Electronics,East,Bhubaneswar,4,5295.06,20.0,16944.19,4406.08,12538.11,UPI,Completed
O001199,2025-12-02,C00298,P0023,Fashion Product 023,Fashion,East,Guwahati,4,3632.79,10.0,13078.04,11624.92,1453.12,Wallet,Completed
O001200,2025-10-23,C00012,P0060,Sports Product 060,Sports,East,Kolkata,3,7633.42,15.0,19465.22,14891.34,4573.88,Net Banking,Pending
O001201,2025-11-30,C00185,P0032,Home Product 032,Home,East,Kolkata,1,2912.1,10.0,2620.89,2059.85,561.04,Cash,Completed
O001202,2025-09-27,C00499,P0090,Sports Product 090,Sports,West,Ahmedabad,2,1423.92,5.0,2705.45,1959.32,746.13,Card,Completed
O001203,2025-08-25,C00177,P0057,Home Product 057,Home,West,Ahmedabad,1,8123.2,15.0,6904.72,1756.41,5148.31,Net Banking,Completed
O001204,2025-07-11,C00276,P0021,Electronics Product 021,Electronics,East,Bhubaneswar,3,4281.14,0.0,12843.42,10274.73,2568.69,UPI,Returned
O001205,2025-12-04,C00366,P0010,Sports Product 010,Sports,South,Bengaluru,4,1734.32,0.0,6937.28,1832.28,5105.0,Card,Completed
O001206,2025-11-05,C00376,P0080,Sports Product 080,Sports,North,Chandigarh,1,4972.04,10.0,4474.84,3977.63,497.21,Net Banking,Completed
O001207,2025-06-01,C00124,P0050,Sports Product 050,Sports,East,Kolkata,5,4011.29,5.0,19053.63,13615.95,5437.68,UPI,Completed
O001208,2025-02-01,C00362,P0029,Beauty Product 029,Beauty,North,Jaipur,4,1220.38,15.0,4149.29,1431.52,2717.77,Wallet,Completed
O001209,2025-01-02,C00295,P0091,Electronics Product 091,Electronics,West,Mumbai,4,1897.13,10.0,6829.67,2052.52,4777.15,Net Banking,Completed
O001210,2025-03-26,C00375,P0031,Electronics Product 031,Electronics,Central,Indore,5,6070.56,5.0,28835.16,4867.4,23967.76,UPI,Completed
O001211,2025-01-23,C00486,P0064,Beauty Product 064,Beauty,West,Pune,1,7994.51,20.0,6395.61,1496.69,4898.92,Card,Completed
O001212,2025-03-18,C00154,P0082,Home Product 082,Home,East,Kolkata,4,5348.13,10.0,19253.27,11084.64,8168.63,UPI,Completed
O001213,2025-02-09,C00034,P0075,Sports Product 075,Sports,South,Hyderabad,3,8144.99,5.0,23213.22,10195.83,13017.39,Card,Completed
O001214,2025-12-24,C00279,P0046,Electronics Product 046,Electronics,West,Mumbai,1,8168.47,20.0,6534.78,358.32,6176.46,Wallet,Completed
O001215,2025-02-04,C00039,P0002,Home Product 002,Home,East,Bhubaneswar,2,4453.12,10.0,8015.62,7125.0,890.62,Wallet,Completed
O001216,2025-08-17,C00435,P0018,Fashion Product 018,Fashion,South,Chennai,4,6795.4,0.0,27181.6,1139.88,26041.72,Cash,Completed
O001217,2025-05-09,C00332,P0099,Beauty Product 099,Beauty,West,Ahmedabad,4,7721.23,0.0,30884.92,17027.92,13857.0,Net Banking,Pending
O001218,2025-03-05,C00033,P0071,Electronics Product 071,Electronics,South,Hyderabad,1,5148.93,0.0,5148.93,3547.75,1601.18,Net Banking,Completed
O001219,2025-09-13,C00179,P0029,Beauty Product 029,Beauty,East,Guwahati,5,1220.38,10.0,5491.71,1789.4,3702.31,Cash,Returned
O001220,2025-12-20,C00309,P0061,Electronics Product 061,Electronics,West,Ahmedabad,5,7647.57,15.0,32502.17,22406.3,10095.87,Wallet,Completed
O001221,2025-10-15,C00199,P0034,Beauty Product 034,Beauty,North,Delhi,2,7768.65,5.0,14760.43,9638.02,5122.41,Wallet,Completed
O001222,2025-12-21,C00194,P0037,Home Product 037,Home,West,Ahmedabad,2,7720.82,10.0,13897.48,1415.72,12481.76,UPI,Completed
O001223,2025-08-03,C00082,P0031,Electronics Product 031,Electronics,West,Pune,2,6070.56,10.0,10927.01,1946.96,8980.05,UPI,Completed
O001224,2025-09-03,C00283,P0073,Fashion Product 073,Fashion,Central,Bhopal,2,1490.03,0.0,2980.06,1745.04,1235.02,Wallet,Completed
O001225,2025-02-23,C00183,P0031,Electronics Product 031,Electronics,North,Delhi,2,6070.56,20.0,9712.9,1946.96,7765.94,Card,Completed
O001226,2025-11-07,C00227,P0019,Beauty Product 019,Beauty,East,Kolkata,4,6745.83,10.0,24284.99,14398.16,9886.83,UPI,Completed
O001227,2025-09-30,C00175,P0005,Sports Product 005,Sports,West,Ahmedabad,5,7082.09,0.0,35410.45,16541.8,18868.65,Cash,Pending
O001228,2025-04-03,C00243,P0064,Beauty Product 064,Beauty,Central,Nagpur,2,7994.51,15.0,13590.67,2993.38,10597.29,Wallet,Completed
O001229,2025-05-10,C00410,P0017,Home Product 017,Home,North,Jaipur,2,4364.81,20.0,6983.7,6983.7,-0.0,Net Banking,Completed
O001230,2025-08-11,C00085,P0022,Home Product 022,Home,Central,Indore,5,5577.75,0.0,27888.75,19418.7,8470.05,Cash,Completed
O001231,2025-01-05,C00268,P0088,Fashion Product 088,Fashion,East,Guwahati,3,5208.94,15.0,13282.8,12501.45,781.35,Cash,Completed
O001232,2025-10-25,C00329,P0073,Fashion Product 073,Fashion,East,Bhubaneswar,5,1490.03,20.0,5960.12,4362.6,1597.52,Card,Completed
O001233,2025-04-13,C00353,P0090,Sports Product 090,Sports,South,Hyderabad,3,1423.92,10.0,3844.58,2938.98,905.6,Cash,Completed
O001234,2025-01-28,C00170,P0002,Home Product 002,Home,North,Delhi,4,4453.12,10.0,16031.23,14250.0,1781.23,UPI,Completed
O001235,2025-05-01,C00357,P0034,Beauty Product 034,Beauty,Central,Nagpur,4,7768.65,10.0,27967.14,19276.04,8691.1,Cash,Completed
O001236,2025-11-01,C00246,P0097,Home Product 097,Home,Central,Indore,1,3422.29,0.0,3422.29,2737.83,684.46,Card,Completed
O001237,2025-04-10,C00405,P0070,Sports Product 070,Sports,West,Mumbai,5,4336.1,0.0,21680.5,17344.4,4336.1,Wallet,Completed
O001238,2025-07-16,C00381,P0002,Home Product 002,Home,West,Ahmedabad,4,4453.12,20.0,14249.98,14250.0,-0.02,Wallet,Completed
O001239,2025-10-23,C00476,P0089,Beauty Product 089,Beauty,Central,Indore,5,5780.76,0.0,28903.8,23123.05,5780.75,Card,Returned
O001240,2025-01-13,C00047,P0058,Fashion Product 058,Fashion,North,Jaipur,2,3370.65,20.0,5393.04,5393.04,0.0,UPI,Completed
O001241,2025-10-04,C00322,P0023,Fashion Product 023,Fashion,Central,Bhopal,3,3632.79,20.0,8718.7,8718.69,0.01,Net Banking,Pending
O001242,2025-04-16,C00265,P0032,Home Product 032,Home,North,Chandigarh,1,2912.1,15.0,2475.28,2059.85,415.43,Card,Completed
O001243,2025-09-11,C00005,P0056,Electronics Product 056,Electronics,West,Pune,4,7138.32,15.0,24270.29,8047.52,16222.77,Card,Completed
O001244,2025-03-10,C00327,P0052,Home Product 052,Home,Central,Indore,1,3602.09,20.0,2881.67,2881.67,0.0,UPI,Pending
O001245,2025-02-20,C00274,P0066,Electronics Product 066,Electronics,Central,,4,5295.06,15.0,18003.2,4406.08,13597.12,Wallet,Completed
O001246,2025-10-14,C00330,P0017,Home Product 017,Home,East,Guwahati,4,4364.81,0.0,17459.24,13967.4,3491.84,UPI,Completed
O001247,2025-10-22,C00058,P0015,Sports Product 015,Sports,Central,Bhopal,5,4470.33,10.0,20116.49,17881.3,2235.18,Wallet,Returned
O001248,2025-12-24,C00480,P0004,Beauty Product 004,Beauty,North,Jaipur,1,3466.38,5.0,3293.06,2389.33,903.73,Net Banking,Completed
O001249,2025-09-04,C00211,P0098,Fashion Product 098,Fashion,North,,5,7898.73,15.0,33569.6,2484.1,31085.5,Cash,Completed
O001250,2025-06-19,C00385,P0066,Electronics Product 066,Electronics,West,Mumbai,2,5295.06,,8472.1,2203.04,6269.06,Net Banking,Completed
O001251,2025-03-12,C00172,P0087,Home Product 087,Home,Central,Bhopal,2,5255.47,5.0,9985.39,1132.3,8853.09,Cash,Cancelled
O001252,2025-04-18,C00219,P0033,Fashion Product 033,Fashion,North,Jaipur,1,2460.76,10.0,2214.68,1968.61,246.07,Wallet,Completed
O001253,2025-08-24,C00145,P0095,Sports Product 095,Sports,East,Guwahati,3,2495.1,5.0,7111.03,4123.62,2987.41,UPI,Completed
O001254,2025-05-06,C00164,P0008,Fashion Product 008,Fashion,Central,Nagpur,1,8265.58,0.0,8265.58,1934.0,6331.58,Card,Completed
O001255,2025-06-25,C00146,P0017,Home Product 017,Home,North,Jaipur,1,4364.81,20.0,3491.85,3491.85,-0.0,Wallet,Completed
O001256,2025-03-03,C00453,P0013,Fashion Product 013,Fashion,North,Delhi,5,4305.64,0.0,21528.2,4335.65,17192.55,Net Banking,Pending
O001257,2025-06-09,C00161,P0049,Beauty Product 049,Beauty,West,Ahmedabad,3,3123.84,5.0,8902.94,7497.21,1405.73,Card,Completed
O001258,2025-03-28,C00346,P0074,Beauty Product 074,Beauty,Central,Bhopal,2,2907.59,0.0,5815.18,4277.0,1538.18,Cash,Pending
O001259,2025-02-10,C00343,P0001,Electronics Product 001,Electronics,Central,Indore,2,4907.86,0.0,9815.72,7852.58,1963.14,Wallet,Returned
O001260,2025-02-18,C00383,P0052,Home Product 052,Home,Central,Indore,1,3602.09,0.0,3602.09,2881.67,720.42,Net Banking,Completed
O001261,2025-07-08,C00008,P0042,Home Product 042,Home,Central,Indore,3,2781.36,15.0,7092.47,6675.27,417.2,Card,Completed
O001262,2025-05-14,C00222,P0005,Sports Product 005,Sports,Central,Nagpur,2,7082.09,5.0,13455.97,6616.72,6839.25,Card,Pending
O001263,2025-02-06,C00209,P0049,Beauty Product 049,Beauty,West,Pune,2,3123.84,15.0,5310.53,4998.14,312.39,UPI,Completed
O001264,2025-07-07,C00178,P0015,Sports Product 015,Sports,West,Ahmedabad,2,4470.33,10.0,8046.59,7152.52,894.07,UPI,Returned
O001265,2025-03-01,C00419,P0011,Electronics Product 011,Electronics,East,Bhubaneswar,5,8240.08,15.0,35020.34,18938.1,16082.24,Cash,Completed
O001266,2025-01-06,C00202,P0090,Sports Product 090,Sports,North,Delhi,3,1423.92,5.0,4058.17,2938.98,1119.19,Cash,Completed
O001267,2025-02-18,C00121,P0089,Beauty Product 089,Beauty,North,Jaipur,2,5780.76,10.0,10405.37,9249.22,1156.15,Net Banking,Completed
O001268,2025-06-13,C00238,P0009,Beauty Product 009,Beauty,East,Bhubaneswar,2,4934.15,10.0,8881.47,7894.64,986.83,,Completed
O001269,2025-12-14,C00428,P0088,Fashion Product 088,Fashion,West,Pune,2,5208.94,0.0,10417.88,8334.3,2083.58,Card,Completed
O001270,2025-03-29,C00347,P0005,Sports Product 005,Sports,South,Bengaluru,3,7082.09,5.0,20183.96,9925.08,10258.88,Card,Completed
O001271,2025-04-14,C00057,P0025,Sports Product 025,Sports,West,Ahmedabad,5,5379.58,0.0,26897.9,21518.3,5379.6,Wallet,Completed
O001272,2025-03-30,C00394,P0031,Electronics Product 031,Electronics,North,Chandigarh,1,6070.56,20.0,4856.45,973.48,3882.97,Card,Completed
O001273,2025-05-10,C00499,P0010,Sports Product 010,Sports,West,Ahmedabad,4,1734.32,15.0,5896.69,1832.28,4064.41,Wallet,Completed
O001274,2025-09-19,C00117,P0066,Electronics Product 066,Electronics,South,Hyderabad,3,5295.06,10.0,14296.66,3304.56,10992.1,Wallet,Completed
O001275,2025-04-28,C00020,P0071,Electronics Product 071,Electronics,South,Bengaluru,3,5148.93,5.0,14674.45,10643.25,4031.2,Cash,Completed
O001276,2025-08-28,C00379,P0026,Electronics Product 026,Electronics,North,Delhi,1,2848.75,10.0,2563.88,1586.57,977.31,Cash,Completed
O001277,2025-11-23,C00090,P0001,Electronics Product 001,Electronics,South,Bengaluru,4,4907.86,10.0,17668.3,15705.16,1963.14,UPI,Completed
O001278,2025-12-11,C00133,P0070,Sports Product 070,Sports,North,Jaipur,1,4336.1,10.0,3902.49,3468.88,433.61,Net Banking,Completed
O001279,2025-07-24,C00308,P0081,Electronics Product 081,Electronics,North,Jaipur,4,6874.54,15.0,23373.44,16759.16,6614.28,Wallet,Completed
O001280,2025-09-17,C00422,P0074,Beauty Product 074,Beauty,South,Bengaluru,4,2907.59,0.0,11630.36,8554.0,3076.36,Net Banking,Completed
O001281,2025-12-01,C00233,P0007,Home Product 007,Home,North,Chandigarh,3,5553.32,15.0,14160.97,12543.75,1617.22,Net Banking,Completed
O001282,2025-10-14,C00442,P0034,Beauty Product 034,Beauty,East,Kolkata,4,7768.65,5.0,29520.87,19276.04,10244.83,Wallet,Completed
O001283,2025-04-20,C00258,P0083,Fashion Product 083,Fashion,West,Pune,2,3893.45,10.0,7008.21,6229.52,778.69,Cash,Completed
O001284,2025-02-18,C00124,P0030,Sports Product 030,Sports,East,Kolkata,2,3054.9,5.0,5804.31,4887.84,916.47,Card,Pending
O001285,2025-02-11,C00490,P0032,Home Product 032,Home,East,Kolkata,1,2912.1,,2766.49,2059.85,706.64,Cash,Returned
O001286,2025-11-18,C00020,P0004,Beauty Product 004,Beauty,South,Bengaluru,4,3466.38,20.0,11092.42,9557.32,1535.1,Wallet,Completed
O001287,2025-07-22,C00208,P0092,Home Product 092,Home,East,Bhubaneswar,4,5945.72,5.0,22593.74,12231.72,10362.02,UPI,Completed
O001288,2025-04-18,C00227,P0089,Beauty Product 089,Beauty,East,Kolkata,2,5780.76,20.0,9249.22,9249.22,-0.0,Net Banking,Returned
O001289,2025-05-06,C00058,P0084,Beauty Product 084,Beauty,Central,Bhopal,1,5715.45,5.0,5429.68,2272.94,3156.74,Cash,Completed
O001290,2025-04-13,C00052,P0031,Electronics Product 031,Electronics,South,Chennai,3,6070.56,5.0,17301.1,2920.44,14380.66,Net Banking,Completed
O001291,2025-10-19,C00359,P0080,Sports Product 080,Sports,East,Bhubaneswar,4,4972.04,15.0,16904.94,15910.52,994.42,Cash,Completed
O001292,2025-08-11,C00220,P0061,Electronics Product 061,Electronics,Central,Nagpur,1,7647.57,0.0,7647.57,4481.26,3166.31,UPI,Completed
O001293,2025-11-17,C00215,P0075,Sports Product 075,Sports,Central,Bhopal,1,8144.99,20.0,6515.99,3398.61,3117.38,Wallet,Pending
O001294,2025-04-20,C00393,P0068,Fashion Product 068,Fashion,South,Bengaluru,3,6082.72,20.0,14598.53,14598.54,-0.01,Wallet,Completed
O001295,2025-06-22,C00166,P0020,Sports Product 020,Sports,South,Bengaluru,5,3689.4,15.0,15679.95,14757.6,922.35,Card,Completed
O001296,2025-02-14,C00093,P0050,Sports Product 050,Sports,North,Chandigarh,2,4011.29,15.0,6819.19,5446.38,1372.81,Net Banking,Completed
O001297,2025-12-20,C00409,P0085,Sports Product 085,Sports,South,Hyderabad,1,3007.51,10.0,2706.76,2406.01,300.75,Net Banking,Completed
O001298,2025-07-06,C00138,P0074,Beauty Product 074,Beauty,Central,Bhopal,3,2907.59,20.0,6978.22,6415.5,562.72,Cash,Completed
O001299,2025-07-21,C00202,P0025,Sports Product 025,Sports,North,Delhi,4,5379.58,10.0,19366.49,17214.64,2151.85,Card,Completed
O001300,2025-05-31,C00068,P0087,Home Product 087,Home,Central,Indore,3,5255.47,0.0,15766.41,1698.45,14067.96,Card,Completed
O001301,2025-04-09,C00029,P0071,Electronics Product 071,Electronics,West,Pune,1,5148.93,10.0,4634.04,3547.75,1086.29,Wallet,Returned
O001302,2025-12-12,C00125,P0058,Fashion Product 058,Fashion,South,Bengaluru,4,3370.65,15.0,11460.21,10786.08,674.13,Card,Completed
O001303,2025-06-27,C00200,P0035,Sports Product 035,Sports,South,Hyderabad,5,8253.41,10.0,37140.35,7564.4,29575.94,Cash,Completed
O001304,2025-09-03,C00437,P0081,Electronics Product 081,Electronics,South,Chennai,2,6874.54,10.0,12374.17,8379.58,3994.59,Card,Completed
O001305,2025-01-14,C00358,P0022,Home Product 022,Home,East,Guwahati,2,5577.75,0.0,11155.5,7767.48,3388.02,Net Banking,Cancelled
O001306,2025-04-11,C00380,P0038,Fashion Product 038,Fashion,East,Kolkata,2,2947.65,15.0,5011.01,2422.46,2588.55,Wallet,Completed
O001307,2025-10-20,C00237,P0056,Electronics Product 056,Electronics,West,Ahmedabad,1,7138.32,20.0,5710.66,2011.88,3698.78,Net Banking,Returned
O001308,2025-02-01,C00020,P0061,Electronics Product 061,Electronics,South,Bengaluru,2,7647.57,15.0,13000.87,8962.52,4038.35,Net Banking,Returned
O001309,2025-02-06,C00384,P0078,Fashion Product 078,Fashion,Central,Nagpur,1,8229.86,20.0,6583.89,2240.79,4343.1,UPI,Pending
O001310,2025-10-22,C00235,P0040,Sports Product 040,Sports,South,Bengaluru,3,4584.31,,12377.64,11002.35,1375.29,Wallet,Pending
O001311,2025-04-23,C00225,P0036,Electronics Product 036,Electronics,East,Guwahati,2,4569.04,10.0,8224.27,7310.46,913.81,Card,Completed
O001312,2025-04-10,C00116,P0057,Home Product 057,Home,West,Pune,3,8123.2,10.0,21932.64,5269.23,16663.41,Wallet,Completed
O001313,2025-07-25,C00063,P0049,Beauty Product 049,Beauty,East,Guwahati,4,3123.84,15.0,10621.06,9996.28,624.78,Net Banking,Completed
O001314,2025-03-12,C00427,P0083,Fashion Product 083,Fashion,North,Jaipur,1,3893.45,10.0,3504.11,3114.76,389.34,Net Banking,Completed
O001315,2025-01-16,C00448,P0008,Fashion Product 008,Fashion,North,Delhi,4,8265.58,10.0,29756.09,7736.0,22020.09,UPI,Returned
O001316,2025-01-02,C00321,P0050,Sports Product 050,Sports,Central,Nagpur,2,4011.29,0.0,8022.58,5446.38,2576.2,Net Banking,Completed
O001317,2025-01-29,C00148,P0012,Home Product 012,Home,East,Kolkata,4,4256.45,15.0,14471.93,8038.72,6433.21,Wallet,Completed
O001318,2025-02-27,C00473,P0057,Home Product 057,Home,South,Chennai,3,8123.2,0.0,24369.6,5269.23,19100.37,Net Banking,Completed
O001319,2025-09-11,C00405,P0069,Beauty Product 069,Beauty,West,Mumbai,1,2337.25,15.0,1986.66,316.2,1670.46,Net Banking,Completed
O001320,2025-04-19,C00054,P0077,Home Product 077,Home,North,Delhi,4,4076.73,10.0,14676.23,13045.52,1630.71,Wallet,Completed
O001321,2025-01-27,C00264,P0015,Sports Product 015,Sports,West,Mumbai,4,4470.33,20.0,14305.06,14305.04,0.02,Net Banking,Completed
O001322,2025-01-06,C00338,P0058,Fashion Product 058,Fashion,Central,Bhopal,4,3370.65,10.0,12134.34,10786.08,1348.26,UPI,Completed
O001323,2025-06-23,C00305,P0006,Electronics Product 006,Electronics,South,Chennai,5,4936.68,15.0,20980.89,6646.9,14333.99,Net Banking,Completed
O001324,2025-11-02,C00320,P0093,Fashion Product 093,Fashion,Central,Nagpur,3,4536.21,10.0,12247.77,5281.38,6966.39,UPI,Completed
O001325,2025-05-04,C00048,P0021,Electronics Product 021,Electronics,South,Hyderabad,4,4281.14,10.0,15412.1,13699.64,1712.46,Cash,Completed
O001326,2025-01-24,C00378,P0065,Sports Product 065,Sports,East,Guwahati,3,7148.9,0.0,21446.7,2499.3,18947.4,UPI,Completed
O001327,2025-03-25,C00159,P0013,Fashion Product 013,Fashion,East,Bhubaneswar,2,4305.64,20.0,6889.02,1734.26,5154.76,Cash,Completed
O001328,2025-03-10,C00473,P0048,Fashion Product 048,Fashion,South,Chennai,1,8002.61,15.0,6802.22,2580.86,4221.36,Cash,Completed
O001329,2025-12-23,C00026,P0018,Fashion Product 018,Fashion,Central,Indore,3,6795.4,5.0,19366.89,854.91,18511.98,Cash,Completed
O001330,2025-10-05,C00233,P0062,Home Product 062,Home,North,Chandigarh,1,6676.1,15.0,5674.69,1750.66,3924.03,Net Banking,Completed
O001331,2025-05-06,C00149,P0043,Fashion Product 043,Fashion,North,Chandigarh,1,2271.05,10.0,2043.95,1816.84,227.11,Wallet,Completed
O001332,2025-12-13,C00379,P0029,Beauty Product 029,Beauty,North,Delhi,2,1220.38,20.0,1952.61,715.76,1236.85,Card,Cancelled
O001333,2025-04-29,C00265,P0024,Beauty Product 024,Beauty,North,Chandigarh,5,2905.51,10.0,13074.8,11622.05,1452.75,UPI,Completed
O001334,2025-02-21,C00002,P0031,Electronics Product 031,Electronics,East,Guwahati,5,6070.56,10.0,27317.52,4867.4,22450.12,Cash,Completed
O001335,2025-12-08,C00349,P0055,Sports Product 055,Sports,Central,Indore,5,1679.4,0.0,8397.0,6717.6,1679.4,Card,Completed
O001336,2025-12-16,C00266,P0005,Sports Product 005,Sports,South,Bengaluru,3,7082.09,15.0,18059.33,9925.08,8134.25,Card,Completed
O001337,2025-04-24,C00054,P0080,Sports Product 080,Sports,North,Delhi,2,4972.04,15.0,8452.47,7955.26,497.21,Cash,Completed
O001338,2025-08-05,C00458,P0053,Fashion Product 053,Fashion,East,Guwahati,2,5775.38,10.0,10395.68,3171.72,7223.96,Cash,Completed
O001339,2025-03-05,C00069,P0098,Fashion Product 098,Fashion,West,Ahmedabad,1,7898.73,15.0,6713.92,496.82,6217.1,Wallet,Cancelled
O001340,2025-08-22,C00048,P0026,Electronics Product 026,Electronics,South,Hyderabad,2,2848.75,0.0,5697.5,3173.14,2524.36,Card,Completed
O001341,2025-09-09,C00397,P0047,Home Product 047,Home,East,Guwahati,2,4959.99,10.0,8927.98,7935.98,992.0,UPI,Pending
O001342,2025-09-16,C00138,P0077,Home Product 077,Home,Central,Bhopal,2,4076.73,0.0,8153.46,6522.76,1630.7,Net Banking,Completed
O001343,2025-07-27,C00374,P0049,Beauty Product 049,Beauty,East,Kolkata,1,3123.84,15.0,2655.26,2499.07,156.19,UPI,Completed
O001344,2025-09-14,C00200,P0098,Fashion Product 098,Fashion,South,Hyderabad,4,7898.73,10.0,28435.43,1987.28,26448.15,Cash,Completed
O001345,2025-07-22,C00067,P0027,Home Product 027,Home,Central,Indore,1,6771.19,0.0,6771.19,2895.9,3875.29,Card,Completed
O001346,2025-10-26,C00489,P0100,Sports Product 100,Sports,North,Chandigarh,2,6735.82,10.0,12124.48,8119.24,4005.24,Card,Completed
O001347,2025-03-07,C00407,P0096,Electronics Product 096,Electronics,East,Guwahati,5,2784.06,15.0,11832.25,11136.25,696.0,Card,Completed
O001348,2025-06-25,C00402,P0035,Sports Product 035,Sports,West,Pune,4,8253.41,15.0,28061.59,6051.52,22010.07,UPI,Completed
O001349,2025-06-01,C00456,P0037,Home Product 037,Home,North,Jaipur,1,7720.82,10.0,6948.74,707.86,6240.88,Cash,Completed
O001350,2025-07-14,C00174,P0078,Fashion Product 078,Fashion,West,Mumbai,3,8229.86,0.0,24689.58,6722.37,17967.21,Card,Pending
O001351,2025-02-21,C00020,P0002,Home Product 002,Home,South,Bengaluru,3,4453.12,15.0,11355.46,10687.5,667.96,Card,Completed
O001352,2025-04-28,C00244,P0017,Home Product 017,Home,North,Delhi,5,4364.81,0.0,21824.05,17459.25,4364.8,Wallet,Completed
O001353,2025-12-14,C00127,P0007,Home Product 007,Home,East,Kolkata,3,5553.32,20.0,13327.97,12543.75,784.22,Card,Completed
O001354,2025-02-08,C00085,P0091,Electronics Product 091,Electronics,Central,Indore,1,1897.13,10.0,1707.42,513.13,1194.29,Card,Completed
O001355,2025-08-20,C00363,P0090,Sports Product 090,Sports,North,Delhi,5,1423.92,10.0,6407.64,4898.3,1509.34,UPI,Completed
O001356,2025-08-30,C00067,P0011,Electronics Product 011,Electronics,Central,,4,8240.08,0.0,32960.32,15150.48,17809.84,Cash,Completed
O001357,2025-06-22,C00124,P0035,Sports Product 035,Sports,East,Kolkata,1,8253.41,5.0,7840.74,1512.88,6327.86,UPI,Completed
O001358,2025-01-13,C00036,P0069,Beauty Product 069,Beauty,Central,Indore,3,2337.25,20.0,5609.4,948.6,4660.8,Net Banking,Completed
O001359,2025-01-13,C00407,P0093,Fashion Product 093,Fashion,East,Guwahati,1,4536.21,15.0,3855.78,1760.46,2095.32,Wallet,Pending
O001360,2025-04-11,C00147,P0025,Sports Product 025,Sports,West,Mumbai,3,5379.58,5.0,15331.8,12910.98,2420.82,UPI,Completed
O001361,2025-02-07,C00339,P0056,Electronics Product 056,Electronics,Central,Indore,5,7138.32,5.0,33907.02,10059.4,23847.62,Card,Completed
O001362,2025-02-04,C00081,P0093,Fashion Product 093,Fashion,Central,Nagpur,4,4536.21,20.0,14515.87,7041.84,7474.03,Card,Completed
O001363,2025-02-28,C00460,P0040,Sports Product 040,Sports,North,Jaipur,5,4584.31,15.0,19483.32,18337.25,1146.07,Net Banking,Completed
O001364,2025-03-11,C00114,P0034,Beauty Product 034,Beauty,South,Chennai,5,7768.65,0.0,38843.25,24095.05,14748.2,Wallet,Completed
O001365,2025-11-02,C00420,P0063,Fashion Product 063,Fashion,Central,Indore,1,2531.09,15.0,2151.43,2024.87,126.56,Cash,Returned
O001366,2025-08-21,C00232,P0033,Fashion Product 033,Fashion,North,Delhi,3,2460.76,10.0,6644.05,5905.83,738.22,Wallet,Completed
O001367,2025-01-12,C00329,P0043,Fashion Product 043,Fashion,East,Bhubaneswar,5,2271.05,10.0,10219.73,9084.2,1135.53,Net Banking,Completed
O001368,2025-08-17,C00028,P0078,Fashion Product 078,Fashion,East,Kolkata,2,8229.86,0.0,16459.72,4481.58,11978.14,Card,Completed
O001369,2025-02-19,C00204,P0078,Fashion Product 078,Fashion,Central,Bhopal,3,8229.86,10.0,22220.62,6722.37,15498.25,UPI,Completed
O001370,2025-06-03,C00072,P0044,Beauty Product 044,Beauty,East,Bhubaneswar,4,3801.64,20.0,12165.25,12165.24,0.01,Wallet,Completed
O001371,2025-01-14,C00304,P0014,Beauty Product 014,Beauty,Central,Nagpur,1,4289.52,15.0,3646.09,3431.62,214.47,Net Banking,Completed
O001372,2025-02-02,C00191,P0062,Home Product 062,Home,East,Kolkata,5,6676.1,10.0,30042.45,8753.3,21289.15,Cash,Completed
O001373,2025-02-18,C00038,P0023,Fashion Product 023,Fashion,South,Bengaluru,1,3632.79,15.0,3087.87,2906.23,181.64,Card,Completed
O001374,2025-06-07,C00166,P0074,Beauty Product 074,Beauty,South,Bengaluru,5,2907.59,15.0,12357.26,10692.5,1664.76,Cash,Completed
O001375,2025-06-18,C00249,P0044,Beauty Product 044,Beauty,North,Jaipur,2,3801.64,20.0,6082.62,6082.62,0.0,Wallet,Completed
O001376,2025-05-09,C00297,P0095,Sports Product 095,Sports,North,Chandigarh,2,2495.1,0.0,4990.2,2749.08,2241.12,UPI,Completed
O001377,2025-08-14,C00256,P0088,Fashion Product 088,Fashion,West,Mumbai,3,5208.94,5.0,14845.48,12501.45,2344.03,Card,Completed
O001378,2025-09-20,C00237,P0031,Electronics Product 031,Electronics,West,Ahmedabad,5,6070.56,15.0,25799.88,4867.4,20932.48,Cash,Completed
O001379,2025-09-23,C00298,P0049,Beauty Product 049,Beauty,East,Guwahati,5,3123.84,10.0,14057.28,12495.35,1561.93,Cash,Completed
O001380,2025-07-30,C00347,P0050,Sports Product 050,Sports,South,Bengaluru,2,4011.29,0.0,8022.58,5446.38,2576.2,Card,Completed
O001381,2025-07-18,C00311,P0086,Electronics Product 086,Electronics,North,Jaipur,1,7032.55,5.0,6680.92,3793.57,2887.35,Wallet,Completed
O001382,2025-06-28,C00022,P0099,Beauty Product 099,Beauty,South,Bengaluru,4,7721.23,0.0,30884.92,17027.92,13857.0,Wallet,Cancelled
O001383,2025-03-28,C00422,P0097,Home Product 097,Home,South,Bengaluru,3,3422.29,5.0,9753.53,8213.49,1540.04,Wallet,Pending
O001384,2025-06-27,C00439,P0070,Sports Product 070,Sports,Central,Bhopal,4,4336.1,20.0,13875.52,13875.52,0.0,Net Banking,Completed
O001385,2025-01-04,C00453,P0064,Beauty Product 064,Beauty,North,Delhi,3,7994.51,15.0,20386.0,4490.07,15895.93,Card,Completed
O001386,2025-12-18,C00257,P0027,Home Product 027,Home,West,Pune,4,6771.19,10.0,24376.28,11583.6,12792.68,Card,Completed
O001387,2025-05-15,C00305,P0082,Home Product 082,Home,South,Chennai,2,5348.13,5.0,10161.45,5542.32,4619.13,Cash,Completed
O001388,2025-10-03,C00361,P0070,Sports Product 070,Sports,East,Kolkata,3,4336.1,10.0,11707.47,10406.64,1300.83,,Completed
O001389,2025-12-15,C00277,P0014,Beauty Product 014,Beauty,West,Ahmedabad,5,4289.52,15.0,18230.46,17158.1,1072.36,Net Banking,Completed
O001390,2025-06-30,C00268,P0023,Fashion Product 023,Fashion,East,Guwahati,2,3632.79,0.0,7265.58,5812.46,1453.12,UPI,Completed
O001391,2025-11-10,C00399,P0018,Fashion Product 018,Fashion,North,Jaipur,1,6795.4,15.0,5776.09,284.97,5491.12,Cash,Completed
O001392,2025-06-24,C00225,P0030,Sports Product 030,Sports,East,Guwahati,5,3054.9,10.0,13747.05,12219.6,1527.45,UPI,Completed
O001393,2025-02-18,C00303,P0049,Beauty Product 049,Beauty,North,Delhi,1,3123.84,10.0,2811.46,2499.07,312.39,Wallet,Pending
O001394,2025-01-10,C00260,P0050,Sports Product 050,Sports,South,Chennai,5,4011.29,15.0,17047.98,13615.95,3432.03,Cash,Completed
O001395,2025-02-19,C00103,P0070,Sports Product 070,Sports,North,Chandigarh,5,4336.1,15.0,18428.42,17344.4,1084.02,Wallet,Returned
O001396,2025-12-10,C00367,P0049,Beauty Product 049,Beauty,East,,5,3123.84,10.0,14057.28,12495.35,1561.93,UPI,Completed
O001397,2025-06-22,C00042,P0007,Home Product 007,Home,North,Chandigarh,4,5553.32,0.0,22213.28,16725.0,5488.28,Net Banking,Completed
O001398,2025-04-27,C00199,P0047,Home Product 047,Home,North,Delhi,5,4959.99,15.0,21079.96,19839.95,1240.01,UPI,Completed
O001399,2025-06-12,C00141,P0077,Home Product 077,Home,Central,Nagpur,1,4076.73,10.0,3669.06,3261.38,407.68,Wallet,Completed
O001400,2025-11-13,C00291,P0019,Beauty Product 019,Beauty,East,Bhubaneswar,5,6745.83,10.0,30356.24,17997.7,12358.53,Net Banking,Completed
O001401,2025-12-30,C00098,P0065,Sports Product 065,Sports,Central,Bhopal,5,7148.9,10.0,32170.05,4165.5,28004.55,,Completed
O001402,2025-01-31,C00171,P0050,Sports Product 050,Sports,West,Mumbai,4,4011.29,5.0,15242.9,10892.76,4350.14,UPI,Completed
O001403,2025-09-19,C00002,P0051,Electronics Product 051,Electronics,East,Guwahati,1,7669.29,10.0,6902.36,4174.89,2727.47,UPI,Completed
O001404,2025-05-03,C00356,P0018,Fashion Product 018,Fashion,Central,Indore,1,6795.4,0.0,6795.4,284.97,6510.43,Net Banking,Returned
O001405,2025-01-18,C00010,P0099,Beauty Product 099,Beauty,West,Mumbai,4,7721.23,10.0,27796.43,17027.92,10768.51,Card,Cancelled
O001406,2025-12-02,C00241,P0078,Fashion Product 078,Fashion,North,Chandigarh,3,8229.86,0.0,24689.58,6722.37,17967.21,Card,Returned
O001407,2025-01-23,C00268,P0071,Electronics Product 071,Electronics,East,Guwahati,2,5148.93,10.0,9268.07,7095.5,2172.57,Card,Completed
O001408,2025-03-16,C00015,P0037,Home Product 037,Home,West,Ahmedabad,4,7720.82,5.0,29339.12,2831.44,26507.68,Wallet,Pending
O001409,2025-01-10,C00292,P0095,Sports Product 095,Sports,North,Delhi,1,2495.1,15.0,2120.84,1374.54,746.3,Cash,Completed
O001410,2025-06-21,C00055,P0078,Fashion Product 078,Fashion,North,Jaipur,3,8229.86,15.0,20986.14,6722.37,14263.77,Wallet,Completed
O001411,2025-08-07,C00022,P0043,Fashion Product 043,Fashion,South,Bengaluru,2,2271.05,5.0,4314.99,3633.68,681.32,Cash,Completed
O001412,2025-04-27,C00421,P0069,Beauty Product 069,Beauty,East,Kolkata,4,2337.25,10.0,8414.1,1264.8,7149.3,Net Banking,Completed
O001413,2025-01-27,C00334,P0084,Beauty Product 084,Beauty,East,Kolkata,5,5715.45,,22861.8,11364.7,11497.1,Wallet,Completed
O001414,2025-02-12,C00193,P0019,Beauty Product 019,Beauty,West,Mumbai,2,6745.83,15.0,11467.91,7199.08,4268.83,UPI,Completed
O001415,2025-12-06,C00285,P0064,Beauty Product 064,Beauty,North,Delhi,2,7994.51,10.0,14390.12,2993.38,11396.74,Net Banking,Pending
O001416,2025-10-21,C00112,P0081,Electronics Product 081,Electronics,Central,Bhopal,1,6874.54,5.0,6530.81,4189.79,2341.02,UPI,Completed
O001417,2025-12-08,C00364,P0043,Fashion Product 043,Fashion,South,Chennai,1,2271.05,5.0,2157.5,1816.84,340.66,Wallet,Completed
O001418,2025-07-13,C00199,P0089,Beauty Product 089,Beauty,North,Delhi,4,5780.76,10.0,20810.74,18498.44,2312.3,Cash,Completed
O001419,2025-07-18,C00299,P0047,Home Product 047,Home,Central,Nagpur,2,4959.99,5.0,9423.98,7935.98,1488.0,Cash,Cancelled
O001420,2025-10-14,C00358,P0099,Beauty Product 099,Beauty,East,Guwahati,4,7721.23,0.0,30884.92,17027.92,13857.0,UPI,Completed
O001421,2025-08-13,C00004,P0004,Beauty Product 004,Beauty,North,Jaipur,5,3466.38,15.0,14732.12,11946.65,2785.47,Cash,Returned
O001422,2025-06-08,C00073,P0053,Fashion Product 053,Fashion,West,,1,5775.38,10.0,5197.84,1585.86,3611.98,Wallet,Completed
O001423,2025-04-17,C00136,P0019,Beauty Product 019,Beauty,East,Kolkata,5,6745.83,15.0,28669.78,17997.7,10672.08,UPI,Completed
O001424,2025-06-26,C00042,P0011,Electronics Product 011,Electronics,North,Chandigarh,3,8240.08,0.0,24720.24,11362.86,13357.38,Net Banking,Completed
O001425,2025-01-24,C00012,P0056,Electronics Product 056,Electronics,East,Kolkata,2,7138.32,5.0,13562.81,4023.76,9539.05,Net Banking,Returned
O001426,2025-03-12,C00331,P0023,Fashion Product 023,Fashion,North,Delhi,2,3632.79,10.0,6539.02,5812.46,726.56,Wallet,Completed
O001427,2025-09-26,C00331,P0031,Electronics Product 031,Electronics,North,Delhi,1,6070.56,0.0,6070.56,973.48,5097.08,Wallet,Completed
O001428,2025-11-12,C00061,P0075,Sports Product 075,Sports,East,Guwahati,2,8144.99,5.0,15475.48,6797.22,8678.26,Cash,Completed
O001429,2025-02-07,C00089,P0096,Electronics Product 096,Electronics,North,Delhi,1,2784.06,10.0,2505.65,2227.25,278.4,Wallet,Completed
O001430,2025-02-05,C00309,P0029,Beauty Product 029,Beauty,West,Ahmedabad,4,1220.38,10.0,4393.37,1431.52,2961.85,Cash,Completed
O001431,2025-02-01,C00023,P0062,Home Product 062,Home,North,Jaipur,4,6676.1,0.0,26704.4,7002.64,19701.76,UPI,Completed
O001432,2025-10-16,C00306,P0032,Home Product 032,Home,West,Mumbai,2,2912.1,0.0,5824.2,4119.7,1704.5,Cash,Completed
O001433,2025-04-24,C00435,P0035,Sports Product 035,Sports,South,Chennai,1,8253.41,15.0,7015.4,1512.88,5502.52,Card,Completed
O001434,2025-04-29,C00064,P0078,Fashion Product 078,Fashion,South,Hyderabad,2,8229.86,15.0,13990.76,4481.58,9509.18,UPI,Cancelled
O001435,2025-01-05,C00338,P0022,Home Product 022,Home,Central,Bhopal,4,5577.75,0.0,22311.0,15534.96,6776.04,Wallet,Completed
O001436,2025-12-21,C00118,P0080,Sports Product 080,Sports,South,Chennai,3,4972.04,10.0,13424.51,11932.89,1491.62,UPI,Completed
O001437,2025-06-07,C00259,P0061,Electronics Product 061,Electronics,South,Bengaluru,5,7647.57,5.0,36325.96,22406.3,13919.66,Card,Completed
O001438,2025-10-18,C00410,P0064,Beauty Product 064,Beauty,North,Jaipur,4,7994.51,10.0,28780.24,5986.76,22793.48,Net Banking,Completed
O001439,2025-09-15,C00418,P0040,Sports Product 040,Sports,West,Pune,2,4584.31,5.0,8710.19,7334.9,1375.29,Net Banking,Completed
O001440,2025-02-21,C00109,P0055,Sports Product 055,Sports,South,Hyderabad,1,1679.4,0.0,1679.4,1343.52,335.88,Card,Returned
O001441,2025-10-19,C00273,P0070,Sports Product 070,Sports,Central,Bhopal,3,4336.1,0.0,13008.3,10406.64,2601.66,Wallet,Completed
O001442,2025-07-20,C00311,P0082,Home Product 082,Home,North,Jaipur,5,5348.13,10.0,24066.59,13855.8,10210.79,UPI,Completed
O001443,2025-08-08,C00100,P0024,Beauty Product 024,Beauty,South,Chennai,2,2905.51,15.0,4939.37,4648.82,290.55,Cash,Pending
O001444,2025-03-14,C00440,P0011,Electronics Product 011,Electronics,Central,Bhopal,4,8240.08,15.0,28016.27,15150.48,12865.79,Card,Completed
O001445,2025-11-05,C00037,P0090,Sports Product 090,Sports,Central,Bhopal,3,1423.92,15.0,3631.0,2938.98,692.02,UPI,Completed
O001446,2025-12-06,C00362,P0038,Fashion Product 038,Fashion,North,Jaipur,2,2947.65,5.0,5600.53,2422.46,3178.07,Wallet,Completed
O001447,2025-05-28,C00101,P0088,Fashion Product 088,Fashion,South,Hyderabad,4,5208.94,20.0,16668.61,16668.6,0.01,Card,Completed
O001448,2025-02-03,C00223,P0030,Sports Product 030,Sports,North,Delhi,1,3054.9,0.0,3054.9,2443.92,610.98,Cash,Completed
O001449,2025-11-05,C00344,P0017,Home Product 017,Home,North,Chandigarh,3,4364.81,10.0,11784.99,10475.55,1309.44,Cash,Completed
O001450,2025-11-20,C00370,P0025,Sports Product 025,Sports,North,Jaipur,4,5379.58,0.0,21518.32,17214.64,4303.68,Wallet,Returned
O001451,2025-07-04,C00132,P0081,Electronics Product 081,Electronics,North,Jaipur,4,6874.54,10.0,24748.34,16759.16,7989.18,Card,Completed
O001452,2025-07-30,C00461,P0066,Electronics Product 066,Electronics,West,Mumbai,5,5295.06,20.0,21180.24,5507.6,15672.64,Cash,Completed
O001453,2025-03-23,C00394,P0043,Fashion Product 043,Fashion,North,Chandigarh,5,2271.05,0.0,11355.25,9084.2,2271.05,Card,Completed
O001454,2025-01-25,C00068,P0053,Fashion Product 053,Fashion,Central,Indore,4,5775.38,5.0,21946.44,6343.44,15603.0,Wallet,Completed
O001455,2025-12-10,C00191,P0030,Sports Product 030,Sports,East,Kolkata,3,3054.9,20.0,7331.76,7331.76,0.0,Card,Completed
O001456,2025-06-25,C00071,P0090,Sports Product 090,Sports,East,Guwahati,2,1423.92,15.0,2420.66,1959.32,461.34,Wallet,Completed
O001457,2025-04-11,C00437,P0073,Fashion Product 073,Fashion,South,Chennai,2,1490.03,0.0,2980.06,1745.04,1235.02,Cash,Completed
O001458,2025-09-10,C00469,P0079,Beauty Product 079,Beauty,North,Jaipur,2,6934.89,20.0,11095.82,9363.72,1732.1,UPI,Returned
O001459,2025-01-10,C00487,P0066,Electronics Product 066,Electronics,North,Jaipur,3,5295.06,10.0,14296.66,3304.56,10992.1,Net Banking,Returned
O001460,2025-01-30,C00326,P0094,Beauty Product 094,Beauty,West,Ahmedabad,5,5366.1,15.0,22805.92,21464.4,1341.52,Net Banking,Completed
O001461,2025-03-30,C00019,P0047,Home Product 047,Home,North,Chandigarh,2,4959.99,20.0,7935.98,7935.98,0.0,Wallet,Completed
O001462,2025-06-14,C00002,P0037,Home Product 037,Home,East,Guwahati,5,7720.82,20.0,30883.28,3539.3,27343.98,UPI,Completed
O001463,2025-05-14,C00090,P0095,Sports Product 095,Sports,South,Bengaluru,3,2495.1,20.0,5988.24,4123.62,1864.62,Card,Completed
O001464,2025-03-10,C00453,P0022,Home Product 022,Home,North,Delhi,5,5577.75,10.0,25099.88,19418.7,5681.18,Wallet,Completed
O001465,2025-05-08,C00259,P0054,Beauty Product 054,Beauty,South,Bengaluru,3,4876.35,20.0,11703.24,11703.24,0.0,Cash,Completed
O001466,2025-05-02,C00011,P0061,Electronics Product 061,Electronics,North,Jaipur,3,7647.57,15.0,19501.3,13443.78,6057.52,Wallet,Completed
O001467,2025-07-10,C00215,P0092,Home Product 092,Home,Central,Bhopal,4,5945.72,5.0,22593.74,12231.72,10362.02,Wallet,Completed
O001468,2025-07-24,C00222,P0046,Electronics Product 046,Electronics,Central,Nagpur,3,8168.47,10.0,22054.87,1074.96,20979.91,UPI,Completed
O001469,2025-11-18,C00171,P0034,Beauty Product 034,Beauty,West,Mumbai,1,7768.65,0.0,7768.65,4819.01,2949.64,Card,Completed
O001470,2025-10-21,C00167,P0072,Home Product 072,Home,West,Ahmedabad,1,6223.26,20.0,4978.61,4069.59,909.02,Card,Cancelled
O001471,2025-04-17,C00274,P0026,Electronics Product 026,Electronics,Central,Nagpur,4,2848.75,15.0,9685.75,6346.28,3339.47,Net Banking,Completed
O001472,2025-11-25,C00208,P0057,Home Product 057,Home,East,Bhubaneswar,5,8123.2,15.0,34523.6,8782.05,25741.55,Net Banking,Completed
O001473,2025-07-09,C00001,P0035,Sports Product 035,Sports,East,Bhubaneswar,3,8253.41,20.0,19808.18,4538.64,15269.54,UPI,Completed
O001474,2025-03-10,C00361,P0081,Electronics Product 081,Electronics,East,Kolkata,5,6874.54,20.0,27498.16,20948.95,6549.21,Wallet,Completed
O001475,2025-05-04,C00215,P0075,Sports Product 075,Sports,Central,Bhopal,5,8144.99,10.0,36652.46,16993.05,19659.41,Wallet,Cancelled
O001476,2025-09-28,C00307,P0034,Beauty Product 034,Beauty,Central,Nagpur,3,7768.65,15.0,19810.06,14457.03,5353.03,Wallet,Completed
O001477,2025-10-27,C00356,P0068,Fashion Product 068,Fashion,Central,Indore,5,6082.72,10.0,27372.24,24330.9,3041.34,Wallet,Completed
O001478,2025-05-17,C00109,P0052,Home Product 052,Home,South,Hyderabad,1,3602.09,10.0,3241.88,2881.67,360.21,Net Banking,Returned
O001479,2025-02-27,C00341,P0044,Beauty Product 044,Beauty,North,Jaipur,5,3801.64,15.0,16156.97,15206.55,950.42,Net Banking,Completed
O001480,2025-03-11,C00261,P0025,Sports Product 025,Sports,South,Bengaluru,1,5379.58,15.0,4572.64,4303.66,268.98,Card,Returned
O001481,2025-02-07,C00116,P0050,Sports Product 050,Sports,West,Pune,2,4011.29,5.0,7621.45,5446.38,2175.07,Wallet,Completed
O001482,2025-09-12,C00066,P0100,Sports Product 100,Sports,North,Chandigarh,5,6735.82,20.0,26943.28,20298.1,6645.18,Card,Completed
O001483,2025-07-03,C00083,P0052,Home Product 052,Home,South,Hyderabad,3,3602.09,15.0,9185.33,8645.01,540.32,Net Banking,Completed
O001484,2025-06-14,C00019,P0097,Home Product 097,Home,North,Chandigarh,4,3422.29,5.0,13004.7,10951.32,2053.38,Cash,Pending
O001485,2025-09-02,C00386,P0062,Home Product 062,Home,West,Pune,5,6676.1,10.0,30042.45,8753.3,21289.15,UPI,Completed
O001486,2025-10-29,C00336,P0037,Home Product 037,Home,South,Chennai,1,7720.82,5.0,7334.78,707.86,6626.92,Card,Completed
O001487,2025-10-17,C00202,P0088,Fashion Product 088,Fashion,North,Delhi,2,5208.94,15.0,8855.2,8334.3,520.9,UPI,Completed
O001488,2025-02-19,C00329,P0022,Home Product 022,Home,East,Bhubaneswar,5,5577.75,0.0,27888.75,19418.7,8470.05,UPI,Completed
O001489,2025-08-03,C00060,P0042,Home Product 042,Home,West,Ahmedabad,2,2781.36,5.0,5284.58,4450.18,834.4,Card,Completed
O001490,2025-11-18,C00165,P0023,Fashion Product 023,Fashion,North,Jaipur,5,3632.79,10.0,16347.56,14531.15,1816.41,Card,Completed
O001491,2025-10-09,C00379,P0042,Home Product 042,Home,North,Delhi,5,2781.36,0.0,13906.8,11125.45,2781.35,UPI,Completed
O001492,2025-04-30,C00310,P0088,Fashion Product 088,Fashion,South,Hyderabad,5,5208.94,5.0,24742.46,20835.75,3906.71,Cash,Completed
O001493,2025-05-23,C00011,P0009,Beauty Product 009,Beauty,North,Jaipur,2,4934.15,15.0,8388.05,7894.64,493.41,UPI,Completed
O001494,2025-11-21,C00352,P0066,Electronics Product 066,Electronics,East,Bhubaneswar,1,5295.06,15.0,4500.8,1101.52,3399.28,UPI,Returned
O001495,2025-01-12,C00087,P0032,Home Product 032,Home,Central,Bhopal,4,2912.1,10.0,10483.56,8239.4,2244.16,Net Banking,Completed
O001496,2025-07-11,C00335,P0087,Home Product 087,Home,North,Chandigarh,3,5255.47,5.0,14978.09,1698.45,13279.64,Cash,Completed
O001497,2025-02-12,C00240,P0068,Fashion Product 068,Fashion,South,Bengaluru,1,6082.72,15.0,5170.31,4866.18,304.13,,Completed
O001498,2025-11-22,C00264,P0006,Electronics Product 006,Electronics,West,Mumbai,1,4936.68,10.0,4443.01,1329.38,3113.63,Wallet,Completed
O001499,2025-01-15,C00444,P0086,Electronics Product 086,Electronics,South,Bengaluru,4,7032.55,10.0,25317.18,15174.28,10142.9,Cash,Completed
O001500,2025-01-09,C00081,P0087,Home Product 087,Home,Central,Nagpur,4,5255.47,10.0,18919.69,2264.6,16655.09,Wallet,Completed
O001501,2025-04-30,C00048,P0043,Fashion Product 043,Fashion,South,Hyderabad,2,2271.05,10.0,4087.89,3633.68,454.21,Wallet,Completed
O001502,2025-03-14,C00144,P0011,Electronics Product 011,Electronics,South,Bengaluru,4,8240.08,10.0,29664.29,15150.48,14513.81,Net Banking,Completed
O001503,2025-06-30,C00021,P0017,Home Product 017,Home,North,Chandigarh,3,4364.81,10.0,11784.99,10475.55,1309.44,Wallet,Completed
O001504,2025-04-20,C00161,P0091,Electronics Product 091,Electronics,West,Ahmedabad,4,1897.13,0.0,7588.52,2052.52,5536.0,UPI,Completed
O001505,2025-05-10,C00077,P0096,Electronics Product 096,Electronics,South,Bengaluru,2,2784.06,5.0,5289.71,4454.5,835.21,UPI,Pending
O001506,2025-07-25,C00471,P0009,Beauty Product 009,Beauty,North,Chandigarh,2,4934.15,5.0,9374.88,7894.64,1480.24,Net Banking,Returned
O001507,2025-07-24,C00177,P0019,Beauty Product 019,Beauty,West,Ahmedabad,4,6745.83,20.0,21586.66,14398.16,7188.5,Wallet,Cancelled
O001508,2025-12-07,C00182,P0087,Home Product 087,Home,North,Delhi,3,5255.47,0.0,15766.41,1698.45,14067.96,Wallet,Completed
O001509,2025-06-24,C00177,P0033,Fashion Product 033,Fashion,West,Ahmedabad,4,2460.76,0.0,9843.04,7874.44,1968.6,Wallet,Completed
O001510,2025-07-25,C00258,P0015,Sports Product 015,Sports,West,Pune,1,4470.33,0.0,4470.33,3576.26,894.07,Card,Completed
O001511,2025-09-04,C00325,P0011,Electronics Product 011,Electronics,North,Jaipur,1,8240.08,0.0,8240.08,3787.62,4452.46,Card,Completed
O001512,2025-03-05,C00410,P0024,Beauty Product 024,Beauty,North,Jaipur,2,2905.51,0.0,5811.02,4648.82,1162.2,Cash,Cancelled
O001513,2025-08-31,C00265,P0091,Electronics Product 091,Electronics,North,Chandigarh,1,1897.13,5.0,1802.27,513.13,1289.14,Wallet,Completed
O001514,2025-11-10,C00152,P0019,Beauty Product 019,Beauty,East,Guwahati,2,6745.83,20.0,10793.33,7199.08,3594.25,Net Banking,Completed
O001515,2025-04-26,C00415,P0083,Fashion Product 083,Fashion,South,Chennai,1,3893.45,15.0,3309.43,3114.76,194.67,UPI,Pending
O001516,2025-03-06,C00333,P0073,Fashion Product 073,Fashion,Central,Bhopal,1,1490.03,15.0,1266.53,872.52,394.01,Cash,Returned
O001517,2025-05-07,C00448,P0081,Electronics Product 081,Electronics,North,Delhi,3,6874.54,10.0,18561.26,12569.37,5991.89,Wallet,Completed
O001518,2025-04-11,C00105,P0043,Fashion Product 043,Fashion,North,Jaipur,5,2271.05,10.0,10219.73,9084.2,1135.53,UPI,Completed
O001519,2025-08-01,C00242,P0023,Fashion Product 023,Fashion,South,Bengaluru,4,3632.79,15.0,12351.49,11624.92,726.57,Net Banking,Completed
O001520,2025-11-11,C00112,P0007,Home Product 007,Home,Central,Bhopal,5,5553.32,10.0,24989.94,20906.25,4083.69,Net Banking,Completed
O001521,2025-08-06,C00006,P0023,Fashion Product 023,Fashion,South,Chennai,3,3632.79,0.0,10898.37,8718.69,2179.68,Wallet,Completed
O001522,2025-02-15,C00152,P0067,Home Product 067,Home,East,Guwahati,4,2982.59,10.0,10737.32,4732.24,6005.08,UPI,Completed
O001523,2025-04-25,C00246,P0002,Home Product 002,Home,Central,Indore,1,4453.12,0.0,4453.12,3562.5,890.62,Cash,Completed
O001524,2025-09-08,C00426,P0074,Beauty Product 074,Beauty,East,Kolkata,4,2907.59,0.0,11630.36,8554.0,3076.36,Card,Completed
O001525,2025-05-01,C00003,P0012,Home Product 012,Home,South,Chennai,3,4256.45,10.0,11492.41,6029.04,5463.37,Wallet,Completed
O001526,2025-08-02,C00126,P0082,Home Product 082,Home,Central,Bhopal,4,5348.13,15.0,18183.64,11084.64,7099.0,Wallet,Completed
O001527,2025-09-10,C00157,P0032,Home Product 032,Home,Central,Bhopal,1,2912.1,0.0,2912.1,2059.85,852.25,Card,Completed
O001528,2025-04-30,C00233,P0089,Beauty Product 089,Beauty,North,Chandigarh,3,5780.76,15.0,14740.94,13873.83,867.11,Net Banking,Completed
O001529,2025-08-24,C00418,P0038,Fashion Product 038,Fashion,West,Pune,1,2947.65,10.0,2652.89,1211.23,1441.66,UPI,Completed
O001530,2025-05-25,C00053,P0010,Sports Product 010,Sports,Central,Nagpur,2,1734.32,15.0,2948.34,916.14,2032.2,Card,Completed
O001531,2025-02-19,C00124,P0068,Fashion Product 068,Fashion,East,Kolkata,1,6082.72,20.0,4866.18,4866.18,-0.0,Net Banking,Pending
O001532,2025-05-16,C00272,P0006,Electronics Product 006,Electronics,East,Bhubaneswar,4,4936.68,,17772.05,5317.52,12454.53,Cash,Completed
O001533,2025-06-10,C00366,P0044,Beauty Product 044,Beauty,South,Bengaluru,4,3801.64,0.0,15206.56,12165.24,3041.32,UPI,Completed
O001534,2025-01-01,C00291,P0080,Sports Product 080,Sports,East,Bhubaneswar,3,4972.04,10.0,13424.51,11932.89,1491.62,Cash,Completed
O001535,2025-11-21,C00468,P0083,Fashion Product 083,Fashion,West,Mumbai,2,3893.45,10.0,7008.21,6229.52,778.69,Net Banking,Completed
O001536,2025-07-12,C00288,P0026,Electronics Product 026,Electronics,North,Jaipur,3,2848.75,15.0,7264.31,4759.71,2504.6,Card,Completed
O001537,2025-01-14,C00342,P0025,Sports Product 025,Sports,South,Chennai,3,5379.58,0.0,16138.74,12910.98,3227.76,Wallet,Completed
O001538,2025-11-12,C00004,P0023,Fashion Product 023,Fashion,North,Jaipur,3,3632.79,5.0,10353.45,8718.69,1634.76,Wallet,Cancelled
O001539,2025-11-08,C00235,P0057,Home Product 057,Home,South,Bengaluru,3,8123.2,5.0,23151.12,5269.23,17881.89,Wallet,Completed
O001540,2025-01-05,C00429,P0007,Home Product 007,Home,North,Jaipur,3,5553.32,10.0,14993.96,12543.75,2450.21,Card,Completed
O001541,2025-03-01,C00161,P0005,Sports Product 005,Sports,West,Ahmedabad,2,7082.09,5.0,13455.97,6616.72,6839.25,UPI,Completed
O001542,2025-05-13,C00174,P0096,Electronics Product 096,Electronics,West,Mumbai,1,2784.06,5.0,2644.86,2227.25,417.61,Wallet,Completed
O001543,2025-07-04,C00116,P0014,Beauty Product 014,Beauty,West,Pune,3,4289.52,5.0,12225.13,10294.86,1930.27,Wallet,Completed
O001544,2025-09-22,C00235,P0010,Sports Product 010,Sports,South,Bengaluru,3,1734.32,0.0,5202.96,1374.21,3828.75,Wallet,Completed
O001545,2025-06-04,C00176,P0087,Home Product 087,Home,East,Kolkata,5,5255.47,20.0,21021.88,2830.75,18191.13,Cash,Completed
O001546,2025-08-11,C00148,P0044,Beauty Product 044,Beauty,East,Kolkata,5,3801.64,5.0,18057.79,15206.55,2851.24,Cash,Completed
O001547,2025-01-04,C00493,P0017,Home Product 017,Home,West,Pune,3,4364.81,15.0,11130.27,10475.55,654.72,Cash,Cancelled
O001548,2025-08-28,C00490,P0073,Fashion Product 073,Fashion,East,Kolkata,4,1490.03,10.0,5364.11,3490.08,1874.03,Card,Returned
O001549,2025-11-30,C00278,P0051,Electronics Product 051,Electronics,North,Chandigarh,5,7669.29,15.0,32594.48,20874.45,11720.03,UPI,Completed
O001550,2025-07-11,C00244,P0078,Fashion Product 078,Fashion,North,Delhi,2,8229.86,15.0,13990.76,4481.58,9509.18,Net Banking,Completed
O001551,2025-06-15,C00486,P0002,Home Product 002,Home,West,Pune,3,4453.12,10.0,12023.42,10687.5,1335.92,Cash,Completed
O001552,2025-04-19,C00440,P0057,Home Product 057,Home,Central,Bhopal,1,8123.2,5.0,7717.04,1756.41,5960.63,UPI,Completed
O001553,2025-12-14,C00094,P0035,Sports Product 035,Sports,North,Chandigarh,4,8253.41,5.0,31362.96,6051.52,25311.44,Wallet,Completed
O001554,2025-01-13,C00446,P0036,Electronics Product 036,Electronics,South,Chennai,3,4569.04,15.0,11651.05,10965.69,685.36,Wallet,Completed
O001555,2025-04-15,C00049,P0015,Sports Product 015,Sports,West,Ahmedabad,4,4470.33,0.0,17881.32,14305.04,3576.28,Net Banking,Returned
O001556,2025-02-20,C00462,P0083,Fashion Product 083,Fashion,Central,Nagpur,4,3893.45,20.0,12459.04,12459.04,0.0,Wallet,Completed
O001557,2025-11-12,C00084,P0042,Home Product 042,Home,Central,Nagpur,1,2781.36,0.0,2781.36,2225.09,556.27,UPI,Completed
O001558,2025-06-25,C00256,P0025,Sports Product 025,Sports,West,Mumbai,3,5379.58,5.0,15331.8,12910.98,2420.82,Net Banking,Completed
O001559,2025-12-02,C00024,P0062,Home Product 062,Home,North,Jaipur,2,6676.1,0.0,13352.2,3501.32,9850.88,Card,Completed
O001560,2025-08-31,C00034,P0070,Sports Product 070,Sports,South,Hyderabad,4,4336.1,0.0,17344.4,13875.52,3468.88,Net Banking,Returned
O001561,2025-07-22,C00046,P0043,Fashion Product 043,Fashion,North,Delhi,1,2271.05,10.0,2043.95,1816.84,227.11,Cash,Completed
O001562,2025-07-08,C00021,P0005,Sports Product 005,Sports,North,Chandigarh,3,7082.09,0.0,21246.27,9925.08,11321.19,Cash,Returned
O001563,2025-03-15,C00165,P0052,Home Product 052,Home,North,Jaipur,2,3602.09,0.0,7204.18,5763.34,1440.84,Cash,Completed
O001564,2025-07-24,C00312,P0083,Fashion Product 083,Fashion,East,Kolkata,5,3893.45,5.0,18493.89,15573.8,2920.09,Net Banking,Returned
O001565,2025-09-07,C00245,P0063,Fashion Product 063,Fashion,West,Pune,1,2531.09,15.0,2151.43,2024.87,126.56,Net Banking,Pending
O001566,2025-12-18,C00110,P0064,Beauty Product 064,Beauty,North,Delhi,1,7994.51,10.0,7195.06,1496.69,5698.37,Cash,Returned
O001567,2025-07-19,C00422,P0013,Fashion Product 013,Fashion,South,Bengaluru,1,4305.64,0.0,4305.64,867.13,3438.51,UPI,Completed
O001568,2025-12-08,C00068,P0090,Sports Product 090,Sports,Central,Indore,3,1423.92,5.0,4058.17,2938.98,1119.19,Card,Completed
O001569,2025-12-10,C00233,P0065,Sports Product 065,Sports,North,Chandigarh,3,7148.9,10.0,19302.03,2499.3,16802.73,Card,Completed
O001570,2025-07-10,C00165,P0034,Beauty Product 034,Beauty,North,Jaipur,1,7768.65,15.0,6603.35,4819.01,1784.34,Wallet,Completed
O001571,2025-06-09,C00382,P0017,Home Product 017,Home,East,Kolkata,2,4364.81,10.0,7856.66,6983.7,872.96,Wallet,Completed
O001572,2025-02-21,C00410,P0071,Electronics Product 071,Electronics,North,Jaipur,5,5148.93,10.0,23170.19,17738.75,5431.44,Cash,Completed
O001573,2025-04-08,C00223,P0084,Beauty Product 084,Beauty,North,Delhi,1,5715.45,20.0,4572.36,2272.94,2299.42,Cash,Completed
O001574,2025-11-16,C00379,P0079,Beauty Product 079,Beauty,North,Delhi,1,6934.89,0.0,6934.89,4681.86,2253.03,Cash,Completed
O001575,2025-02-20,C00202,P0062,Home Product 062,Home,North,Delhi,4,6676.1,5.0,25369.18,7002.64,18366.54,Card,Completed
O001576,2025-05-25,C00022,P0052,Home Product 052,Home,South,Bengaluru,1,3602.09,0.0,3602.09,2881.67,720.42,UPI,Completed
O001577,2025-09-12,C00050,P0082,Home Product 082,Home,South,Hyderabad,5,5348.13,15.0,22729.55,13855.8,8873.75,Wallet,Completed
O001578,2025-03-29,C00387,P0077,Home Product 077,Home,East,Bhubaneswar,5,4076.73,20.0,16306.92,16306.9,0.02,Cash,Completed
O001579,2025-12-21,C00271,P0073,Fashion Product 073,Fashion,South,Chennai,4,1490.03,0.0,5960.12,3490.08,2470.04,Cash,Completed
O001580,2025-08-25,C00146,P0008,Fashion Product 008,Fashion,North,Jaipur,5,8265.58,0.0,41327.9,9670.0,31657.9,Card,Cancelled
O001581,2025-01-11,C00301,P0008,Fashion Product 008,Fashion,Central,Nagpur,1,8265.58,0.0,8265.58,1934.0,6331.58,Net Banking,Pending
O001582,2025-03-31,C00127,P0073,Fashion Product 073,Fashion,East,Kolkata,3,1490.03,10.0,4023.08,2617.56,1405.52,Net Banking,Completed
O001583,2025-09-27,C00148,P0034,Beauty Product 034,Beauty,East,Kolkata,4,7768.65,15.0,26413.41,19276.04,7137.37,Card,Completed
O001584,2025-11-11,C00293,P0033,Fashion Product 033,Fashion,South,Hyderabad,2,2460.76,0.0,4921.52,3937.22,984.3,Net Banking,Completed
O001585,2025-12-04,C00210,P0029,Beauty Product 029,Beauty,East,Kolkata,4,1220.38,5.0,4637.44,1431.52,3205.92,Net Banking,Completed
O001586,2025-11-06,C00171,P0070,Sports Product 070,Sports,West,Mumbai,5,4336.1,20.0,17344.4,17344.4,0.0,Wallet,Completed
O001587,2025-01-28,C00312,P0037,Home Product 037,Home,East,Kolkata,4,7720.82,0.0,30883.28,2831.44,28051.84,Cash,Completed
O001588,2025-09-23,C00032,P0023,Fashion Product 023,Fashion,East,Bhubaneswar,5,3632.79,0.0,18163.95,14531.15,3632.8,UPI,Completed
O001589,2025-02-10,C00437,P0050,Sports Product 050,Sports,South,Chennai,4,4011.29,5.0,15242.9,10892.76,4350.14,Wallet,Completed
O001590,2025-01-28,C00440,P0088,Fashion Product 088,Fashion,Central,Bhopal,3,5208.94,5.0,14845.48,12501.45,2344.03,UPI,Completed
O001591,2025-09-09,C00158,P0082,Home Product 082,Home,Central,Nagpur,2,5348.13,5.0,10161.45,5542.32,4619.13,Cash,Completed
O001592,2025-06-24,C00129,P0004,Beauty Product 004,Beauty,East,Kolkata,1,3466.38,0.0,3466.38,2389.33,1077.05,Wallet,Pending
O001593,2025-08-24,C00348,P0016,Electronics Product 016,Electronics,North,Jaipur,4,5090.79,15.0,17308.69,16290.52,1018.17,Net Banking,Completed
O001594,2025-01-26,C00191,P0063,Fashion Product 063,Fashion,East,Kolkata,1,2531.09,10.0,2277.98,2024.87,253.11,Wallet,Completed
O001595,2025-07-12,C00039,P0029,Beauty Product 029,Beauty,East,Bhubaneswar,5,1220.38,15.0,5186.62,1789.4,3397.22,Net Banking,Completed
O001596,2025-10-31,C00446,P0024,Beauty Product 024,Beauty,South,Chennai,1,2905.51,0.0,2905.51,2324.41,581.1,Wallet,Completed
O001597,2025-06-10,C00201,P0003,Fashion Product 003,Fashion,West,Mumbai,4,6788.51,5.0,25796.34,15461.64,10334.7,Cash,Returned
O001598,2025-07-10,C00138,P0002,Home Product 002,Home,Central,Bhopal,3,4453.12,5.0,12691.39,10687.5,2003.89,Wallet,Completed
O001599,2025-07-01,C00499,P0052,Home Product 052,Home,West,Ahmedabad,3,3602.09,10.0,9725.64,8645.01,1080.63,Cash,Completed
O001600,2025-11-27,C00151,P0089,Beauty Product 089,Beauty,North,Delhi,3,5780.76,0.0,17342.28,13873.83,3468.45,Cash,Completed
O001601,2025-01-19,C00414,P0086,Electronics Product 086,Electronics,North,Chandigarh,2,7032.55,20.0,11252.08,7587.14,3664.94,Cash,Completed
O001602,2025-11-16,C00483,P0059,Beauty Product 059,Beauty,Central,Bhopal,2,1289.86,5.0,2450.73,2063.78,386.95,Net Banking,Completed
O001603,2025-10-25,C00208,P0099,Beauty Product 099,Beauty,East,Bhubaneswar,2,7721.23,10.0,13898.21,8513.96,5384.25,UPI,Completed
O001604,2025-10-23,C00489,P0041,Electronics Product 041,Electronics,North,Chandigarh,5,5698.77,0.0,28493.85,15122.35,13371.5,Net Banking,Pending
O001605,2025-05-31,C00420,P0090,Sports Product 090,Sports,Central,Indore,1,1423.92,15.0,1210.33,979.66,230.67,Cash,Completed
O001606,2025-07-07,C00263,P0078,Fashion Product 078,Fashion,South,Bengaluru,3,8229.86,0.0,24689.58,6722.37,17967.21,Card,Completed
O001607,2025-05-15,C00027,P0006,Electronics Product 006,Electronics,East,Guwahati,1,4936.68,5.0,4689.85,1329.38,3360.47,Net Banking,Completed
O001608,2025-04-02,C00325,P0050,Sports Product 050,Sports,North,Jaipur,4,4011.29,15.0,13638.39,10892.76,2745.63,Cash,Completed
O001609,2025-11-15,C00168,P0085,Sports Product 085,Sports,South,Chennai,3,3007.51,15.0,7669.15,7218.03,451.12,Wallet,Completed
O001610,2025-07-04,C00400,P0037,Home Product 037,Home,Central,Indore,3,7720.82,5.0,22004.34,2123.58,19880.76,Card,Completed
O001611,2025-09-21,C00192,P0028,Fashion Product 028,Fashion,East,Kolkata,1,7012.16,15.0,5960.34,2180.34,3780.0,Net Banking,Completed
O001612,2025-02-06,C00469,P0058,Fashion Product 058,Fashion,North,Jaipur,4,3370.65,10.0,12134.34,10786.08,1348.26,Wallet,Returned
O001613,2025-10-15,C00138,P0021,Electronics Product 021,Electronics,Central,Bhopal,4,4281.14,10.0,15412.1,13699.64,1712.46,,Completed
O001614,2025-08-28,C00058,P0085,Sports Product 085,Sports,Central,Bhopal,3,3007.51,0.0,9022.53,7218.03,1804.5,Net Banking,Completed
O001615,2025-12-30,C00366,P0016,Electronics Product 016,Electronics,South,Bengaluru,3,5090.79,15.0,12981.51,12217.89,763.62,UPI,Completed
O001616,2025-02-18,C00111,P0045,Sports Product 045,Sports,West,Ahmedabad,5,3762.55,20.0,15050.2,15050.2,0.0,Wallet,Cancelled
O001617,2025-07-16,C00262,P0033,Fashion Product 033,Fashion,West,Ahmedabad,5,2460.76,0.0,12303.8,9843.05,2460.75,Wallet,Completed
O001618,2025-07-06,C00017,P0034,Beauty Product 034,Beauty,North,Delhi,4,7768.65,10.0,27967.14,19276.04,8691.1,Card,Completed
O001619,2025-07-15,C00493,P0050,Sports Product 050,Sports,West,Pune,2,4011.29,5.0,7621.45,5446.38,2175.07,Cash,Returned
O001620,2025-01-20,C00304,P0087,Home Product 087,Home,Central,Nagpur,4,5255.47,5.0,19970.79,2264.6,17706.19,Cash,Completed
O001621,2025-06-22,C00393,P0012,Home Product 012,Home,South,Bengaluru,3,4256.45,5.0,12130.88,6029.04,6101.84,Card,Completed
O001622,2025-04-20,C00315,P0091,Electronics Product 091,Electronics,North,Delhi,3,1897.13,5.0,5406.82,1539.39,3867.43,Cash,Completed
O001623,2025-08-13,C00375,P0039,Beauty Product 039,Beauty,Central,Indore,4,7352.91,0.0,29411.64,4358.68,25052.96,UPI,Completed
O001624,2025-03-26,C00453,P0085,Sports Product 085,Sports,North,Delhi,2,3007.51,,4812.02,4812.02,-0.0,Wallet,Completed
O001625,2025-06-08,C00168,P0020,Sports Product 020,Sports,South,Chennai,4,3689.4,5.0,14019.72,11806.08,2213.64,Wallet,Completed
O001626,2025-08-14,C00330,P0010,Sports Product 010,Sports,East,Guwahati,1,1734.32,10.0,1560.89,458.07,1102.82,Card,Completed
O001627,2025-01-24,C00041,P0024,Beauty Product 024,Beauty,West,Ahmedabad,5,2905.51,0.0,14527.55,11622.05,2905.5,Cash,Completed
O001628,2025-10-14,C00444,P0034,Beauty Product 034,Beauty,South,Bengaluru,2,7768.65,5.0,14760.43,9638.02,5122.41,Cash,Completed
O001629,2025-09-18,C00328,P0079,Beauty Product 079,Beauty,East,Guwahati,3,6934.89,10.0,18724.2,14045.58,4678.62,UPI,Completed
O001630,2025-01-21,C00219,P0083,Fashion Product 083,Fashion,North,Jaipur,2,3893.45,20.0,6229.52,6229.52,0.0,UPI,Completed
O001631,2025-01-24,C00299,P0033,Fashion Product 033,Fashion,Central,Nagpur,4,2460.76,10.0,8858.74,7874.44,984.3,Card,Completed
O001632,2025-11-06,C00016,P0023,Fashion Product 023,Fashion,West,Ahmedabad,3,3632.79,10.0,9808.53,8718.69,1089.84,UPI,Completed
O001633,2025-04-14,C00102,P0078,Fashion Product 078,Fashion,North,Chandigarh,5,8229.86,20.0,32919.44,11203.95,21715.49,Card,Completed
O001634,2025-11-10,C00050,P0073,Fashion Product 073,Fashion,South,Hyderabad,3,1490.03,10.0,4023.08,2617.56,1405.52,UPI,Completed
O001635,2025-07-01,C00184,P0060,Sports Product 060,Sports,West,Mumbai,3,7633.42,5.0,21755.25,14891.34,6863.91,Card,Pending
O001636,2025-05-05,C00289,P0034,Beauty Product 034,Beauty,South,Bengaluru,3,7768.65,10.0,20975.35,14457.03,6518.32,Cash,Completed
O001637,2025-04-10,C00387,P0057,Home Product 057,Home,East,Bhubaneswar,2,8123.2,10.0,14621.76,3512.82,11108.94,Cash,Completed
O001638,2025-08-28,C00332,P0034,Beauty Product 034,Beauty,West,Ahmedabad,1,7768.65,20.0,6214.92,4819.01,1395.91,Cash,Completed
O001639,2025-02-09,C00026,P0078,Fashion Product 078,Fashion,Central,Indore,2,8229.86,5.0,15636.73,4481.58,11155.15,UPI,Completed
O001640,2025-05-27,C00405,P0073,Fashion Product 073,Fashion,West,Mumbai,4,1490.03,15.0,5066.1,3490.08,1576.02,Card,Completed
O001641,2025-05-06,C00239,P0046,Electronics Product 046,Electronics,West,Pune,3,8168.47,10.0,22054.87,1074.96,20979.91,UPI,Completed
O001642,2025-02-26,C00239,P0048,Fashion Product 048,Fashion,West,Pune,1,8002.61,5.0,7602.48,2580.86,5021.62,Card,Returned
O001643,2025-05-09,C00127,P0030,Sports Product 030,Sports,East,Kolkata,3,3054.9,5.0,8706.47,7331.76,1374.7,Cash,Completed
O001644,2025-07-12,C00008,P0041,Electronics Product 041,Electronics,Central,Indore,5,5698.77,20.0,22795.08,15122.35,7672.73,UPI,Pending
O001645,2025-09-04,C00482,P0085,Sports Product 085,Sports,South,Bengaluru,1,3007.51,5.0,2857.13,2406.01,451.12,Card,Completed
O001646,2025-02-01,C00338,P0060,Sports Product 060,Sports,Central,Bhopal,2,7633.42,15.0,12976.81,9927.56,3049.25,UPI,Completed
O001647,2025-11-14,C00095,P0020,Sports Product 020,Sports,West,Ahmedabad,2,3689.4,15.0,6271.98,5903.04,368.94,Cash,Completed
O001648,2025-11-16,C00205,P0074,Beauty Product 074,Beauty,South,Chennai,5,2907.59,15.0,12357.26,10692.5,1664.76,Cash,Pending
O001649,2025-09-09,C00392,P0039,Beauty Product 039,Beauty,North,Delhi,2,7352.91,10.0,13235.24,2179.34,11055.9,UPI,Completed
O001650,2025-12-03,C00054,P0012,Home Product 012,Home,North,Delhi,3,4256.45,0.0,12769.35,6029.04,6740.31,Card,Completed
O001651,2025-06-05,C00044,P0047,Home Product 047,Home,Central,Indore,4,4959.99,0.0,19839.96,15871.96,3968.0,Cash,Completed
O001652,2025-10-27,C00366,P0010,Sports Product 010,Sports,South,Bengaluru,5,1734.32,15.0,7370.86,2290.35,5080.51,Cash,Completed
O001653,2025-09-22,C00085,P0031,Electronics Product 031,Electronics,Central,Indore,3,6070.56,20.0,14569.34,2920.44,11648.9,UPI,Completed
O001654,2025-07-24,C00276,P0010,Sports Product 010,Sports,East,Bhubaneswar,3,1734.32,5.0,4942.81,1374.21,3568.6,Net Banking,Completed
O001655,2025-03-07,C00334,P0005,Sports Product 005,Sports,East,Kolkata,3,7082.09,10.0,19121.64,9925.08,9196.56,Net Banking,Completed
O001656,2025-07-22,C00250,P0071,Electronics Product 071,Electronics,Central,Nagpur,5,5148.93,5.0,24457.42,17738.75,6718.67,Card,Completed
O001657,2025-11-25,C00113,P0097,Home Product 097,Home,South,Bengaluru,5,3422.29,20.0,13689.16,13689.15,0.01,UPI,Pending
O001658,2025-12-25,C00441,P0083,Fashion Product 083,Fashion,Central,Indore,2,3893.45,15.0,6618.86,6229.52,389.34,UPI,Completed
O001659,2025-06-13,C00413,P0058,Fashion Product 058,Fashion,South,Bengaluru,5,3370.65,5.0,16010.59,13482.6,2527.99,Cash,Cancelled
O001660,2025-04-01,C00496,P0042,Home Product 042,Home,Central,Nagpur,2,2781.36,0.0,5562.72,4450.18,1112.54,Net Banking,Completed
O001661,2025-09-30,C00003,P0031,Electronics Product 031,Electronics,South,Chennai,5,6070.56,0.0,30352.8,4867.4,25485.4,Wallet,Completed
O001662,2025-01-28,C00209,P0063,Fashion Product 063,Fashion,West,Pune,4,2531.09,10.0,9111.92,8099.48,1012.44,Card,Completed
O001663,2025-02-24,C00139,P0096,Electronics Product 096,Electronics,Central,Bhopal,2,2784.06,10.0,5011.31,4454.5,556.81,Wallet,Completed
O001664,2025-07-24,C00234,P0043,Fashion Product 043,Fashion,East,Guwahati,1,2271.05,0.0,2271.05,1816.84,454.21,UPI,Completed
O001665,2025-12-27,C00221,P0094,Beauty Product 094,Beauty,North,Delhi,3,5366.1,15.0,13683.56,12878.64,804.92,Wallet,Completed
O001666,2025-04-30,C00368,P0002,Home Product 002,Home,East,Guwahati,2,4453.12,10.0,8015.62,7125.0,890.62,Net Banking,Completed
O001667,2025-06-11,C00244,P0035,Sports Product 035,Sports,North,Delhi,2,8253.41,,16506.82,3025.76,13481.06,Cash,Completed
O001668,2025-04-28,C00360,P0001,Electronics Product 001,Electronics,North,Chandigarh,2,4907.86,20.0,7852.58,7852.58,-0.0,Wallet,Completed
O001669,2025-06-10,C00479,P0005,Sports Product 005,Sports,West,,3,7082.09,10.0,19121.64,9925.08,9196.56,Net Banking,Completed
O001670,2025-01-03,C00010,P0064,Beauty Product 064,Beauty,West,Mumbai,4,7994.51,5.0,30379.14,5986.76,24392.38,UPI,Completed
O001671,2025-08-05,C00227,P0078,Fashion Product 078,Fashion,East,Kolkata,4,8229.86,10.0,29627.5,8963.16,20664.34,Cash,Completed
O001672,2025-08-06,C00029,P0066,Electronics Product 066,Electronics,West,Pune,4,5295.06,15.0,18003.2,4406.08,13597.12,Card,Completed
O001673,2025-04-25,C00342,P0049,Beauty Product 049,Beauty,South,Chennai,1,3123.84,5.0,2967.65,2499.07,468.58,Net Banking,Completed
O001674,2025-04-07,C00414,P0077,Home Product 077,Home,North,Chandigarh,4,4076.73,15.0,13860.88,13045.52,815.36,Net Banking,Completed
O001675,2025-10-05,C00355,P0068,Fashion Product 068,Fashion,North,Delhi,4,6082.72,10.0,21897.79,19464.72,2433.07,Wallet,Pending
O001676,2025-03-10,C00270,P0020,Sports Product 020,Sports,Central,Indore,5,3689.4,10.0,16602.3,14757.6,1844.7,Cash,Returned
O001677,2025-01-18,C00003,P0094,Beauty Product 094,Beauty,South,Chennai,3,5366.1,15.0,13683.56,12878.64,804.92,Card,Completed
O001678,2025-01-15,C00456,P0065,Sports Product 065,Sports,North,Jaipur,1,7148.9,10.0,6434.01,833.1,5600.91,UPI,Completed
O001679,2025-11-17,C00121,P0079,Beauty Product 079,Beauty,North,Jaipur,4,6934.89,10.0,24965.6,18727.44,6238.16,UPI,Completed
O001680,2025-05-13,C00441,P0070,Sports Product 070,Sports,Central,Indore,3,4336.1,0.0,13008.3,10406.64,2601.66,Cash,Completed
O001681,2025-02-07,C00023,P0025,Sports Product 025,Sports,North,Jaipur,1,5379.58,5.0,5110.6,4303.66,806.94,Cash,Completed
O001682,2025-11-16,C00240,P0059,Beauty Product 059,Beauty,South,Bengaluru,2,1289.86,15.0,2192.76,2063.78,128.98,Cash,Returned
O001683,2025-02-24,C00045,P0053,Fashion Product 053,Fashion,Central,Nagpur,4,5775.38,0.0,23101.52,6343.44,16758.08,Wallet,Pending
O001684,2025-05-03,C00467,P0092,Home Product 092,Home,East,Bhubaneswar,4,5945.72,10.0,21404.59,12231.72,9172.87,Net Banking,Completed
O001685,2025-01-08,C00414,P0046,Electronics Product 046,Electronics,North,Chandigarh,4,8168.47,10.0,29406.49,1433.28,27973.21,Card,Completed
O001686,2025-09-05,C00428,P0018,Fashion Product 018,Fashion,West,Pune,1,6795.4,5.0,6455.63,284.97,6170.66,Card,Cancelled
O001687,2025-09-12,C00095,P0037,Home Product 037,Home,West,Ahmedabad,2,7720.82,5.0,14669.56,1415.72,13253.84,Wallet,Completed
O001688,2025-10-03,C00191,P0023,Fashion Product 023,Fashion,East,Kolkata,4,3632.79,10.0,13078.04,11624.92,1453.12,Net Banking,Returned
O001689,2025-04-06,C00009,P0096,Electronics Product 096,Electronics,North,Chandigarh,5,2784.06,15.0,11832.25,11136.25,696.0,Wallet,Completed
O001690,2025-04-30,C00416,P0037,Home Product 037,Home,Central,Indore,2,7720.82,15.0,13125.39,1415.72,11709.67,Cash,Completed
O001691,2025-12-08,C00469,P0018,Fashion Product 018,Fashion,North,Jaipur,1,6795.4,10.0,6115.86,284.97,5830.89,Net Banking,Completed
O001692,2025-10-27,C00309,P0069,Beauty Product 069,Beauty,West,,3,2337.25,5.0,6661.16,948.6,5712.56,Cash,Completed
O001693,2025-01-14,C00091,P0080,Sports Product 080,Sports,South,Bengaluru,1,4972.04,10.0,4474.84,3977.63,497.21,Net Banking,Pending
O001694,2025-09-09,C00218,P0060,Sports Product 060,Sports,South,Hyderabad,3,7633.42,20.0,18320.21,14891.34,3428.87,Wallet,Completed
O001695,2025-10-23,C00379,P0032,Home Product 032,Home,North,Delhi,5,2912.1,0.0,14560.5,10299.25,4261.25,Card,Completed
O001696,2025-07-23,C00130,P0080,Sports Product 080,Sports,South,Hyderabad,3,4972.04,0.0,14916.12,11932.89,2983.23,Card,Pending
O001697,2025-08-21,C00491,P0060,Sports Product 060,Sports,East,Guwahati,1,7633.42,0.0,7633.42,4963.78,2669.64,Card,Completed
O001698,2025-01-01,C00448,P0035,Sports Product 035,Sports,North,,2,8253.41,20.0,13205.46,3025.76,10179.7,Net Banking,Completed
O001699,2025-01-11,C00170,P0011,Electronics Product 011,Electronics,North,Delhi,3,8240.08,5.0,23484.23,11362.86,12121.37,Cash,Completed
O001700,2025-01-13,C00111,P0028,Fashion Product 028,Fashion,West,Ahmedabad,4,7012.16,15.0,23841.34,8721.36,15119.98,UPI,Completed
O001701,2025-02-27,C00163,P0041,Electronics Product 041,Electronics,Central,Indore,5,5698.77,15.0,24219.77,15122.35,9097.42,Card,Completed
O001702,2025-12-27,C00176,P0093,Fashion Product 093,Fashion,East,Kolkata,5,4536.21,15.0,19278.89,8802.3,10476.59,Net Banking,Completed
O001703,2025-08-19,C00419,P0080,Sports Product 080,Sports,East,Bhubaneswar,5,4972.04,10.0,22374.18,19888.15,2486.03,Wallet,Completed
O001704,2025-10-12,C00478,P0075,Sports Product 075,Sports,East,Bhubaneswar,4,8144.99,15.0,27692.97,13594.44,14098.53,Cash,Completed
O001705,2025-04-18,C00399,P0020,Sports Product 020,Sports,North,Jaipur,2,3689.4,15.0,6271.98,5903.04,368.94,Net Banking,Pending
O001706,2025-12-08,C00205,P0072,Home Product 072,Home,South,,4,6223.26,10.0,22403.74,16278.36,6125.38,Net Banking,Completed
O001707,2025-03-14,C00419,P0014,Beauty Product 014,Beauty,East,Bhubaneswar,5,4289.52,10.0,19302.84,17158.1,2144.74,UPI,Returned
O001708,2025-11-25,C00244,P0090,Sports Product 090,Sports,North,Delhi,2,1423.92,15.0,2420.66,1959.32,461.34,Card,Completed
O001709,2025-01-12,C00186,P0054,Beauty Product 054,Beauty,North,Jaipur,2,4876.35,5.0,9265.07,7802.16,1462.91,Card,Completed
O001710,2025-01-08,C00189,P0019,Beauty Product 019,Beauty,West,Mumbai,1,6745.83,10.0,6071.25,3599.54,2471.71,Net Banking,Completed
O001711,2025-01-29,C00378,P0053,Fashion Product 053,Fashion,East,Guwahati,5,5775.38,10.0,25989.21,7929.3,18059.91,Card,Returned
O001712,2025-10-16,C00131,P0009,Beauty Product 009,Beauty,North,Delhi,5,4934.15,10.0,22203.67,19736.6,2467.07,Net Banking,Completed
O001713,2025-04-04,C00098,P0076,Electronics Product 076,Electronics,Central,Bhopal,4,5803.55,5.0,22053.49,18571.36,3482.13,UPI,Completed
O001714,2025-06-14,C00012,P0049,Beauty Product 049,Beauty,East,Kolkata,4,3123.84,5.0,11870.59,9996.28,1874.31,Net Banking,Completed
O001715,2025-06-21,C00474,P0026,Electronics Product 026,Electronics,South,Hyderabad,4,2848.75,5.0,10825.25,6346.28,4478.97,Cash,Completed
O001716,2025-10-15,C00406,P0052,Home Product 052,Home,East,Kolkata,4,3602.09,5.0,13687.94,11526.68,2161.26,Wallet,Completed
O001717,2025-05-07,C00041,P0095,Sports Product 095,Sports,West,Ahmedabad,1,2495.1,5.0,2370.34,1374.54,995.8,UPI,Completed
O001718,2025-01-03,C00396,P0008,Fashion Product 008,Fashion,South,Bengaluru,2,8265.58,15.0,14051.49,3868.0,10183.49,Wallet,Completed
O001719,2025-05-21,C00299,P0052,Home Product 052,Home,Central,Nagpur,3,3602.09,0.0,10806.27,8645.01,2161.26,Net Banking,Completed
O001720,2025-04-15,C00146,P0018,Fashion Product 018,Fashion,North,Jaipur,1,6795.4,0.0,6795.4,284.97,6510.43,Wallet,Completed
O001721,2025-09-24,C00404,P0094,Beauty Product 094,Beauty,East,Kolkata,5,5366.1,5.0,25488.97,21464.4,4024.57,Net Banking,Completed
O001722,2025-10-01,C00085,P0086,Electronics Product 086,Electronics,Central,Indore,1,7032.55,15.0,5977.67,3793.57,2184.1,Net Banking,Completed
O001723,2025-02-03,C00196,P0006,Electronics Product 006,Electronics,East,Guwahati,5,4936.68,10.0,22215.06,6646.9,15568.16,Cash,Completed
O001724,2025-10-16,C00446,P0052,Home Product 052,Home,South,Chennai,1,3602.09,20.0,2881.67,2881.67,0.0,Net Banking,Completed
O001725,2025-01-26,C00263,P0018,Fashion Product 018,Fashion,South,Bengaluru,2,6795.4,20.0,10872.64,569.94,10302.7,UPI,Completed
O001726,2025-08-14,C00335,P0077,Home Product 077,Home,North,Chandigarh,5,4076.73,0.0,20383.65,16306.9,4076.75,Wallet,Completed
O001727,2025-05-22,C00251,P0090,Sports Product 090,Sports,North,Jaipur,2,1423.92,0.0,2847.84,1959.32,888.52,Card,Cancelled
O001728,2025-04-20,C00259,P0100,Sports Product 100,Sports,South,Bengaluru,3,6735.82,5.0,19197.09,12178.86,7018.23,Cash,Completed
O001729,2025-06-25,C00301,P0028,Fashion Product 028,Fashion,Central,Nagpur,2,7012.16,0.0,14024.32,4360.68,9663.64,Wallet,Completed
O001730,2025-04-23,C00374,P0066,Electronics Product 066,Electronics,East,Kolkata,5,5295.06,10.0,23827.77,5507.6,18320.17,Net Banking,Completed
O001731,2025-10-16,C00297,P0035,Sports Product 035,Sports,North,Chandigarh,1,8253.41,10.0,7428.07,1512.88,5915.19,Net Banking,Completed
O001732,2025-12-18,C00170,P0078,Fashion Product 078,Fashion,North,Delhi,2,8229.86,15.0,13990.76,4481.58,9509.18,Net Banking,Completed
O001733,2025-10-24,C00354,P0051,Electronics Product 051,Electronics,South,Bengaluru,4,7669.29,10.0,27609.44,16699.56,10909.88,Card,Pending
O001734,2025-06-09,C00277,P0007,Home Product 007,Home,West,Ahmedabad,5,5553.32,0.0,27766.6,20906.25,6860.35,Wallet,Completed
O001735,2025-07-03,C00218,P0013,Fashion Product 013,Fashion,South,Hyderabad,4,4305.64,5.0,16361.43,3468.52,12892.91,Wallet,Completed
O001736,2025-06-12,C00191,P0054,Beauty Product 054,Beauty,East,Kolkata,3,4876.35,0.0,14629.05,11703.24,2925.81,Card,Completed
O001737,2025-10-16,C00469,P0009,Beauty Product 009,Beauty,North,Jaipur,5,4934.15,10.0,22203.67,19736.6,2467.07,Card,Cancelled
O001738,2025-07-21,C00482,P0036,Electronics Product 036,Electronics,South,Bengaluru,2,4569.04,10.0,8224.27,7310.46,913.81,UPI,Completed
O001739,2025-06-20,C00113,P0012,Home Product 012,Home,South,Bengaluru,4,4256.45,15.0,14471.93,8038.72,6433.21,UPI,Completed
O001740,2025-05-30,C00281,P0033,Fashion Product 033,Fashion,West,Mumbai,1,2460.76,20.0,1968.61,1968.61,-0.0,UPI,Completed
O001741,2025-05-17,C00460,P0009,Beauty Product 009,Beauty,North,Jaipur,4,4934.15,0.0,19736.6,15789.28,3947.32,Net Banking,Completed
O001742,2025-07-21,C00010,P0037,Home Product 037,Home,West,Mumbai,3,7720.82,20.0,18529.97,2123.58,16406.39,Net Banking,Returned
O001743,2025-09-08,C00092,P0043,Fashion Product 043,Fashion,East,Guwahati,1,2271.05,5.0,2157.5,1816.84,340.66,Net Banking,Cancelled
O001744,2025-06-07,C00106,P0091,Electronics Product 091,Electronics,South,Chennai,2,1897.13,10.0,3414.83,1026.26,2388.57,Cash,Completed
O001745,2025-10-21,C00071,P0089,Beauty Product 089,Beauty,East,Guwahati,4,5780.76,0.0,23123.04,18498.44,4624.6,UPI,Completed
O001746,2025-10-28,C00060,P0008,Fashion Product 008,Fashion,West,Ahmedabad,3,8265.58,5.0,23556.9,5802.0,17754.9,Wallet,Completed
O001747,2025-06-06,C00177,P0030,Sports Product 030,Sports,West,Ahmedabad,3,3054.9,5.0,8706.47,7331.76,1374.7,Wallet,Completed
O001748,2025-11-27,C00069,P0039,Beauty Product 039,Beauty,West,Ahmedabad,5,7352.91,10.0,33088.1,5448.35,27639.75,Wallet,Completed
O001749,2025-03-04,C00445,P0015,Sports Product 015,Sports,North,Delhi,3,4470.33,10.0,12069.89,10728.78,1341.11,UPI,Completed
O001750,2025-12-06,C00036,P0061,Electronics Product 061,Electronics,Central,Indore,4,7647.57,0.0,30590.28,17925.04,12665.24,Card,Completed
O001751,2025-04-18,C00395,P0031,Electronics Product 031,Electronics,South,Bengaluru,3,6070.56,10.0,16390.51,2920.44,13470.07,Wallet,Completed
O001752,2025-07-25,C00480,P0074,Beauty Product 074,Beauty,North,Jaipur,4,2907.59,5.0,11048.84,8554.0,2494.84,UPI,Completed
O001753,2025-04-14,C00359,P0039,Beauty Product 039,Beauty,East,Bhubaneswar,1,7352.91,5.0,6985.26,1089.67,5895.59,Wallet,Completed
O001754,2025-06-10,C00147,P0040,Sports Product 040,Sports,West,Mumbai,1,4584.31,20.0,3667.45,3667.45,-0.0,Net Banking,Pending
O001755,2025-05-04,C00495,P0100,Sports Product 100,Sports,East,Guwahati,2,6735.82,10.0,12124.48,8119.24,4005.24,Cash,Cancelled
O001756,2025-09-14,C00017,P0009,Beauty Product 009,Beauty,North,Delhi,3,4934.15,0.0,14802.45,11841.96,2960.49,Net Banking,Pending
O001757,2025-01-30,C00102,P0033,Fashion Product 033,Fashion,North,Chandigarh,5,2460.76,10.0,11073.42,9843.05,1230.37,Wallet,Completed
O001758,2025-11-02,C00006,P0049,Beauty Product 049,Beauty,South,Chennai,5,3123.84,15.0,13276.32,12495.35,780.97,Net Banking,Completed
O001759,2025-11-25,C00463,P0039,Beauty Product 039,Beauty,South,Hyderabad,5,7352.91,0.0,36764.55,5448.35,31316.2,Cash,Completed
O001760,2025-07-24,C00053,P0039,Beauty Product 039,Beauty,Central,Nagpur,3,7352.91,15.0,18749.92,3269.01,15480.91,Cash,Completed
O001761,2025-07-19,C00274,P0020,Sports Product 020,Sports,Central,Nagpur,1,3689.4,15.0,3135.99,2951.52,184.47,UPI,Completed
O001762,2025-09-12,C00321,P0083,Fashion Product 083,Fashion,Central,Nagpur,4,3893.45,0.0,15573.8,12459.04,3114.76,Card,Completed
O001763,2025-03-14,C00261,P0085,Sports Product 085,Sports,South,Bengaluru,1,3007.51,20.0,2406.01,2406.01,-0.0,UPI,Completed
O001764,2025-09-30,C00464,P0003,Fashion Product 003,Fashion,South,Hyderabad,1,6788.51,15.0,5770.23,3865.41,1904.82,Card,Completed
O001765,2025-03-21,C00057,P0008,Fashion Product 008,Fashion,West,Ahmedabad,3,8265.58,20.0,19837.39,5802.0,14035.39,Wallet,Completed
O001766,2025-09-04,C00087,P0028,Fashion Product 028,Fashion,Central,Bhopal,3,7012.16,15.0,17881.01,6541.02,11339.99,UPI,Completed
O001767,2025-04-22,C00093,P0029,Beauty Product 029,Beauty,North,Chandigarh,5,1220.38,5.0,5796.81,1789.4,4007.41,Net Banking,Cancelled
O001768,2025-09-29,C00390,P0044,Beauty Product 044,Beauty,West,Pune,2,3801.64,5.0,7223.12,6082.62,1140.5,Card,Pending
O001769,2025-10-15,C00328,P0031,Electronics Product 031,Electronics,East,Guwahati,5,6070.56,,27317.52,4867.4,22450.12,Net Banking,Completed
O001770,2025-03-17,C00071,P0063,Fashion Product 063,Fashion,East,Guwahati,1,2531.09,0.0,2531.09,2024.87,506.22,UPI,Completed
O001771,2025-08-13,C00243,P0015,Sports Product 015,Sports,Central,Nagpur,4,4470.33,0.0,17881.32,14305.04,3576.28,Net Banking,Completed
O001772,2025-07-01,C00205,P0009,Beauty Product 009,Beauty,South,Chennai,2,4934.15,0.0,9868.3,7894.64,1973.66,Net Banking,Completed
O001773,2025-04-18,C00283,P0015,Sports Product 015,Sports,Central,Bhopal,3,4470.33,15.0,11399.34,10728.78,670.56,Net Banking,Completed
O001774,2025-08-03,C00172,P0086,Electronics Product 086,Electronics,Central,Bhopal,4,7032.55,20.0,22504.16,15174.28,7329.88,Card,Completed
O001775,2025-12-28,C00019,P0052,Home Product 052,Home,North,Chandigarh,3,3602.09,5.0,10265.96,8645.01,1620.95,Net Banking,Completed
O001776,2025-01-01,C00358,P0034,Beauty Product 034,Beauty,East,Guwahati,4,7768.65,0.0,31074.6,19276.04,11798.56,UPI,Cancelled
O001777,2025-12-15,C00203,P0068,Fashion Product 068,Fashion,North,Chandigarh,3,6082.72,0.0,18248.16,14598.54,3649.62,Wallet,Completed
O001778,2025-11-08,C00157,P0043,Fashion Product 043,Fashion,Central,Bhopal,5,2271.05,10.0,10219.73,9084.2,1135.53,Card,Completed
O001779,2025-07-12,C00073,P0073,Fashion Product 073,Fashion,West,Pune,4,1490.03,15.0,5066.1,3490.08,1576.02,Wallet,Completed
O001780,2025-08-11,C00239,P0007,Home Product 007,Home,West,Pune,1,5553.32,10.0,4997.99,4181.25,816.74,Card,Completed
O001781,2025-05-15,C00074,P0088,Fashion Product 088,Fashion,North,Delhi,3,5208.94,20.0,12501.46,12501.45,0.01,Wallet,Completed
O001782,2025-02-17,C00157,P0018,Fashion Product 018,Fashion,Central,Bhopal,5,6795.4,20.0,27181.6,1424.85,25756.75,Card,Completed
O001783,2025-07-28,C00472,P0069,Beauty Product 069,Beauty,South,Hyderabad,5,2337.25,15.0,9933.31,1581.0,8352.31,Net Banking,Completed
O001784,2025-10-25,C00048,P0068,Fashion Product 068,Fashion,South,Hyderabad,3,6082.72,15.0,15510.94,14598.54,912.4,Card,Completed
O001785,2025-03-26,C00163,P0087,Home Product 087,Home,Central,Indore,3,5255.47,10.0,14189.77,1698.45,12491.32,,Completed
O001786,2025-09-19,C00263,P0053,Fashion Product 053,Fashion,South,Bengaluru,1,5775.38,0.0,5775.38,1585.86,4189.52,Cash,Completed
O001787,2025-09-30,C00109,P0077,Home Product 077,Home,South,Hyderabad,1,4076.73,20.0,3261.38,3261.38,0.0,Wallet,Completed
O001788,2025-10-04,C00394,P0071,Electronics Product 071,Electronics,North,Chandigarh,2,5148.93,15.0,8753.18,7095.5,1657.68,Wallet,Completed
O001789,2025-05-04,C00315,P0042,Home Product 042,Home,North,Delhi,3,2781.36,5.0,7926.88,6675.27,1251.61,Card,Completed
O001790,2025-05-23,C00092,P0073,Fashion Product 073,Fashion,East,Guwahati,3,1490.03,0.0,4470.09,2617.56,1852.53,Card,Completed
O001791,2025-06-01,C00365,P0005,Sports Product 005,Sports,West,Ahmedabad,5,7082.09,0.0,35410.45,16541.8,18868.65,Cash,Completed
O001792,2025-11-07,C00177,P0028,Fashion Product 028,Fashion,West,Ahmedabad,4,7012.16,10.0,25243.78,8721.36,16522.42,Card,Completed
O001793,2025-11-24,C00219,P0095,Sports Product 095,Sports,North,Jaipur,3,2495.1,10.0,6736.77,4123.62,2613.15,Cash,Returned
O001794,2025-05-31,C00335,P0005,Sports Product 005,Sports,North,Chandigarh,5,7082.09,5.0,33639.93,16541.8,17098.13,Wallet,Completed
O001795,2025-12-20,C00146,P0063,Fashion Product 063,Fashion,North,Jaipur,3,2531.09,15.0,6454.28,6074.61,379.67,UPI,Completed
O001796,2025-07-27,C00187,P0094,Beauty Product 094,Beauty,West,Ahmedabad,4,5366.1,15.0,18244.74,17171.52,1073.22,Net Banking,Completed
O001797,2025-05-21,C00082,P0023,Fashion Product 023,Fashion,West,Pune,4,3632.79,15.0,12351.49,11624.92,726.57,Net Banking,Completed
O001798,2025-01-01,C00206,P0100,Sports Product 100,Sports,South,Hyderabad,2,6735.82,0.0,13471.64,8119.24,5352.4,Net Banking,Completed
O001799,2025-08-11,C00497,P0016,Electronics Product 016,Electronics,South,Bengaluru,5,5090.79,10.0,22908.56,20363.15,2545.4,Wallet,Completed
O001800,2025-08-23,C00497,P0067,Home Product 067,Home,South,Bengaluru,2,2982.59,15.0,5070.4,2366.12,2704.28,Cash,Completed
O001801,2025-12-19,C00180,P0066,Electronics Product 066,Electronics,North,Jaipur,5,5295.06,10.0,23827.77,5507.6,18320.17,Card,Completed
O001802,2025-09-19,C00277,P0019,Beauty Product 019,Beauty,West,Ahmedabad,4,6745.83,5.0,25634.15,14398.16,11235.99,UPI,Completed
O001803,2025-01-11,C00020,P0085,Sports Product 085,Sports,South,Bengaluru,3,3007.51,15.0,7669.15,7218.03,451.12,Net Banking,Completed
O001804,2025-07-26,C00009,P0047,Home Product 047,Home,North,Chandigarh,1,4959.99,5.0,4711.99,3967.99,744.0,Cash,Completed
O001805,2025-09-28,C00095,P0040,Sports Product 040,Sports,West,Ahmedabad,3,4584.31,0.0,13752.93,11002.35,2750.58,Net Banking,Completed
O001806,2025-06-30,C00328,P0023,Fashion Product 023,Fashion,East,Guwahati,2,3632.79,10.0,6539.02,5812.46,726.56,Card,Completed
O001807,2025-06-06,C00051,P0070,Sports Product 070,Sports,South,Chennai,1,4336.1,10.0,3902.49,3468.88,433.61,UPI,Completed
O001808,2025-10-22,C00358,P0010,Sports Product 010,Sports,East,Guwahati,4,1734.32,10.0,6243.55,1832.28,4411.27,Cash,Returned
O001809,2025-08-11,C00274,P0045,Sports Product 045,Sports,Central,Nagpur,1,3762.55,15.0,3198.17,3010.04,188.13,Net Banking,Completed
O001810,2025-09-06,C00473,P0081,Electronics Product 081,Electronics,South,Chennai,1,6874.54,0.0,6874.54,4189.79,2684.75,Wallet,Completed
O001811,2025-06-18,C00364,P0093,Fashion Product 093,Fashion,South,Chennai,5,4536.21,10.0,20412.94,8802.3,11610.65,UPI,Completed
O001812,2025-04-12,C00195,P0047,Home Product 047,Home,West,Pune,2,4959.99,10.0,8927.98,7935.98,992.0,Net Banking,Completed
O001813,2025-07-08,C00460,P0094,Beauty Product 094,Beauty,North,Jaipur,5,5366.1,20.0,21464.4,21464.4,0.0,Card,Completed
O001814,2025-12-16,C00004,P0006,Electronics Product 006,Electronics,North,Jaipur,1,4936.68,10.0,4443.01,1329.38,3113.63,Wallet,Cancelled
O001815,2025-08-08,C00178,P0099,Beauty Product 099,Beauty,West,Ahmedabad,5,7721.23,5.0,36675.84,21284.9,15390.94,Card,Completed
O001816,2025-09-15,C00131,P0055,Sports Product 055,Sports,North,Delhi,5,1679.4,0.0,8397.0,6717.6,1679.4,Wallet,Completed
O001817,2025-02-15,C00325,P0016,Electronics Product 016,Electronics,North,Jaipur,1,5090.79,0.0,5090.79,4072.63,1018.16,UPI,Cancelled
O001818,2025-12-26,C00151,P0008,Fashion Product 008,Fashion,North,Delhi,4,8265.58,5.0,31409.2,7736.0,23673.2,UPI,Completed
O001819,2025-03-31,C00018,P0079,Beauty Product 079,Beauty,South,Bengaluru,4,6934.89,5.0,26352.58,18727.44,7625.14,Card,Completed
O001820,2025-12-20,C00183,P0057,Home Product 057,Home,North,Delhi,1,8123.2,10.0,7310.88,1756.41,5554.47,Wallet,Completed
O001821,2025-06-12,C00297,P0076,Electronics Product 076,Electronics,North,Chandigarh,2,5803.55,10.0,10446.39,9285.68,1160.71,Card,Completed
O001822,2025-12-01,C00246,P0077,Home Product 077,Home,Central,Indore,1,4076.73,5.0,3872.89,3261.38,611.51,UPI,Completed
O001823,2025-11-21,C00449,P0023,Fashion Product 023,Fashion,West,Mumbai,1,3632.79,10.0,3269.51,2906.23,363.28,Wallet,Pending
O001824,2025-10-02,C00166,P0068,Fashion Product 068,Fashion,South,Bengaluru,4,6082.72,5.0,23114.34,19464.72,3649.62,Wallet,Completed
O001825,2025-11-30,C00270,P0094,Beauty Product 094,Beauty,Central,Indore,3,5366.1,5.0,15293.39,12878.64,2414.75,Cash,Completed
O001826,2025-08-10,C00407,P0065,Sports Product 065,Sports,East,Guwahati,4,7148.9,15.0,24306.26,3332.4,20973.86,Wallet,Returned
O001827,2025-11-05,C00022,P0092,Home Product 092,Home,South,Bengaluru,4,5945.72,20.0,19026.3,12231.72,6794.58,Net Banking,Completed
O001828,2025-03-04,C00443,P0092,Home Product 092,Home,West,Mumbai,4,5945.72,0.0,23782.88,12231.72,11551.16,Cash,Completed
O001829,2025-01-26,C00485,P0030,Sports Product 030,Sports,Central,Nagpur,3,3054.9,0.0,9164.7,7331.76,1832.94,Cash,Completed
O001830,2025-07-17,C00449,P0024,Beauty Product 024,Beauty,West,Mumbai,4,2905.51,15.0,9878.73,9297.64,581.09,Card,Completed
O001831,2025-10-22,C00030,P0100,Sports Product 100,Sports,East,Guwahati,2,6735.82,15.0,11450.89,8119.24,3331.65,UPI,Returned
O001832,2025-10-06,C00486,P0012,Home Product 012,Home,West,Pune,4,4256.45,10.0,15323.22,8038.72,7284.5,Cash,Completed
O001833,2025-07-12,C00402,P0010,Sports Product 010,Sports,West,Pune,3,1734.32,10.0,4682.66,1374.21,3308.45,Wallet,Completed
O001834,2025-07-09,C00231,P0085,Sports Product 085,Sports,West,Mumbai,3,3007.51,5.0,8571.4,7218.03,1353.37,UPI,Completed
O001835,2025-08-10,C00171,P0049,Beauty Product 049,Beauty,West,Mumbai,4,3123.84,10.0,11245.82,9996.28,1249.54,Net Banking,Completed
O001836,2025-11-13,C00216,P0082,Home Product 082,Home,North,Jaipur,2,5348.13,15.0,9091.82,5542.32,3549.5,Net Banking,Completed
O001837,2025-11-03,C00357,P0070,Sports Product 070,Sports,Central,Nagpur,3,4336.1,15.0,11057.06,10406.64,650.42,UPI,Completed
O001838,2025-02-09,C00156,P0023,Fashion Product 023,Fashion,West,Ahmedabad,4,3632.79,0.0,14531.16,11624.92,2906.24,UPI,Completed
O001839,2025-08-05,C00432,P0081,Electronics Product 081,Electronics,South,Bengaluru,1,6874.54,0.0,6874.54,4189.79,2684.75,Wallet,Completed
O001840,2025-05-19,C00172,P0085,Sports Product 085,Sports,Central,Bhopal,2,3007.51,0.0,6015.02,4812.02,1203.0,Card,Completed
O001841,2025-10-18,C00083,P0025,Sports Product 025,Sports,South,Hyderabad,4,5379.58,5.0,20442.4,17214.64,3227.76,Wallet,Completed
O001842,2025-07-04,C00296,P0022,Home Product 022,Home,East,Kolkata,3,5577.75,10.0,15059.93,11651.22,3408.71,Card,Completed
O001843,2025-12-27,C00379,P0066,Electronics Product 066,Electronics,North,Delhi,5,5295.06,10.0,23827.77,5507.6,18320.17,Net Banking,Completed
O001844,2025-06-07,C00412,P0087,Home Product 087,Home,West,Pune,1,5255.47,15.0,4467.15,566.15,3901.0,Wallet,Completed
O001845,2025-09-05,C00424,P0059,Beauty Product 059,Beauty,East,Kolkata,1,1289.86,10.0,1160.87,1031.89,128.98,Cash,Completed
O001846,2025-02-09,C00247,P0089,Beauty Product 089,Beauty,East,Bhubaneswar,1,5780.76,5.0,5491.72,4624.61,867.11,Wallet,Pending
O001847,2025-12-06,C00389,P0049,Beauty Product 049,Beauty,West,Mumbai,4,3123.84,20.0,9996.29,9996.28,0.01,UPI,Completed
O001848,2025-02-25,C00489,P0046,Electronics Product 046,Electronics,North,Chandigarh,2,8168.47,5.0,15520.09,716.64,14803.45,Cash,Completed
O001849,2025-05-18,C00077,P0074,Beauty Product 074,Beauty,South,Bengaluru,2,2907.59,15.0,4942.9,4277.0,665.9,UPI,Completed
O001850,2025-11-01,C00310,P0058,Fashion Product 058,Fashion,South,Hyderabad,4,3370.65,10.0,12134.34,10786.08,1348.26,Card,Completed
O001851,2025-12-19,C00472,P0086,Electronics Product 086,Electronics,South,Hyderabad,1,7032.55,5.0,6680.92,3793.57,2887.35,Net Banking,Completed
O001852,2025-06-26,C00242,P0026,Electronics Product 026,Electronics,South,Bengaluru,3,2848.75,15.0,7264.31,4759.71,2504.6,Cash,Completed
O001853,2025-06-26,C00249,P0052,Home Product 052,Home,North,Jaipur,1,3602.09,5.0,3421.99,2881.67,540.32,Cash,Completed
O001854,2025-01-18,C00254,P0041,Electronics Product 041,Electronics,Central,Bhopal,5,5698.77,5.0,27069.16,15122.35,11946.81,Card,Completed
O001855,2025-12-23,C00038,P0067,Home Product 067,Home,South,Bengaluru,4,2982.59,0.0,11930.36,4732.24,7198.12,Wallet,Completed
O001856,2025-01-07,C00438,P0066,Electronics Product 066,Electronics,North,Delhi,1,5295.06,10.0,4765.55,1101.52,3664.03,Card,Completed
O001857,2025-01-10,C00339,P0038,Fashion Product 038,Fashion,Central,Indore,2,2947.65,20.0,4716.24,2422.46,2293.78,Card,Completed
O001858,2025-06-22,C00102,P0030,Sports Product 030,Sports,North,Chandigarh,5,3054.9,10.0,13747.05,12219.6,1527.45,UPI,Completed
O001859,2025-01-02,C00014,P0033,Fashion Product 033,Fashion,North,Jaipur,1,2460.76,10.0,2214.68,1968.61,246.07,Card,Completed
O001860,2025-03-01,C00224,P0044,Beauty Product 044,Beauty,South,Hyderabad,5,3801.64,0.0,19008.2,15206.55,3801.65,Net Banking,Completed
O001861,2025-08-17,C00184,P0009,Beauty Product 009,Beauty,West,Mumbai,3,4934.15,5.0,14062.33,11841.96,2220.37,Cash,Completed
O001862,2025-09-14,C00235,P0063,Fashion Product 063,Fashion,South,Bengaluru,5,2531.09,10.0,11389.91,10124.35,1265.56,Cash,Completed
O001863,2025-04-19,C00349,P0009,Beauty Product 009,Beauty,Central,Indore,4,4934.15,5.0,18749.77,15789.28,2960.49,Net Banking,Completed
O001864,2025-10-17,C00445,P0027,Home Product 027,Home,North,Delhi,4,6771.19,20.0,21667.81,11583.6,10084.21,Wallet,Completed
O001865,2025-08-10,C00024,P0036,Electronics Product 036,Electronics,North,,3,4569.04,5.0,13021.76,10965.69,2056.07,Card,Completed
O001866,2025-03-25,C00023,P0100,Sports Product 100,Sports,North,Jaipur,4,6735.82,20.0,21554.62,16238.48,5316.14,Cash,Completed
O001867,2025-09-17,C00359,P0063,Fashion Product 063,Fashion,East,Bhubaneswar,4,2531.09,,9111.92,8099.48,1012.44,Wallet,Returned
O001868,2025-08-04,C00175,P0043,Fashion Product 043,Fashion,West,Ahmedabad,2,2271.05,10.0,4087.89,3633.68,454.21,Cash,Completed
O001869,2025-10-23,C00048,P0016,Electronics Product 016,Electronics,South,Hyderabad,4,5090.79,15.0,17308.69,16290.52,1018.17,Net Banking,Completed
O001870,2025-02-26,C00208,P0064,Beauty Product 064,Beauty,East,Bhubaneswar,1,7994.51,10.0,7195.06,1496.69,5698.37,Net Banking,Completed
O001871,2025-03-26,C00008,P0051,Electronics Product 051,Electronics,Central,Indore,4,7669.29,15.0,26075.59,16699.56,9376.03,Card,Completed
O001872,2025-04-21,C00435,P0079,Beauty Product 079,Beauty,South,Chennai,4,6934.89,15.0,23578.63,18727.44,4851.19,Wallet,Completed
O001873,2025-05-05,C00282,P0096,Electronics Product 096,Electronics,Central,Nagpur,4,2784.06,5.0,10579.43,8909.0,1670.43,Card,Cancelled
O001874,2025-11-20,C00074,P0074,Beauty Product 074,Beauty,North,Delhi,5,2907.59,0.0,14537.95,10692.5,3845.45,UPI,Completed
O001875,2025-09-24,C00288,P0021,Electronics Product 021,Electronics,North,Jaipur,4,4281.14,20.0,13699.65,13699.64,0.01,UPI,Pending
O001876,2025-07-18,C00271,P0032,Home Product 032,Home,South,Chennai,4,2912.1,0.0,11648.4,8239.4,3409.0,Cash,Completed
O001877,2025-07-16,C00413,P0013,Fashion Product 013,Fashion,South,Bengaluru,1,4305.64,15.0,3659.79,867.13,2792.66,UPI,Completed
O001878,2025-11-19,C00191,P0056,Electronics Product 056,Electronics,East,Kolkata,2,7138.32,20.0,11421.31,4023.76,7397.55,,Completed
O001879,2025-06-12,C00201,P0073,Fashion Product 073,Fashion,West,Mumbai,4,1490.03,10.0,5364.11,3490.08,1874.03,Card,Completed
O001880,2025-03-23,C00226,P0094,Beauty Product 094,Beauty,West,Mumbai,3,5366.1,5.0,15293.39,12878.64,2414.75,Cash,Completed
O001881,2025-02-19,C00355,P0029,Beauty Product 029,Beauty,North,Delhi,2,1220.38,15.0,2074.65,715.76,1358.89,Wallet,Completed
O001882,2025-05-01,C00116,P0096,Electronics Product 096,Electronics,West,Pune,1,2784.06,10.0,2505.65,2227.25,278.4,Wallet,Pending
O001883,2025-08-26,C00361,P0001,Electronics Product 001,Electronics,East,Kolkata,3,4907.86,10.0,13251.22,11778.87,1472.35,Wallet,Completed
O001884,2025-06-21,C00277,P0057,Home Product 057,Home,West,Ahmedabad,2,8123.2,5.0,15434.08,3512.82,11921.26,Net Banking,Cancelled
O001885,2025-06-03,C00317,P0042,Home Product 042,Home,North,Jaipur,1,2781.36,5.0,2642.29,2225.09,417.2,UPI,Completed
O001886,2025-06-24,C00101,P0020,Sports Product 020,Sports,South,Hyderabad,1,3689.4,15.0,3135.99,2951.52,184.47,Card,Completed
O001887,2025-12-21,C00057,P0011,Electronics Product 011,Electronics,West,Ahmedabad,2,8240.08,10.0,14832.14,7575.24,7256.9,UPI,Completed
O001888,2025-12-30,C00245,P0020,Sports Product 020,Sports,West,Pune,5,3689.4,5.0,17524.65,14757.6,2767.05,Card,Completed
O001889,2025-02-28,C00328,P0096,Electronics Product 096,Electronics,East,Guwahati,3,2784.06,15.0,7099.35,6681.75,417.6,UPI,Completed
O001890,2025-02-11,C00112,P0020,Sports Product 020,Sports,Central,Bhopal,1,3689.4,10.0,3320.46,2951.52,368.94,Card,Cancelled
O001891,2025-03-30,C00396,P0042,Home Product 042,Home,South,Bengaluru,2,2781.36,20.0,4450.18,4450.18,-0.0,Card,Completed
O001892,2025-11-07,C00497,P0015,Sports Product 015,Sports,South,Bengaluru,2,4470.33,0.0,8940.66,7152.52,1788.14,Net Banking,Completed
O001893,2025-06-17,C00413,P0010,Sports Product 010,Sports,South,Bengaluru,2,1734.32,10.0,3121.78,916.14,2205.64,Wallet,Completed
O001894,2025-11-11,C00488,P0098,Fashion Product 098,Fashion,East,Bhubaneswar,1,7898.73,0.0,7898.73,496.82,7401.91,UPI,Completed
O001895,2025-08-24,C00321,P0012,Home Product 012,Home,Central,Nagpur,4,4256.45,5.0,16174.51,8038.72,8135.79,UPI,Completed
O001896,2025-07-21,C00105,P0015,Sports Product 015,Sports,North,Jaipur,2,4470.33,10.0,8046.59,7152.52,894.07,Card,Completed
O001897,2025-04-13,C00347,P0094,Beauty Product 094,Beauty,South,Bengaluru,3,5366.1,15.0,13683.56,12878.64,804.92,Card,Completed
O001898,2025-05-06,C00450,P0070,Sports Product 070,Sports,East,Bhubaneswar,4,4336.1,10.0,15609.96,13875.52,1734.44,UPI,Completed
O001899,2025-02-23,C00125,P0054,Beauty Product 054,Beauty,South,Bengaluru,4,4876.35,10.0,17554.86,15604.32,1950.54,Net Banking,Pending
O001900,2025-07-08,C00035,P0039,Beauty Product 039,Beauty,Central,Indore,2,7352.91,0.0,14705.82,2179.34,12526.48,Cash,Completed
O001901,2025-04-13,C00096,P0035,Sports Product 035,Sports,North,Chandigarh,4,8253.41,5.0,31362.96,6051.52,25311.44,Cash,Completed
O001902,2025-04-17,C00329,P0066,Electronics Product 066,Electronics,East,Bhubaneswar,1,5295.06,5.0,5030.31,1101.52,3928.79,UPI,Completed
O001903,2025-01-15,C00155,P0053,Fashion Product 053,Fashion,West,Pune,2,5775.38,5.0,10973.22,3171.72,7801.5,Cash,Completed
O001904,2025-10-18,C00347,P0030,Sports Product 030,Sports,South,Bengaluru,1,3054.9,20.0,2443.92,2443.92,0.0,UPI,Completed
O001905,2025-12-08,C00204,P0010,Sports Product 010,Sports,Central,Bhopal,5,1734.32,10.0,7804.44,2290.35,5514.09,Card,Completed
O001906,2025-07-01,C00160,P0044,Beauty Product 044,Beauty,Central,Indore,5,3801.64,0.0,19008.2,15206.55,3801.65,Card,Cancelled
O001907,2025-07-15,C00020,P0025,Sports Product 025,Sports,South,Bengaluru,4,5379.58,20.0,17214.66,17214.64,0.02,Wallet,Returned
O001908,2025-12-04,C00207,P0032,Home Product 032,Home,Central,Bhopal,2,2912.1,15.0,4950.57,4119.7,830.87,Cash,Completed
O001909,2025-07-06,C00085,P0089,Beauty Product 089,Beauty,Central,Indore,2,5780.76,10.0,10405.37,9249.22,1156.15,Cash,Completed
O001910,2025-08-15,C00348,P0085,Sports Product 085,Sports,North,Jaipur,5,3007.51,5.0,14285.67,12030.05,2255.62,Wallet,Completed
O001911,2025-06-05,C00126,P0041,Electronics Product 041,Electronics,Central,,5,5698.77,0.0,28493.85,15122.35,13371.5,Net Banking,Completed
O001912,2025-07-07,C00250,P0058,Fashion Product 058,Fashion,Central,Nagpur,5,3370.65,15.0,14325.26,13482.6,842.66,UPI,Completed
O001913,2025-07-09,C00262,P0024,Beauty Product 024,Beauty,West,Ahmedabad,2,2905.51,10.0,5229.92,4648.82,581.1,Net Banking,Completed
O001914,2025-09-16,C00403,P0082,Home Product 082,Home,Central,Bhopal,3,5348.13,15.0,13637.73,8313.48,5324.25,Cash,Completed
O001915,2025-08-08,C00056,P0046,Electronics Product 046,Electronics,West,,1,8168.47,5.0,7760.05,358.32,7401.73,Card,Completed
O001916,2025-07-03,C00279,P0061,Electronics Product 061,Electronics,West,Mumbai,3,7647.57,5.0,21795.57,13443.78,8351.79,Card,Completed
O001917,2025-01-28,C00134,P0070,Sports Product 070,Sports,Central,Nagpur,3,4336.1,0.0,13008.3,10406.64,2601.66,Cash,Completed
O001918,2025-11-26,C00139,P0034,Beauty Product 034,Beauty,Central,Bhopal,3,7768.65,15.0,19810.06,14457.03,5353.03,Net Banking,Completed
O001919,2025-11-20,C00320,P0011,Electronics Product 011,Electronics,Central,Nagpur,3,8240.08,10.0,22248.22,11362.86,10885.36,Cash,Completed
O001920,2025-03-09,C00246,P0060,Sports Product 060,Sports,Central,Indore,4,7633.42,15.0,25953.63,19855.12,6098.51,Wallet,Completed
O001921,2025-04-17,C00122,P0078,Fashion Product 078,Fashion,West,Pune,4,8229.86,0.0,32919.44,8963.16,23956.28,UPI,Completed
O001922,2025-12-21,C00440,P0050,Sports Product 050,Sports,Central,Bhopal,1,4011.29,10.0,3610.16,2723.19,886.97,Wallet,Completed
O001923,2025-04-27,C00240,P0088,Fashion Product 088,Fashion,South,Bengaluru,3,5208.94,10.0,14064.14,12501.45,1562.69,Card,Completed
O001924,2025-10-23,C00266,P0094,Beauty Product 094,Beauty,South,Bengaluru,1,5366.1,0.0,5366.1,4292.88,1073.22,Net Banking,Completed
O001925,2025-10-14,C00148,P0064,Beauty Product 064,Beauty,East,Kolkata,5,7994.51,20.0,31978.04,7483.45,24494.59,Net Banking,Completed
O001926,2025-11-10,C00280,P0095,Sports Product 095,Sports,South,Chennai,4,2495.1,10.0,8982.36,5498.16,3484.2,Net Banking,Completed
O001927,2025-01-06,C00438,P0004,Beauty Product 004,Beauty,North,Delhi,2,3466.38,5.0,6586.12,4778.66,1807.46,Cash,Pending
O001928,2025-06-25,C00385,P0096,Electronics Product 096,Electronics,West,Mumbai,2,2784.06,10.0,5011.31,4454.5,556.81,Card,Completed
O001929,2025-07-25,C00327,P0020,Sports Product 020,Sports,Central,Indore,1,3689.4,10.0,3320.46,2951.52,368.94,Net Banking,Pending
O001930,2025-11-01,C00220,P0066,Electronics Product 066,Electronics,Central,Nagpur,5,5295.06,0.0,26475.3,5507.6,20967.7,Card,Completed
O001931,2025-03-23,C00237,P0075,Sports Product 075,Sports,West,Ahmedabad,2,8144.99,10.0,14660.98,6797.22,7863.76,UPI,Completed
O001932,2025-04-22,C00439,P0005,Sports Product 005,Sports,Central,Bhopal,2,7082.09,0.0,14164.18,6616.72,7547.46,Net Banking,Completed
O001933,2025-03-07,C00374,P0094,Beauty Product 094,Beauty,East,Kolkata,3,5366.1,20.0,12878.64,12878.64,0.0,Cash,Completed
O001934,2025-10-05,C00257,P0057,Home Product 057,Home,West,Pune,5,8123.2,5.0,38585.2,8782.05,29803.15,Net Banking,Completed
O001935,2025-12-30,C00255,P0018,Fashion Product 018,Fashion,West,Ahmedabad,3,6795.4,15.0,17328.27,854.91,16473.36,Net Banking,Completed
O001936,2025-02-21,C00348,P0005,Sports Product 005,Sports,North,Jaipur,4,7082.09,20.0,22662.69,13233.44,9429.25,Cash,Completed
O001937,2025-03-26,C00484,P0015,Sports Product 015,Sports,West,Mumbai,5,4470.33,10.0,20116.49,17881.3,2235.18,Card,Completed
O001938,2025-04-22,C00424,P0004,Beauty Product 004,Beauty,East,Kolkata,4,3466.38,10.0,12478.97,9557.32,2921.65,Card,Cancelled
O001939,2025-11-20,C00417,P0057,Home Product 057,Home,West,Pune,2,8123.2,0.0,16246.4,3512.82,12733.58,UPI,Cancelled
O001940,2025-06-12,C00046,P0062,Home Product 062,Home,North,Delhi,2,6676.1,10.0,12016.98,3501.32,8515.66,Net Banking,Completed
O001941,2025-04-13,C00268,P0016,Electronics Product 016,Electronics,East,Guwahati,5,5090.79,0.0,25453.95,20363.15,5090.8,Wallet,Completed
O001942,2025-04-28,C00202,P0003,Fashion Product 003,Fashion,North,Delhi,2,6788.51,5.0,12898.17,7730.82,5167.35,Cash,Completed
O001943,2025-08-06,C00271,P0080,Sports Product 080,Sports,South,Chennai,4,4972.04,5.0,18893.75,15910.52,2983.23,Net Banking,Completed
O001944,2025-05-21,C00153,P0011,Electronics Product 011,Electronics,South,Chennai,2,8240.08,15.0,14008.14,7575.24,6432.9,Wallet,Pending
O001945,2025-02-21,C00022,P0092,Home Product 092,Home,South,Bengaluru,2,5945.72,5.0,11296.87,6115.86,5181.01,Cash,Completed
O001946,2025-06-03,C00381,P0090,Sports Product 090,Sports,West,Ahmedabad,4,1423.92,15.0,4841.33,3918.64,922.69,UPI,Completed
O001947,2025-04-04,C00100,P0028,Fashion Product 028,Fashion,South,Chennai,4,7012.16,10.0,25243.78,8721.36,16522.42,Net Banking,Completed
O001948,2025-09-23,C00071,P0028,Fashion Product 028,Fashion,East,Guwahati,4,7012.16,5.0,26646.21,8721.36,17924.85,,Completed
O001949,2025-09-29,C00245,P0025,Sports Product 025,Sports,West,Pune,4,5379.58,20.0,17214.66,17214.64,0.02,Wallet,Cancelled
O001950,2025-02-26,C00135,P0015,Sports Product 015,Sports,South,Bengaluru,4,4470.33,15.0,15199.12,14305.04,894.08,Card,Completed
O001951,2025-01-27,C00156,P0032,Home Product 032,Home,West,Ahmedabad,3,2912.1,5.0,8299.48,6179.55,2119.93,Cash,Returned
O001952,2025-01-17,C00337,P0029,Beauty Product 029,Beauty,North,Chandigarh,1,1220.38,20.0,976.3,357.88,618.42,UPI,Pending
O001953,2025-10-06,C00448,P0051,Electronics Product 051,Electronics,North,Delhi,2,7669.29,10.0,13804.72,8349.78,5454.94,,Returned
O001954,2025-08-16,C00257,P0056,Electronics Product 056,Electronics,West,Pune,1,7138.32,5.0,6781.4,2011.88,4769.52,Wallet,Completed
O001955,2025-10-16,C00445,P0095,Sports Product 095,Sports,North,Delhi,4,2495.1,0.0,9980.4,5498.16,4482.24,Cash,Completed
O001956,2025-08-17,C00257,P0008,Fashion Product 008,Fashion,West,Pune,3,8265.58,10.0,22317.07,5802.0,16515.07,Card,Completed
O001957,2025-05-27,C00077,P0048,Fashion Product 048,Fashion,South,Bengaluru,5,8002.61,5.0,38012.4,12904.3,25108.1,Card,Completed
O001958,2025-08-03,C00219,P0033,Fashion Product 033,Fashion,North,Jaipur,4,2460.76,5.0,9350.89,7874.44,1476.45,Card,Completed
O001959,2025-09-20,C00111,P0068,Fashion Product 068,Fashion,West,Ahmedabad,4,6082.72,15.0,20681.25,19464.72,1216.53,Card,Completed
O001960,2025-05-26,C00224,P0052,Home Product 052,Home,South,Hyderabad,2,3602.09,10.0,6483.76,5763.34,720.42,Card,Pending
O001961,2025-11-30,C00481,P0027,Home Product 027,Home,Central,Indore,2,6771.19,0.0,13542.38,5791.8,7750.58,Net Banking,Completed
O001962,2025-11-24,C00111,P0024,Beauty Product 024,Beauty,West,Ahmedabad,5,2905.51,5.0,13801.17,11622.05,2179.12,UPI,Completed
O001963,2025-10-19,C00412,P0027,Home Product 027,Home,West,Pune,5,6771.19,15.0,28777.56,14479.5,14298.06,UPI,Completed
O001964,2025-12-28,C00118,P0015,Sports Product 015,Sports,South,Chennai,4,4470.33,15.0,15199.12,14305.04,894.08,Cash,Completed
O001965,2025-05-23,C00441,P0049,Beauty Product 049,Beauty,Central,Indore,3,3123.84,5.0,8902.94,7497.21,1405.73,Card,Completed
O001966,2025-02-11,C00356,P0006,Electronics Product 006,Electronics,Central,Indore,1,4936.68,5.0,4689.85,1329.38,3360.47,UPI,Pending
O001967,2025-06-26,C00401,P0083,Fashion Product 083,Fashion,South,Chennai,1,3893.45,0.0,3893.45,3114.76,778.69,Cash,Completed
O001968,2025-09-29,C00081,P0067,Home Product 067,Home,Central,Nagpur,1,2982.59,15.0,2535.2,1183.06,1352.14,Net Banking,Completed
O001969,2025-10-11,C00130,P0022,Home Product 022,Home,South,Hyderabad,4,5577.75,10.0,20079.9,15534.96,4544.94,Cash,Completed
O001970,2025-05-22,C00068,P0040,Sports Product 040,Sports,Central,Indore,5,4584.31,0.0,22921.55,18337.25,4584.3,UPI,Completed
O001971,2025-04-17,C00374,P0063,Fashion Product 063,Fashion,East,Kolkata,3,2531.09,10.0,6833.94,6074.61,759.33,Net Banking,Completed
O001972,2025-06-12,C00084,P0039,Beauty Product 039,Beauty,Central,Nagpur,5,7352.91,5.0,34926.32,5448.35,29477.97,Cash,Completed
O001973,2025-10-20,C00206,P0089,Beauty Product 089,Beauty,South,Hyderabad,5,5780.76,10.0,26013.42,23123.05,2890.37,Card,Completed
O001974,2025-01-23,C00460,P0039,Beauty Product 039,Beauty,North,Jaipur,4,7352.91,10.0,26470.48,4358.68,22111.8,Cash,Completed
O001975,2025-04-30,C00250,P0043,Fashion Product 043,Fashion,Central,Nagpur,3,2271.05,10.0,6131.84,5450.52,681.32,Card,Completed
O001976,2025-03-25,C00412,P0076,Electronics Product 076,Electronics,West,Pune,3,5803.55,10.0,15669.59,13928.52,1741.07,Cash,Completed
O001977,2025-10-21,C00418,P0099,Beauty Product 099,Beauty,West,Pune,2,7721.23,0.0,15442.46,8513.96,6928.5,Cash,Completed
O001978,2025-06-20,C00319,P0069,Beauty Product 069,Beauty,East,Guwahati,2,2337.25,5.0,4440.77,632.4,3808.37,UPI,Completed
O001979,2025-02-01,C00416,P0090,Sports Product 090,Sports,Central,Indore,4,1423.92,0.0,5695.68,3918.64,1777.04,Net Banking,Completed
O001980,2025-04-06,C00258,P0011,Electronics Product 011,Electronics,West,Pune,2,8240.08,10.0,14832.14,7575.24,7256.9,Card,Completed
O001981,2025-01-17,C00202,P0025,Sports Product 025,Sports,North,Delhi,1,5379.58,5.0,5110.6,4303.66,806.94,Wallet,Completed
O001982,2025-06-23,C00327,P0012,Home Product 012,Home,Central,Indore,1,4256.45,10.0,3830.8,2009.68,1821.12,Cash,Completed
O001983,2025-12-30,C00420,P0094,Beauty Product 094,Beauty,Central,Indore,1,5366.1,20.0,4292.88,4292.88,0.0,Card,Completed
O001984,2025-07-26,C00151,P0098,Fashion Product 098,Fashion,North,Delhi,1,7898.73,15.0,6713.92,496.82,6217.1,Net Banking,Completed
O001985,2025-11-13,C00227,P0097,Home Product 097,Home,East,Kolkata,4,3422.29,10.0,12320.24,10951.32,1368.92,Wallet,Completed
O001986,2025-09-28,C00031,P0098,Fashion Product 098,Fashion,South,Chennai,1,7898.73,15.0,6713.92,496.82,6217.1,UPI,Completed
O001987,2025-11-18,C00302,P0015,Sports Product 015,Sports,East,Kolkata,2,4470.33,5.0,8493.63,7152.52,1341.11,Cash,Completed
O001988,2025-04-24,C00422,P0003,Fashion Product 003,Fashion,South,Bengaluru,3,6788.51,10.0,18328.98,11596.23,6732.75,Card,Returned
O001989,2025-12-13,C00130,P0031,Electronics Product 031,Electronics,South,Hyderabad,3,6070.56,20.0,14569.34,2920.44,11648.9,Cash,Completed
O001990,2025-03-28,C00003,P0036,Electronics Product 036,Electronics,South,Chennai,4,4569.04,15.0,15534.74,14620.92,913.82,UPI,Completed
O001991,2025-06-09,C00005,P0006,Electronics Product 006,Electronics,West,Pune,4,4936.68,0.0,19746.72,5317.52,14429.2,Wallet,Completed
O001992,2025-09-05,C00114,P0056,Electronics Product 056,Electronics,South,Chennai,1,7138.32,15.0,6067.57,2011.88,4055.69,UPI,Pending
O001993,2025-04-15,C00466,P0050,Sports Product 050,Sports,South,Hyderabad,4,4011.29,20.0,12836.13,10892.76,1943.37,Cash,Completed
O001994,2025-04-07,C00476,P0044,Beauty Product 044,Beauty,Central,Indore,2,3801.64,10.0,6842.95,6082.62,760.33,UPI,Completed
O001995,2025-02-17,C00224,P0049,Beauty Product 049,Beauty,South,Hyderabad,2,3123.84,0.0,6247.68,4998.14,1249.54,Wallet,Pending
O001996,2025-01-02,C00277,P0087,Home Product 087,Home,West,Ahmedabad,2,5255.47,10.0,9459.85,1132.3,8327.55,Cash,Completed
O001997,2025-07-02,C00263,P0050,Sports Product 050,Sports,South,Bengaluru,2,4011.29,10.0,7220.32,5446.38,1773.94,UPI,Completed
O001998,2025-12-26,C00266,P0006,Electronics Product 006,Electronics,South,,4,4936.68,5.0,18759.38,5317.52,13441.86,Cash,Completed
O001999,2025-03-22,C00453,P0004,Beauty Product 004,Beauty,North,Delhi,3,3466.38,15.0,8839.27,7167.99,1671.28,UPI,Completed
O002000,2025-06-10,C00210,P0037,Home Product 037,Home,East,Kolkata,5,7720.82,5.0,36673.89,3539.3,33134.59,Card,Completed
O002001,2025-12-07,C00376,P0081,Electronics Product 081,Electronics,North,Chandigarh,3,6874.54,0.0,20623.62,12569.37,8054.25,Cash,Completed
O002002,2025-10-09,C00253,P0006,Electronics Product 006,Electronics,West,Pune,1,4936.68,15.0,4196.18,1329.38,2866.8,Net Banking,Returned
O002003,2025-01-02,C00188,P0055,Sports Product 055,Sports,South,Bengaluru,3,1679.4,10.0,4534.38,4030.56,503.82,Wallet,Completed
O002004,2025-07-02,C00088,P0019,Beauty Product 019,Beauty,North,Jaipur,2,6745.83,20.0,10793.33,7199.08,3594.25,Cash,Completed
O002005,2025-02-22,C00428,P0094,Beauty Product 094,Beauty,West,Pune,4,5366.1,10.0,19317.96,17171.52,2146.44,UPI,Completed
O002006,2025-03-31,C00253,P0057,Home Product 057,Home,West,Pune,4,8123.2,15.0,27618.88,7025.64,20593.24,UPI,Completed
O002007,2025-03-31,C00091,P0035,Sports Product 035,Sports,South,Bengaluru,1,8253.41,20.0,6602.73,1512.88,5089.85,UPI,Completed
O002008,2025-08-11,C00061,P0011,Electronics Product 011,Electronics,East,Guwahati,2,8240.08,15.0,14008.14,7575.24,6432.9,Card,Completed
O002009,2025-03-14,C00427,P0071,Electronics Product 071,Electronics,North,Jaipur,1,5148.93,15.0,4376.59,3547.75,828.84,Cash,Completed
O002010,2025-04-02,C00224,P0041,Electronics Product 041,Electronics,South,Hyderabad,5,5698.77,0.0,28493.85,15122.35,13371.5,Wallet,Completed
O002011,2025-03-24,C00086,P0052,Home Product 052,Home,North,Jaipur,4,3602.09,15.0,12247.11,11526.68,720.43,Net Banking,Completed
O002012,2025-05-10,C00143,P0040,Sports Product 040,Sports,North,Chandigarh,5,4584.31,15.0,19483.32,18337.25,1146.07,Net Banking,Completed
O002013,2025-08-27,C00240,P0042,Home Product 042,Home,South,Bengaluru,5,2781.36,0.0,13906.8,11125.45,2781.35,UPI,Completed
O002014,2025-05-26,C00193,P0003,Fashion Product 003,Fashion,West,Mumbai,5,6788.51,0.0,33942.55,19327.05,14615.5,UPI,Completed
O002015,2025-04-30,C00369,P0029,Beauty Product 029,Beauty,West,Pune,1,1220.38,5.0,1159.36,357.88,801.48,UPI,Completed
O002016,2025-07-08,C00395,P0047,Home Product 047,Home,South,Bengaluru,5,4959.99,0.0,24799.95,19839.95,4960.0,Card,Completed
O002017,2025-08-12,C00269,P0085,Sports Product 085,Sports,North,Chandigarh,1,3007.51,0.0,3007.51,2406.01,601.5,UPI,Completed
O002018,2025-01-06,C00129,P0051,Electronics Product 051,Electronics,East,Kolkata,2,7669.29,20.0,12270.86,8349.78,3921.08,Wallet,Returned
O002019,2025-11-21,C00001,P0047,Home Product 047,Home,East,Bhubaneswar,1,4959.99,0.0,4959.99,3967.99,992.0,UPI,Completed
O002020,2025-11-30,C00322,P0060,Sports Product 060,Sports,Central,Bhopal,1,7633.42,0.0,7633.42,4963.78,2669.64,Wallet,Completed
O002021,2025-08-08,C00398,P0008,Fashion Product 008,Fashion,South,Bengaluru,2,8265.58,20.0,13224.93,3868.0,9356.93,Wallet,Completed
O002022,2025-07-29,C00333,P0019,Beauty Product 019,Beauty,Central,Bhopal,2,6745.83,10.0,12142.49,7199.08,4943.41,Cash,Pending
O002023,2025-09-10,C00225,P0088,Fashion Product 088,Fashion,East,Guwahati,1,5208.94,10.0,4688.05,4167.15,520.9,Cash,Completed
O002024,2025-06-10,C00265,P0083,Fashion Product 083,Fashion,North,Chandigarh,3,3893.45,5.0,11096.33,9344.28,1752.05,Cash,Completed
O002025,2025-05-14,C00473,P0042,Home Product 042,Home,South,Chennai,2,2781.36,15.0,4728.31,4450.18,278.13,UPI,Cancelled
O002026,2025-05-09,C00031,P0054,Beauty Product 054,Beauty,South,Chennai,4,4876.35,5.0,18530.13,15604.32,2925.81,Wallet,Completed
O002027,2025-02-28,C00089,P0050,Sports Product 050,Sports,North,Delhi,5,4011.29,0.0,20056.45,13615.95,6440.5,Cash,Completed
O002028,2025-11-03,C00181,P0094,Beauty Product 094,Beauty,North,Delhi,4,5366.1,10.0,19317.96,17171.52,2146.44,Wallet,Completed
O002029,2025-04-27,C00193,P0056,Electronics Product 056,Electronics,West,Mumbai,4,7138.32,5.0,27125.62,8047.52,19078.1,Cash,Completed
O002030,2025-04-14,C00493,P0059,Beauty Product 059,Beauty,West,Pune,4,1289.86,10.0,4643.5,4127.56,515.94,UPI,Completed
O002031,2025-12-17,C00379,P0018,Fashion Product 018,Fashion,North,Delhi,3,6795.4,10.0,18347.58,854.91,17492.67,Wallet,Completed
O002032,2025-07-04,C00160,P0068,Fashion Product 068,Fashion,Central,Indore,4,6082.72,5.0,23114.34,19464.72,3649.62,Wallet,Completed
O002033,2025-08-15,C00139,P0012,Home Product 012,Home,Central,Bhopal,2,4256.45,0.0,8512.9,4019.36,4493.54,Wallet,Completed
O002034,2025-03-31,C00484,P0014,Beauty Product 014,Beauty,West,Mumbai,5,4289.52,0.0,21447.6,17158.1,4289.5,Wallet,Returned
O002035,2025-04-12,C00082,P0030,Sports Product 030,Sports,West,Pune,5,3054.9,5.0,14510.77,12219.6,2291.17,Net Banking,Completed
O002036,2025-09-23,C00125,P0089,Beauty Product 089,Beauty,South,Bengaluru,4,5780.76,0.0,23123.04,18498.44,4624.6,Net Banking,Completed
O002037,2025-06-14,C00468,P0041,Electronics Product 041,Electronics,West,Mumbai,4,5698.77,0.0,22795.08,12097.88,10697.2,Card,Completed
O002038,2025-02-23,C00087,P0047,Home Product 047,Home,Central,Bhopal,1,4959.99,15.0,4215.99,3967.99,248.0,UPI,Completed
O002039,2025-11-01,C00430,P0037,Home Product 037,Home,East,Kolkata,2,7720.82,5.0,14669.56,1415.72,13253.84,Wallet,Completed
O002040,2025-05-27,C00433,P0020,Sports Product 020,Sports,West,Mumbai,4,3689.4,10.0,13281.84,11806.08,1475.76,UPI,Pending
O002041,2025-09-01,C00352,P0043,Fashion Product 043,Fashion,East,Bhubaneswar,2,2271.05,10.0,4087.89,3633.68,454.21,Wallet,Completed
O002042,2025-05-05,C00111,P0090,Sports Product 090,Sports,West,Ahmedabad,4,1423.92,20.0,4556.54,3918.64,637.9,Wallet,Returned
O002043,2025-07-24,C00014,P0053,Fashion Product 053,Fashion,North,Jaipur,2,5775.38,10.0,10395.68,3171.72,7223.96,Card,Completed
O002044,2025-10-10,C00225,P0032,Home Product 032,Home,East,Guwahati,5,2912.1,5.0,13832.47,10299.25,3533.22,Card,Completed
O002045,2025-11-19,C00095,P0098,Fashion Product 098,Fashion,West,Ahmedabad,5,7898.73,20.0,31594.92,2484.1,29110.82,Cash,Returned
O002046,2025-03-17,C00291,P0057,Home Product 057,Home,East,Bhubaneswar,4,8123.2,10.0,29243.52,7025.64,22217.88,Card,Completed
O002047,2025-09-02,C00138,P0066,Electronics Product 066,Electronics,Central,Bhopal,1,5295.06,5.0,5030.31,1101.52,3928.79,Wallet,Completed
O002048,2025-11-29,C00411,P0044,Beauty Product 044,Beauty,North,Chandigarh,3,3801.64,10.0,10264.43,9123.93,1140.5,Cash,Cancelled
O002049,2025-08-22,C00448,P0066,Electronics Product 066,Electronics,North,Delhi,5,5295.06,15.0,22504.01,5507.6,16996.4,UPI,Completed
O002050,2025-02-22,C00005,P0063,Fashion Product 063,Fashion,West,Pune,5,2531.09,0.0,12655.45,10124.35,2531.1,Wallet,Completed
O002051,2025-03-11,C00376,P0016,Electronics Product 016,Electronics,North,Chandigarh,3,5090.79,10.0,13745.13,12217.89,1527.24,Net Banking,Completed
O002052,2025-03-15,C00246,P0002,Home Product 002,Home,Central,Indore,1,4453.12,5.0,4230.46,3562.5,667.96,Wallet,Completed
O002053,2025-02-08,C00214,P0033,Fashion Product 033,Fashion,North,Jaipur,4,2460.76,0.0,9843.04,7874.44,1968.6,UPI,Completed
O002054,2025-10-02,C00036,P0020,Sports Product 020,Sports,Central,Indore,4,3689.4,20.0,11806.08,11806.08,0.0,Card,Completed
O002055,2025-12-18,C00054,P0066,Electronics Product 066,Electronics,North,Delhi,5,5295.06,5.0,25151.53,5507.6,19643.93,Cash,Completed
O002056,2025-07-08,C00344,P0007,Home Product 007,Home,North,Chandigarh,2,5553.32,10.0,9995.98,8362.5,1633.48,Net Banking,Completed
O002057,2025-08-06,C00071,P0046,Electronics Product 046,Electronics,East,Guwahati,3,8168.47,5.0,23280.14,1074.96,22205.18,Cash,Cancelled
O002058,2025-10-09,C00012,P0012,Home Product 012,Home,East,Kolkata,4,4256.45,0.0,17025.8,8038.72,8987.08,Cash,Completed
O002059,2025-06-01,C00071,P0012,Home Product 012,Home,East,Guwahati,1,4256.45,0.0,4256.45,2009.68,2246.77,Wallet,Pending
O002060,2025-06-21,C00315,P0016,Electronics Product 016,Electronics,North,Delhi,5,5090.79,15.0,21635.86,20363.15,1272.71,Card,Completed
O002061,2025-08-03,C00135,P0062,Home Product 062,Home,South,Bengaluru,4,6676.1,15.0,22698.74,7002.64,15696.1,Wallet,Completed
O002062,2025-04-21,C00067,P0074,Beauty Product 074,Beauty,Central,Indore,5,2907.59,10.0,13084.16,10692.5,2391.66,Card,Completed
O002063,2025-01-23,C00220,P0022,Home Product 022,Home,Central,Nagpur,3,5577.75,0.0,16733.25,11651.22,5082.03,Wallet,Completed
O002064,2025-07-26,C00028,P0017,Home Product 017,Home,East,Kolkata,2,4364.81,20.0,6983.7,6983.7,-0.0,Net Banking,Completed
O002065,2025-10-27,C00449,P0038,Fashion Product 038,Fashion,West,Mumbai,3,2947.65,5.0,8400.8,3633.69,4767.11,UPI,Completed
O002066,2025-01-27,C00326,P0068,Fashion Product 068,Fashion,West,Ahmedabad,1,6082.72,10.0,5474.45,4866.18,608.27,Wallet,Completed
O002067,2025-03-20,C00185,P0004,Beauty Product 004,Beauty,East,Kolkata,5,3466.38,20.0,13865.52,11946.65,1918.87,Cash,Completed
O002068,2025-04-06,C00095,P0021,Electronics Product 021,Electronics,West,Ahmedabad,4,4281.14,15.0,14555.88,13699.64,856.24,UPI,Completed
O002069,2025-10-20,C00316,P0026,Electronics Product 026,Electronics,North,Delhi,2,2848.75,0.0,5697.5,3173.14,2524.36,Card,Completed
O002070,2025-07-03,C00304,P0066,Electronics Product 066,Electronics,Central,Nagpur,2,5295.06,15.0,9001.6,2203.04,6798.56,Cash,Returned
O002071,2025-07-14,C00365,P0050,Sports Product 050,Sports,West,Ahmedabad,4,4011.29,15.0,13638.39,10892.76,2745.63,Net Banking,Completed
O002072,2025-08-23,C00050,P0078,Fashion Product 078,Fashion,South,Hyderabad,1,8229.86,20.0,6583.89,2240.79,4343.1,UPI,Completed
O002073,2025-04-11,C00052,P0014,Beauty Product 014,Beauty,South,Chennai,4,4289.52,5.0,16300.18,13726.48,2573.7,UPI,Completed
O002074,2025-09-17,C00054,P0023,Fashion Product 023,Fashion,North,Delhi,2,3632.79,10.0,6539.02,5812.46,726.56,Net Banking,Completed
O002075,2025-01-11,C00296,P0008,Fashion Product 008,Fashion,East,Kolkata,1,8265.58,10.0,7439.02,1934.0,5505.02,Net Banking,Completed
O002076,2025-02-11,C00464,P0012,Home Product 012,Home,South,Hyderabad,5,4256.45,5.0,20218.14,10048.4,10169.74,UPI,Completed
O002077,2025-10-24,C00320,P0074,Beauty Product 074,Beauty,Central,Nagpur,2,2907.59,5.0,5524.42,4277.0,1247.42,UPI,Completed
O002078,2025-08-28,C00454,P0089,Beauty Product 089,Beauty,West,Mumbai,2,5780.76,10.0,10405.37,9249.22,1156.15,Wallet,Pending
O002079,2025-03-06,C00061,P0039,Beauty Product 039,Beauty,East,Guwahati,5,7352.91,10.0,33088.1,5448.35,27639.75,Net Banking,Completed
O002080,2025-06-09,C00016,P0046,Electronics Product 046,Electronics,West,Ahmedabad,5,8168.47,10.0,36758.11,1791.6,34966.51,Card,Returned
O002081,2025-01-19,C00240,P0018,Fashion Product 018,Fashion,South,Bengaluru,5,6795.4,10.0,30579.3,1424.85,29154.45,Cash,Completed
O002082,2025-09-02,C00295,P0035,Sports Product 035,Sports,West,Mumbai,5,8253.41,10.0,37140.35,7564.4,29575.94,Wallet,Completed
O002083,2025-10-03,C00151,P0034,Beauty Product 034,Beauty,North,Delhi,2,7768.65,0.0,15537.3,9638.02,5899.28,UPI,Completed
O002084,2025-04-12,C00132,P0078,Fashion Product 078,Fashion,North,Jaipur,2,8229.86,15.0,13990.76,4481.58,9509.18,UPI,Completed
O002085,2025-05-08,C00023,P0041,Electronics Product 041,Electronics,North,Jaipur,5,5698.77,0.0,28493.85,15122.35,13371.5,UPI,Completed
O002086,2025-03-28,C00068,P0089,Beauty Product 089,Beauty,Central,Indore,3,5780.76,10.0,15608.05,13873.83,1734.22,UPI,Completed
O002087,2025-05-22,C00161,P0038,Fashion Product 038,Fashion,West,Ahmedabad,2,2947.65,10.0,5305.77,2422.46,2883.31,Net Banking,Pending
O002088,2025-04-10,C00485,P0014,Beauty Product 014,Beauty,Central,Nagpur,3,4289.52,10.0,11581.7,10294.86,1286.84,Card,Completed
O002089,2025-03-31,C00214,P0006,Electronics Product 006,Electronics,North,Jaipur,3,4936.68,5.0,14069.54,3988.14,10081.4,Card,Completed
O002090,2025-06-06,C00427,P0068,Fashion Product 068,Fashion,North,Jaipur,2,6082.72,15.0,10340.62,9732.36,608.26,Net Banking,Completed
O002091,2025-11-09,C00339,P0015,Sports Product 015,Sports,Central,Indore,4,4470.33,15.0,15199.12,14305.04,894.08,Wallet,Completed
O002092,2025-10-05,C00127,P0006,Electronics Product 006,Electronics,East,Kolkata,3,4936.68,10.0,13329.04,3988.14,9340.9,UPI,Completed
O002093,2025-04-19,C00260,P0046,Electronics Product 046,Electronics,South,Chennai,4,8168.47,20.0,26139.1,1433.28,24705.82,Card,Completed
O002094,2025-12-10,C00408,P0035,Sports Product 035,Sports,Central,Indore,2,8253.41,0.0,16506.82,3025.76,13481.06,Cash,Cancelled
O002095,2025-03-18,C00065,P0040,Sports Product 040,Sports,West,Ahmedabad,2,4584.31,0.0,9168.62,7334.9,1833.72,UPI,Returned
O002096,2025-11-28,C00452,P0053,Fashion Product 053,Fashion,West,Ahmedabad,1,5775.38,15.0,4909.07,1585.86,3323.21,Net Banking,Completed
O002097,2025-04-23,C00127,P0083,Fashion Product 083,Fashion,East,Kolkata,4,3893.45,10.0,14016.42,12459.04,1557.38,Card,Completed
O002098,2025-07-16,C00229,P0027,Home Product 027,Home,East,Bhubaneswar,1,6771.19,15.0,5755.51,2895.9,2859.61,Cash,Completed
O002099,2025-03-15,C00327,P0083,Fashion Product 083,Fashion,Central,Indore,3,3893.45,5.0,11096.33,9344.28,1752.05,UPI,Completed
O002100,2025-10-05,C00074,P0013,Fashion Product 013,Fashion,North,Delhi,1,4305.64,15.0,3659.79,867.13,2792.66,Net Banking,Pending
O002101,2025-04-26,C00217,P0028,Fashion Product 028,Fashion,East,Kolkata,2,7012.16,5.0,13323.1,4360.68,8962.42,Card,Completed
O002102,2025-11-14,C00333,P0076,Electronics Product 076,Electronics,Central,Bhopal,2,5803.55,15.0,9866.03,9285.68,580.35,Card,Completed
O002103,2025-01-31,C00023,P0035,Sports Product 035,Sports,North,Jaipur,3,8253.41,10.0,22284.21,4538.64,17745.57,Net Banking,Pending
O002104,2025-07-02,C00013,P0061,Electronics Product 061,Electronics,South,Hyderabad,3,7647.57,5.0,21795.57,13443.78,8351.79,Cash,Completed
O002105,2025-02-27,C00301,P0027,Home Product 027,Home,Central,Nagpur,4,6771.19,0.0,27084.76,11583.6,15501.16,UPI,Completed
O002106,2025-11-20,C00051,P0061,Electronics Product 061,Electronics,South,Chennai,4,7647.57,0.0,30590.28,17925.04,12665.24,Card,Cancelled
O002107,2025-06-01,C00054,P0021,Electronics Product 021,Electronics,North,Delhi,3,4281.14,10.0,11559.08,10274.73,1284.35,UPI,Cancelled
O002108,2025-09-03,C00116,P0075,Sports Product 075,Sports,West,Pune,2,8144.99,20.0,13031.98,6797.22,6234.76,UPI,Returned
O002109,2025-11-17,C00245,P0011,Electronics Product 011,Electronics,West,Pune,1,8240.08,5.0,7828.08,3787.62,4040.46,Wallet,Pending
O002110,2025-07-14,C00072,P0010,Sports Product 010,Sports,East,Bhubaneswar,5,1734.32,5.0,8238.02,2290.35,5947.67,UPI,Completed
O002111,2025-01-21,C00463,P0033,Fashion Product 033,Fashion,South,Hyderabad,1,2460.76,15.0,2091.65,1968.61,123.04,UPI,Returned
O002112,2025-03-22,C00420,P0007,Home Product 007,Home,Central,Indore,5,5553.32,0.0,27766.6,20906.25,6860.35,Net Banking,Returned
O002113,2025-03-19,C00302,P0053,Fashion Product 053,Fashion,East,Kolkata,5,5775.38,15.0,24545.37,7929.3,16616.07,UPI,Completed
O002114,2025-11-29,C00139,P0003,Fashion Product 003,Fashion,Central,Bhopal,4,6788.51,5.0,25796.34,15461.64,10334.7,Card,Completed
O002115,2025-11-27,C00180,P0067,Home Product 067,Home,North,Jaipur,3,2982.59,0.0,8947.77,3549.18,5398.59,Card,Cancelled
O002116,2025-06-23,C00057,P0039,Beauty Product 039,Beauty,West,Ahmedabad,2,7352.91,0.0,14705.82,2179.34,12526.48,Card,Completed
O002117,2025-11-20,C00197,P0096,Electronics Product 096,Electronics,East,Kolkata,3,2784.06,15.0,7099.35,6681.75,417.6,Cash,Returned
O002118,2025-03-31,C00497,P0042,Home Product 042,Home,South,Bengaluru,5,2781.36,,13211.46,11125.45,2086.01,UPI,Completed
O002119,2025-09-05,C00476,P0038,Fashion Product 038,Fashion,Central,Indore,4,2947.65,10.0,10611.54,4844.92,5766.62,Wallet,Returned
O002120,2025-05-23,C00217,P0053,Fashion Product 053,Fashion,East,Kolkata,3,5775.38,15.0,14727.22,4757.58,9969.64,Cash,Completed
O002121,2025-03-29,C00398,P0066,Electronics Product 066,Electronics,South,Bengaluru,1,5295.06,10.0,4765.55,1101.52,3664.03,Net Banking,Completed
O002122,2025-04-02,C00286,P0065,Sports Product 065,Sports,West,Ahmedabad,4,7148.9,10.0,25736.04,3332.4,22403.64,Cash,Pending
O002123,2025-06-02,C00220,P0033,Fashion Product 033,Fashion,Central,Nagpur,2,2460.76,10.0,4429.37,3937.22,492.15,Cash,Completed
O002124,2025-05-04,C00484,P0062,Home Product 062,Home,West,Mumbai,3,6676.1,5.0,19026.89,5251.98,13774.91,UPI,Completed
O002125,2025-03-18,C00300,P0020,Sports Product 020,Sports,East,Guwahati,1,3689.4,20.0,2951.52,2951.52,0.0,Cash,Completed
O002126,2025-05-02,C00445,P0040,Sports Product 040,Sports,North,Delhi,5,4584.31,10.0,20629.4,18337.25,2292.15,Card,Completed
O002127,2025-02-16,C00491,P0062,Home Product 062,Home,East,Guwahati,5,6676.1,0.0,33380.5,8753.3,24627.2,Cash,Returned
O002128,2025-12-19,C00225,P0009,Beauty Product 009,Beauty,East,,1,4934.15,15.0,4194.03,3947.32,246.71,Card,Completed
O002129,2025-05-19,C00481,P0062,Home Product 062,Home,Central,Indore,4,6676.1,20.0,21363.52,7002.64,14360.88,Cash,Completed
O002130,2025-02-09,C00440,P0005,Sports Product 005,Sports,Central,Bhopal,4,7082.09,5.0,26911.94,13233.44,13678.5,UPI,Completed
O002131,2025-07-29,C00490,P0090,Sports Product 090,Sports,East,Kolkata,1,1423.92,15.0,1210.33,979.66,230.67,Card,Completed
O002132,2025-11-18,C00229,P0095,Sports Product 095,Sports,East,Bhubaneswar,4,2495.1,5.0,9481.38,5498.16,3983.22,UPI,Completed
O002133,2025-05-12,C00151,P0001,Electronics Product 001,Electronics,North,Delhi,5,4907.86,0.0,24539.3,19631.45,4907.85,UPI,Completed
O002134,2025-11-04,C00025,P0014,Beauty Product 014,Beauty,East,Guwahati,3,4289.52,0.0,12868.56,10294.86,2573.7,UPI,Pending
O002135,2025-08-11,C00459,P0024,Beauty Product 024,Beauty,Central,Nagpur,4,2905.51,15.0,9878.73,9297.64,581.09,Cash,Completed
O002136,2025-09-27,C00272,P0010,Sports Product 010,Sports,East,Bhubaneswar,4,1734.32,5.0,6590.42,1832.28,4758.14,UPI,Completed
O002137,2025-04-18,C00390,P0017,Home Product 017,Home,West,Pune,2,4364.81,0.0,8729.62,6983.7,1745.92,,Completed
O002138,2025-01-14,C00482,P0096,Electronics Product 096,Electronics,South,Bengaluru,4,2784.06,0.0,11136.24,8909.0,2227.24,Cash,Completed
O002139,2025-05-06,C00485,P0062,Home Product 062,Home,Central,Nagpur,5,6676.1,10.0,30042.45,8753.3,21289.15,Cash,Completed
O002140,2025-12-03,C00382,P0079,Beauty Product 079,Beauty,East,Kolkata,3,6934.89,20.0,16643.74,14045.58,2598.16,Card,Completed
O002141,2025-10-15,C00274,P0063,Fashion Product 063,Fashion,Central,Nagpur,5,2531.09,20.0,10124.36,10124.35,0.01,Net Banking,Completed
O002142,2025-10-13,C00151,P0021,Electronics Product 021,Electronics,North,Delhi,3,4281.14,20.0,10274.74,10274.73,0.01,Wallet,Completed
O002143,2025-11-16,C00123,P0050,Sports Product 050,Sports,East,Bhubaneswar,3,4011.29,0.0,12033.87,8169.57,3864.3,UPI,Completed
O002144,2025-05-16,C00066,P0018,Fashion Product 018,Fashion,North,Chandigarh,1,6795.4,15.0,5776.09,284.97,5491.12,UPI,Completed
O002145,2025-04-28,C00494,P0033,Fashion Product 033,Fashion,West,Mumbai,3,2460.76,,7013.17,5905.83,1107.34,Card,Completed
O002146,2025-12-03,C00448,P0040,Sports Product 040,Sports,North,Delhi,1,4584.31,10.0,4125.88,3667.45,458.43,UPI,Completed
O002147,2025-07-28,C00490,P0012,Home Product 012,Home,East,Kolkata,1,4256.45,5.0,4043.63,2009.68,2033.95,Card,Completed
O002148,2025-04-19,C00264,P0017,Home Product 017,Home,West,Mumbai,2,4364.81,0.0,8729.62,6983.7,1745.92,UPI,Completed
O002149,2025-04-12,C00290,P0088,Fashion Product 088,Fashion,South,Chennai,1,5208.94,10.0,4688.05,4167.15,520.9,Wallet,Completed
O002150,2025-11-16,C00186,P0013,Fashion Product 013,Fashion,North,Jaipur,1,4305.64,10.0,3875.08,867.13,3007.95,Cash,Completed
O002151,2025-01-20,C00374,P0095,Sports Product 095,Sports,East,Kolkata,2,2495.1,10.0,4491.18,2749.08,1742.1,Card,Completed
O002152,2025-01-23,C00095,P0098,Fashion Product 098,Fashion,West,Ahmedabad,4,7898.73,0.0,31594.92,1987.28,29607.64,UPI,Completed
O002153,2025-09-26,C00109,P0065,Sports Product 065,Sports,South,Hyderabad,4,7148.9,0.0,28595.6,3332.4,25263.2,Wallet,Completed
O002154,2025-01-01,C00100,P0053,Fashion Product 053,Fashion,South,Chennai,4,5775.38,15.0,19636.29,6343.44,13292.85,UPI,Returned
O002155,2025-03-04,C00436,P0085,Sports Product 085,Sports,East,Kolkata,3,3007.51,10.0,8120.28,7218.03,902.25,Wallet,Cancelled
O002156,2025-12-27,C00391,P0002,Home Product 002,Home,North,Chandigarh,4,4453.12,10.0,16031.23,14250.0,1781.23,Card,Completed
O002157,2025-06-04,C00192,P0044,Beauty Product 044,Beauty,East,Kolkata,5,3801.64,15.0,16156.97,15206.55,950.42,Wallet,Completed
O002158,2025-09-22,C00181,P0052,Home Product 052,Home,North,Delhi,5,3602.09,10.0,16209.41,14408.35,1801.06,Cash,Completed
O002159,2025-06-27,C00253,P0055,Sports Product 055,Sports,West,Pune,4,1679.4,15.0,5709.96,5374.08,335.88,Cash,Cancelled
O002160,2025-02-02,C00106,P0056,Electronics Product 056,Electronics,South,Chennai,5,7138.32,10.0,32122.44,10059.4,22063.04,Wallet,Completed
O002161,2025-03-09,C00445,P0017,Home Product 017,Home,North,Delhi,4,4364.81,10.0,15713.32,13967.4,1745.92,Net Banking,Completed
O002162,2025-10-05,C00267,P0090,Sports Product 090,Sports,Central,Nagpur,2,1423.92,15.0,2420.66,1959.32,461.34,Cash,Completed
O002163,2025-02-04,C00390,P0094,Beauty Product 094,Beauty,West,Pune,1,5366.1,10.0,4829.49,4292.88,536.61,Wallet,Completed
O002164,2025-08-05,C00472,P0046,Electronics Product 046,Electronics,South,Hyderabad,2,8168.47,5.0,15520.09,716.64,14803.45,Card,Completed
O002165,2025-05-07,C00010,P0066,Electronics Product 066,Electronics,West,Mumbai,4,5295.06,5.0,20121.23,4406.08,15715.15,Cash,Completed
O002166,2025-05-15,C00452,P0034,Beauty Product 034,Beauty,West,Ahmedabad,5,7768.65,5.0,36901.09,24095.05,12806.04,Card,Completed
O002167,2025-12-13,C00370,P0061,Electronics Product 061,Electronics,North,Jaipur,5,7647.57,5.0,36325.96,22406.3,13919.66,Card,Pending
O002168,2025-08-09,C00151,P0044,Beauty Product 044,Beauty,North,Delhi,1,3801.64,10.0,3421.48,3041.31,380.17,Card,Returned
O002169,2025-08-12,C00257,P0040,Sports Product 040,Sports,West,Pune,4,4584.31,0.0,18337.24,14669.8,3667.44,Card,Completed
O002170,2025-05-08,C00381,P0084,Beauty Product 084,Beauty,West,Ahmedabad,3,5715.45,5.0,16289.03,6818.82,9470.21,Card,Completed
O002171,2025-05-19,C00465,P0015,Sports Product 015,Sports,East,Bhubaneswar,3,4470.33,15.0,11399.34,10728.78,670.56,Wallet,Completed
O002172,2025-09-07,C00144,P0027,Home Product 027,Home,South,Bengaluru,2,6771.19,10.0,12188.14,5791.8,6396.34,Card,Completed
O002173,2025-01-15,C00317,P0005,Sports Product 005,Sports,North,Jaipur,1,7082.09,10.0,6373.88,3308.36,3065.52,UPI,Completed
O002174,2025-03-28,C00177,P0032,Home Product 032,Home,West,Ahmedabad,1,2912.1,10.0,2620.89,2059.85,561.04,Wallet,Completed
O002175,2025-08-07,C00114,P0060,Sports Product 060,Sports,South,Chennai,1,7633.42,,7251.75,4963.78,2287.97,UPI,Returned
O002176,2025-08-15,C00209,P0061,Electronics Product 061,Electronics,West,Pune,1,7647.57,15.0,6500.43,4481.26,2019.17,Cash,Completed
O002177,2025-02-03,C00400,P0070,Sports Product 070,Sports,Central,Indore,3,4336.1,20.0,10406.64,10406.64,0.0,Wallet,Pending
O002178,2025-10-14,C00437,P0051,Electronics Product 051,Electronics,South,Chennai,2,7669.29,15.0,13037.79,8349.78,4688.01,Card,Cancelled
O002179,2025-07-17,C00340,P0100,Sports Product 100,Sports,West,Ahmedabad,2,6735.82,15.0,11450.89,8119.24,3331.65,UPI,Completed
O002180,2025-03-28,C00064,P0010,Sports Product 010,Sports,South,Hyderabad,2,1734.32,10.0,3121.78,916.14,2205.64,Card,Completed
O002181,2025-10-01,C00484,P0042,Home Product 042,Home,West,Mumbai,2,2781.36,0.0,5562.72,4450.18,1112.54,Cash,Pending
O002182,2025-12-27,C00176,P0043,Fashion Product 043,Fashion,East,Kolkata,4,2271.05,15.0,7721.57,7267.36,454.21,Cash,Completed
O002183,2025-06-04,C00055,P0081,Electronics Product 081,Electronics,North,Jaipur,3,6874.54,10.0,18561.26,12569.37,5991.89,,Completed
O002184,2025-04-14,C00024,P0012,Home Product 012,Home,North,Jaipur,4,4256.45,10.0,15323.22,8038.72,7284.5,Net Banking,Completed
O002185,2025-04-19,C00194,P0075,Sports Product 075,Sports,West,Ahmedabad,4,8144.99,5.0,30950.96,13594.44,17356.52,Card,Completed
O002186,2025-08-04,C00416,P0088,Fashion Product 088,Fashion,Central,Indore,3,5208.94,10.0,14064.14,12501.45,1562.69,Wallet,Completed
O002187,2025-01-18,C00262,P0027,Home Product 027,Home,West,Ahmedabad,1,6771.19,10.0,6094.07,2895.9,3198.17,UPI,Completed
O002188,2025-06-25,C00145,P0092,Home Product 092,Home,East,Guwahati,3,5945.72,15.0,15161.59,9173.79,5987.8,UPI,Pending
O002189,2025-01-10,C00073,P0046,Electronics Product 046,Electronics,West,Pune,3,8168.47,10.0,22054.87,1074.96,20979.91,UPI,Completed
O002190,2025-01-15,C00178,P0016,Electronics Product 016,Electronics,West,Ahmedabad,4,5090.79,,17308.69,16290.52,1018.17,Wallet,Cancelled
O002191,2025-06-06,C00102,P0014,Beauty Product 014,Beauty,North,Chandigarh,2,4289.52,10.0,7721.14,6863.24,857.9,Net Banking,Cancelled
O002192,2025-09-29,C00176,P0090,Sports Product 090,Sports,East,Kolkata,3,1423.92,5.0,4058.17,2938.98,1119.19,Net Banking,Completed
O002193,2025-11-18,C00081,P0018,Fashion Product 018,Fashion,Central,Nagpur,4,6795.4,5.0,25822.52,1139.88,24682.64,UPI,Completed
O002194,2025-02-01,C00209,P0070,Sports Product 070,Sports,West,Pune,3,4336.1,5.0,12357.89,10406.64,1951.25,Net Banking,Completed
O002195,2025-03-30,C00284,P0051,Electronics Product 051,Electronics,North,Delhi,5,7669.29,15.0,32594.48,20874.45,11720.03,Card,Completed
O002196,2025-06-03,C00284,P0070,Sports Product 070,Sports,North,Delhi,5,4336.1,15.0,18428.42,17344.4,1084.02,Net Banking,Completed
O002197,2025-07-28,C00108,P0089,Beauty Product 089,Beauty,East,Bhubaneswar,1,5780.76,15.0,4913.65,4624.61,289.04,Net Banking,Completed
O002198,2025-12-26,C00404,P0039,Beauty Product 039,Beauty,East,Kolkata,2,7352.91,10.0,13235.24,2179.34,11055.9,Wallet,Completed
O002199,2025-09-07,C00281,P0034,Beauty Product 034,Beauty,West,Mumbai,4,7768.65,10.0,27967.14,19276.04,8691.1,Cash,Returned
O002200,2025-07-15,C00444,P0006,Electronics Product 006,Electronics,South,Bengaluru,3,4936.68,10.0,13329.04,3988.14,9340.9,,Completed
O002201,2025-01-23,C00191,P0046,Electronics Product 046,Electronics,East,Kolkata,4,8168.47,0.0,32673.88,1433.28,31240.6,UPI,Completed
O002202,2025-01-30,C00470,P0088,Fashion Product 088,Fashion,Central,Indore,5,5208.94,10.0,23440.23,20835.75,2604.48,Wallet,Completed
O002203,2025-02-25,C00275,P0007,Home Product 007,Home,West,Mumbai,2,5553.32,20.0,8885.31,8362.5,522.81,Wallet,Completed
O002204,2025-08-29,C00223,P0076,Electronics Product 076,Electronics,North,Delhi,3,5803.55,20.0,13928.52,13928.52,0.0,Wallet,Completed
O002205,2025-05-01,C00478,P0067,Home Product 067,Home,East,Bhubaneswar,2,2982.59,5.0,5666.92,2366.12,3300.8,UPI,Completed
O002206,2025-03-29,C00297,P0071,Electronics Product 071,Electronics,North,Chandigarh,5,5148.93,10.0,23170.19,17738.75,5431.44,UPI,Completed
O002207,2025-09-01,C00283,P0059,Beauty Product 059,Beauty,Central,Bhopal,4,1289.86,10.0,4643.5,4127.56,515.94,Net Banking,Completed
O002208,2025-10-24,C00299,P0086,Electronics Product 086,Electronics,Central,Nagpur,4,7032.55,15.0,23910.67,15174.28,8736.39,Wallet,Completed
O002209,2025-06-09,C00282,P0077,Home Product 077,Home,Central,Nagpur,4,4076.73,5.0,15491.57,13045.52,2446.05,UPI,Pending
O002210,2025-11-17,C00395,P0006,Electronics Product 006,Electronics,South,Bengaluru,5,4936.68,0.0,24683.4,6646.9,18036.5,Cash,Completed
O002211,2025-09-25,C00108,P0095,Sports Product 095,Sports,East,Bhubaneswar,5,2495.1,15.0,10604.17,6872.7,3731.47,Cash,Pending
O002212,2025-09-18,C00416,P0091,Electronics Product 091,Electronics,Central,Indore,5,1897.13,10.0,8537.09,2565.65,5971.44,Cash,Completed
O002213,2025-11-12,C00181,P0023,Fashion Product 023,Fashion,North,Delhi,4,3632.79,0.0,14531.16,11624.92,2906.24,Card,Completed
O002214,2025-03-08,C00302,P0093,Fashion Product 093,Fashion,East,Kolkata,5,4536.21,10.0,20412.94,8802.3,11610.65,Wallet,Returned
O002215,2025-10-04,C00378,P0085,Sports Product 085,Sports,East,Guwahati,3,3007.51,10.0,8120.28,7218.03,902.25,UPI,Pending
O002216,2025-12-15,C00412,P0023,Fashion Product 023,Fashion,West,Pune,5,3632.79,5.0,17255.75,14531.15,2724.6,Card,Completed
O002217,2025-12-28,C00443,P0003,Fashion Product 003,Fashion,West,Mumbai,1,6788.51,15.0,5770.23,3865.41,1904.82,UPI,Returned
O002218,2025-07-30,C00393,P0027,Home Product 027,Home,South,Bengaluru,5,6771.19,20.0,27084.76,14479.5,12605.26,Cash,Completed
O002219,2025-10-02,C00065,P0060,Sports Product 060,Sports,West,Ahmedabad,5,7633.42,15.0,32442.03,24818.9,7623.13,Card,Completed
O002220,2025-11-20,C00239,P0098,Fashion Product 098,Fashion,West,Pune,1,7898.73,20.0,6318.98,496.82,5822.16,Cash,Completed
O002221,2025-11-07,C00053,P0084,Beauty Product 084,Beauty,Central,Nagpur,4,5715.45,0.0,22861.8,9091.76,13770.04,UPI,Completed
O002222,2025-11-23,C00500,P0056,Electronics Product 056,Electronics,Central,,2,7138.32,5.0,13562.81,4023.76,9539.05,Wallet,Completed
O002223,2025-10-30,C00021,P0028,Fashion Product 028,Fashion,North,Chandigarh,2,7012.16,10.0,12621.89,4360.68,8261.21,Card,Completed
O002224,2025-05-19,C00156,P0058,Fashion Product 058,Fashion,West,Ahmedabad,4,3370.65,5.0,12808.47,10786.08,2022.39,Card,Pending
O002225,2025-09-23,C00207,P0004,Beauty Product 004,Beauty,Central,Bhopal,5,3466.38,20.0,13865.52,11946.65,1918.87,Cash,Completed
O002226,2025-05-30,C00084,P0096,Electronics Product 096,Electronics,Central,Nagpur,5,2784.06,10.0,12528.27,11136.25,1392.02,Net Banking,Returned
O002227,2025-10-19,C00357,P0079,Beauty Product 079,Beauty,Central,Nagpur,4,6934.89,10.0,24965.6,18727.44,6238.16,Cash,Completed
O002228,2025-10-22,C00242,P0038,Fashion Product 038,Fashion,South,Bengaluru,2,2947.65,15.0,5011.01,2422.46,2588.55,Wallet,Completed
O002229,2025-12-07,C00110,P0071,Electronics Product 071,Electronics,North,Delhi,4,5148.93,5.0,19565.93,14191.0,5374.93,Card,Completed
O002230,2025-08-03,C00140,P0056,Electronics Product 056,Electronics,West,Mumbai,3,7138.32,15.0,18202.72,6035.64,12167.08,Net Banking,Completed
O002231,2025-06-22,C00049,P0074,Beauty Product 074,Beauty,West,Ahmedabad,2,2907.59,10.0,5233.66,4277.0,956.66,Card,Completed
O002232,2025-03-02,C00371,P0024,Beauty Product 024,Beauty,East,Bhubaneswar,3,2905.51,10.0,7844.88,6973.23,871.65,Wallet,Completed
O002233,2025-08-21,C00085,P0092,Home Product 092,Home,Central,Indore,5,5945.72,5.0,28242.17,15289.65,12952.52,UPI,Pending
O002234,2025-07-26,C00375,P0056,Electronics Product 056,Electronics,Central,Indore,4,7138.32,15.0,24270.29,8047.52,16222.77,Cash,Completed
O002235,2025-07-07,C00001,P0082,Home Product 082,Home,East,Bhubaneswar,5,5348.13,20.0,21392.52,13855.8,7536.72,Wallet,Completed
O002236,2025-09-04,C00397,P0044,Beauty Product 044,Beauty,East,Guwahati,2,3801.64,15.0,6462.79,6082.62,380.17,Net Banking,Pending
O002237,2025-11-06,C00063,P0096,Electronics Product 096,Electronics,East,Guwahati,2,2784.06,0.0,5568.12,4454.5,1113.62,Cash,Completed
O002238,2025-02-24,C00121,P0052,Home Product 052,Home,North,Jaipur,1,3602.09,0.0,3602.09,2881.67,720.42,Card,Completed
O002239,2025-06-07,C00197,P0016,Electronics Product 016,Electronics,East,Kolkata,4,5090.79,5.0,19345.0,16290.52,3054.48,Net Banking,Completed
O002240,2025-09-20,C00183,P0044,Beauty Product 044,Beauty,North,Delhi,5,3801.64,15.0,16156.97,15206.55,950.42,Card,Completed
O002241,2025-10-26,C00231,P0065,Sports Product 065,Sports,West,Mumbai,4,7148.9,10.0,25736.04,3332.4,22403.64,Wallet,Completed
O002242,2025-10-11,C00391,P0050,Sports Product 050,Sports,North,Chandigarh,3,4011.29,5.0,11432.18,8169.57,3262.61,Cash,Completed
O002243,2025-10-18,C00357,P0028,Fashion Product 028,Fashion,Central,Nagpur,3,7012.16,10.0,18932.83,6541.02,12391.81,Net Banking,Completed
O002244,2025-11-08,C00346,P0050,Sports Product 050,Sports,Central,Bhopal,2,4011.29,5.0,7621.45,5446.38,2175.07,Cash,Completed
O002245,2025-12-17,C00375,P0071,Electronics Product 071,Electronics,Central,Indore,1,5148.93,0.0,5148.93,3547.75,1601.18,Card,Completed
O002246,2025-08-10,C00157,P0050,Sports Product 050,Sports,Central,Bhopal,3,4011.29,10.0,10830.48,8169.57,2660.91,Card,Completed
O002247,2025-04-01,C00278,P0094,Beauty Product 094,Beauty,North,Chandigarh,1,5366.1,5.0,5097.8,4292.88,804.91,Card,Completed
O002248,2025-07-25,C00388,P0080,Sports Product 080,Sports,Central,Bhopal,5,4972.04,10.0,22374.18,19888.15,2486.03,Cash,Completed
O002249,2025-09-16,C00239,P0010,Sports Product 010,Sports,West,Pune,5,1734.32,20.0,6937.28,2290.35,4646.93,Net Banking,Completed
O002250,2025-02-06,C00137,P0087,Home Product 087,Home,South,Bengaluru,4,5255.47,5.0,19970.79,2264.6,17706.19,UPI,Completed
O002251,2025-10-03,C00425,P0039,Beauty Product 039,Beauty,South,Bengaluru,5,7352.91,10.0,33088.1,5448.35,27639.75,Net Banking,Completed
O002252,2025-07-18,C00056,P0050,Sports Product 050,Sports,West,Ahmedabad,3,4011.29,0.0,12033.87,8169.57,3864.3,Net Banking,Completed
O002253,2025-12-07,C00421,P0086,Electronics Product 086,Electronics,East,Kolkata,4,7032.55,5.0,26723.69,15174.28,11549.41,Cash,Completed
O002254,2025-03-19,C00133,P0048,Fashion Product 048,Fashion,North,Jaipur,3,8002.61,,21607.05,7742.58,13864.47,Card,Returned
O002255,2025-11-27,C00415,P0065,Sports Product 065,Sports,South,Chennai,2,7148.9,10.0,12868.02,1666.2,11201.82,Card,Completed
O002256,2025-06-13,C00170,P0091,Electronics Product 091,Electronics,North,Delhi,5,1897.13,20.0,7588.52,2565.65,5022.87,Card,Completed
O002257,2025-07-28,C00103,P0085,Sports Product 085,Sports,North,Chandigarh,4,3007.51,10.0,10827.04,9624.04,1203.0,Net Banking,Returned
O002258,2025-08-29,C00021,P0060,Sports Product 060,Sports,North,Chandigarh,2,7633.42,15.0,12976.81,9927.56,3049.25,Card,Completed
O002259,2025-07-30,C00473,P0051,Electronics Product 051,Electronics,South,Chennai,4,7669.29,15.0,26075.59,16699.56,9376.03,Net Banking,Pending
O002260,2025-11-25,C00069,P0057,Home Product 057,Home,West,Ahmedabad,2,8123.2,20.0,12997.12,3512.82,9484.3,Wallet,Pending
O002261,2025-03-02,C00281,P0065,Sports Product 065,Sports,West,Mumbai,2,7148.9,10.0,12868.02,1666.2,11201.82,Card,Completed
O002262,2025-09-23,C00468,P0091,Electronics Product 091,Electronics,West,Mumbai,3,1897.13,15.0,4837.68,1539.39,3298.29,Net Banking,Pending
O002263,2025-12-21,C00212,P0075,Sports Product 075,Sports,South,Hyderabad,4,8144.99,20.0,26063.97,13594.44,12469.53,UPI,Completed
O002264,2025-03-22,C00324,P0050,Sports Product 050,Sports,West,Pune,5,4011.29,15.0,17047.98,13615.95,3432.03,Cash,Completed
O002265,2025-04-03,C00453,P0011,Electronics Product 011,Electronics,North,Delhi,3,8240.08,15.0,21012.2,11362.86,9649.34,Card,Completed
O002266,2025-06-22,C00114,P0055,Sports Product 055,Sports,South,Chennai,5,1679.4,5.0,7977.15,6717.6,1259.55,Cash,Completed
O002267,2025-09-21,C00485,P0062,Home Product 062,Home,Central,Nagpur,2,6676.1,10.0,12016.98,3501.32,8515.66,Cash,Pending
O002268,2025-12-16,C00447,P0055,Sports Product 055,Sports,North,Jaipur,3,1679.4,0.0,5038.2,4030.56,1007.64,UPI,Pending
O002269,2025-10-17,C00205,P0049,Beauty Product 049,Beauty,South,Chennai,3,3123.84,5.0,8902.94,7497.21,1405.73,UPI,Completed
O002270,2025-10-17,C00126,P0093,Fashion Product 093,Fashion,Central,Bhopal,2,4536.21,10.0,8165.18,3520.92,4644.26,Cash,Pending
O002271,2025-06-10,C00156,P0074,Beauty Product 074,Beauty,West,Ahmedabad,1,2907.59,15.0,2471.45,2138.5,332.95,Card,Cancelled
O002272,2025-08-23,C00255,P0073,Fashion Product 073,Fashion,West,Ahmedabad,5,1490.03,15.0,6332.63,4362.6,1970.03,Net Banking,Completed
O002273,2025-03-18,C00078,P0020,Sports Product 020,Sports,West,Mumbai,5,3689.4,10.0,16602.3,14757.6,1844.7,Net Banking,Cancelled
O002274,2025-06-18,C00484,P0054,Beauty Product 054,Beauty,West,Mumbai,5,4876.35,15.0,20724.49,19505.4,1219.09,UPI,Completed
O002275,2025-03-10,C00415,P0089,Beauty Product 089,Beauty,South,Chennai,4,5780.76,20.0,18498.43,18498.44,-0.01,UPI,Completed
O002276,2025-01-10,C00118,P0005,Sports Product 005,Sports,South,Chennai,4,7082.09,10.0,25495.52,13233.44,12262.08,Cash,Completed
O002277,2025-11-08,C00312,P0009,Beauty Product 009,Beauty,East,Kolkata,2,4934.15,5.0,9374.88,7894.64,1480.24,Net Banking,Completed
O002278,2025-10-20,C00431,P0088,Fashion Product 088,Fashion,West,Mumbai,4,5208.94,0.0,20835.76,16668.6,4167.16,Card,Completed
O002279,2025-07-05,C00127,P0043,Fashion Product 043,Fashion,East,Kolkata,5,2271.05,20.0,9084.2,9084.2,0.0,UPI,Returned
O002280,2025-01-06,C00383,P0043,Fashion Product 043,Fashion,Central,Indore,1,2271.05,5.0,2157.5,1816.84,340.66,Cash,Completed
O002281,2025-02-02,C00411,P0078,Fashion Product 078,Fashion,North,Chandigarh,5,8229.86,5.0,39091.83,11203.95,27887.88,Card,Completed
O002282,2025-02-10,C00143,P0080,Sports Product 080,Sports,North,Chandigarh,1,4972.04,,4474.84,3977.63,497.21,Net Banking,Completed
O002283,2025-09-18,C00184,P0095,Sports Product 095,Sports,West,Mumbai,4,2495.1,0.0,9980.4,5498.16,4482.24,Card,Completed
O002284,2025-03-16,C00297,P0006,Electronics Product 006,Electronics,North,Chandigarh,5,4936.68,5.0,23449.23,6646.9,16802.33,Wallet,Completed
O002285,2025-04-02,C00340,P0033,Fashion Product 033,Fashion,West,,3,2460.76,10.0,6644.05,5905.83,738.22,Card,Completed
O002286,2025-11-10,C00051,P0001,Electronics Product 001,Electronics,South,Chennai,4,4907.86,,18649.87,15705.16,2944.71,Cash,Completed
O002287,2025-11-16,C00022,P0071,Electronics Product 071,Electronics,South,Bengaluru,5,5148.93,20.0,20595.72,17738.75,2856.97,Cash,Completed
O002288,2025-10-05,C00347,P0001,Electronics Product 001,Electronics,South,Bengaluru,3,4907.86,,12515.04,11778.87,736.17,Cash,Completed
O002289,2025-04-23,C00250,P0055,Sports Product 055,Sports,Central,Nagpur,2,1679.4,0.0,3358.8,2687.04,671.76,Net Banking,Completed
O002290,2025-07-31,C00490,P0070,Sports Product 070,Sports,East,Kolkata,5,4336.1,15.0,18428.42,17344.4,1084.02,Card,Completed
O002291,2025-03-14,C00340,P0064,Beauty Product 064,Beauty,West,Ahmedabad,5,7994.51,15.0,33976.67,7483.45,26493.22,Net Banking,Returned
O002292,2025-11-09,C00102,P0089,Beauty Product 089,Beauty,North,Chandigarh,3,5780.76,15.0,14740.94,13873.83,867.11,Cash,Completed
O002293,2025-01-31,C00499,P0069,Beauty Product 069,Beauty,West,Ahmedabad,4,2337.25,10.0,8414.1,1264.8,7149.3,Cash,Completed
O002294,2025-09-28,C00350,P0046,Electronics Product 046,Electronics,East,Bhubaneswar,4,8168.47,10.0,29406.49,1433.28,27973.21,Cash,Completed
O002295,2025-07-06,C00202,P0054,Beauty Product 054,Beauty,North,Delhi,3,4876.35,0.0,14629.05,11703.24,2925.81,Net Banking,Completed
O002296,2025-10-03,C00210,P0034,Beauty Product 034,Beauty,East,Kolkata,5,7768.65,10.0,34958.93,24095.05,10863.88,Card,Cancelled
O002297,2025-06-14,C00210,P0060,Sports Product 060,Sports,East,Kolkata,3,7633.42,15.0,19465.22,14891.34,4573.88,Net Banking,Completed
O002298,2025-02-27,C00391,P0014,Beauty Product 014,Beauty,North,Chandigarh,1,4289.52,10.0,3860.57,3431.62,428.95,Net Banking,Completed
O002299,2025-10-01,C00168,P0096,Electronics Product 096,Electronics,South,Chennai,4,2784.06,5.0,10579.43,8909.0,1670.43,Card,Completed
O002300,2025-08-18,C00399,P0094,Beauty Product 094,Beauty,North,Jaipur,2,5366.1,20.0,8585.76,8585.76,0.0,Cash,Completed
O002301,2025-06-19,C00338,P0043,Fashion Product 043,Fashion,Central,Bhopal,1,2271.05,0.0,2271.05,1816.84,454.21,Card,Completed
O002302,2025-05-16,C00461,P0081,Electronics Product 081,Electronics,West,Mumbai,5,6874.54,0.0,34372.7,20948.95,13423.75,Card,Completed
O002303,2025-05-06,C00497,P0062,Home Product 062,Home,South,Bengaluru,4,6676.1,10.0,24033.96,7002.64,17031.32,UPI,Completed
O002304,2025-06-25,C00377,P0058,Fashion Product 058,Fashion,East,Bhubaneswar,5,3370.65,5.0,16010.59,13482.6,2527.99,Cash,Completed
O002305,2025-04-06,C00062,P0046,Electronics Product 046,Electronics,Central,Bhopal,2,8168.47,0.0,16336.94,716.64,15620.3,Wallet,Completed
O002306,2025-04-13,C00225,P0097,Home Product 097,Home,East,Guwahati,2,3422.29,10.0,6160.12,5475.66,684.46,Cash,Completed
O002307,2025-04-12,C00422,P0008,Fashion Product 008,Fashion,South,Bengaluru,1,8265.58,0.0,8265.58,1934.0,6331.58,Net Banking,Pending
O002308,2025-01-05,C00499,P0043,Fashion Product 043,Fashion,West,Ahmedabad,2,2271.05,10.0,4087.89,3633.68,454.21,UPI,Completed
O002309,2025-12-04,C00295,P0061,Electronics Product 061,Electronics,West,Mumbai,3,7647.57,5.0,21795.57,13443.78,8351.79,Net Banking,Completed
O002310,2025-03-28,C00314,P0035,Sports Product 035,Sports,Central,Nagpur,1,8253.41,15.0,7015.4,1512.88,5502.52,Cash,Cancelled
O002311,2025-03-02,C00134,P0098,Fashion Product 098,Fashion,Central,Nagpur,1,7898.73,15.0,6713.92,496.82,6217.1,Net Banking,Completed
O002312,2025-02-25,C00042,P0058,Fashion Product 058,Fashion,North,Chandigarh,5,3370.65,15.0,14325.26,13482.6,842.66,Net Banking,Returned
O002313,2025-12-26,C00059,P0015,Sports Product 015,Sports,Central,Indore,1,4470.33,10.0,4023.3,3576.26,447.04,Wallet,Completed
O002314,2025-06-23,C00101,P0016,Electronics Product 016,Electronics,South,Hyderabad,5,5090.79,10.0,22908.56,20363.15,2545.4,Net Banking,Completed
O002315,2025-04-29,C00006,P0026,Electronics Product 026,Electronics,South,Chennai,5,2848.75,20.0,11395.0,7932.85,3462.15,Cash,Cancelled
O002316,2025-05-28,C00430,P0094,Beauty Product 094,Beauty,East,Kolkata,4,5366.1,5.0,20391.18,17171.52,3219.66,Cash,Completed
O002317,2025-02-02,C00108,P0093,Fashion Product 093,Fashion,East,Bhubaneswar,1,4536.21,10.0,4082.59,1760.46,2322.13,Cash,Completed
O002318,2025-04-25,C00070,P0029,Beauty Product 029,Beauty,South,Chennai,5,1220.38,10.0,5491.71,1789.4,3702.31,Cash,Completed
O002319,2025-04-01,C00378,P0056,Electronics Product 056,Electronics,East,Guwahati,4,7138.32,0.0,28553.28,8047.52,20505.76,Cash,Completed
O002320,2025-10-20,C00385,P0005,Sports Product 005,Sports,West,Mumbai,3,7082.09,10.0,19121.64,9925.08,9196.56,Cash,Completed
O002321,2025-01-22,C00330,P0034,Beauty Product 034,Beauty,East,Guwahati,4,7768.65,10.0,27967.14,19276.04,8691.1,Wallet,Cancelled
O002322,2025-06-04,C00337,P0045,Sports Product 045,Sports,North,,4,3762.55,5.0,14297.69,12040.16,2257.53,Net Banking,Completed
O002323,2025-10-15,C00381,P0066,Electronics Product 066,Electronics,West,Ahmedabad,1,5295.06,15.0,4500.8,1101.52,3399.28,Card,Completed
O002324,2025-10-31,C00414,P0013,Fashion Product 013,Fashion,North,Chandigarh,5,4305.64,15.0,18298.97,4335.65,13963.32,Card,Cancelled
O002325,2025-07-06,C00394,P0093,Fashion Product 093,Fashion,North,Chandigarh,2,4536.21,10.0,8165.18,3520.92,4644.26,Wallet,Completed
O002326,2025-03-22,C00027,P0038,Fashion Product 038,Fashion,East,Guwahati,2,2947.65,0.0,5895.3,2422.46,3472.84,UPI,Completed
O002327,2025-05-03,C00495,P0010,Sports Product 010,Sports,East,Guwahati,1,1734.32,10.0,1560.89,458.07,1102.82,Wallet,Completed
O002328,2025-03-22,C00324,P0086,Electronics Product 086,Electronics,West,Pune,3,7032.55,5.0,20042.77,11380.71,8662.06,UPI,Completed
O002329,2025-08-29,C00348,P0093,Fashion Product 093,Fashion,North,Jaipur,3,4536.21,20.0,10886.9,5281.38,5605.52,Cash,Completed
O002330,2025-04-17,C00354,P0022,Home Product 022,Home,South,Bengaluru,1,5577.75,0.0,5577.75,3883.74,1694.01,Cash,Completed
O002331,2025-08-18,C00478,P0040,Sports Product 040,Sports,East,Bhubaneswar,2,4584.31,10.0,8251.76,7334.9,916.86,Net Banking,Cancelled
O002332,2025-08-27,C00203,P0081,Electronics Product 081,Electronics,North,Chandigarh,1,6874.54,15.0,5843.36,4189.79,1653.57,Cash,Completed
O002333,2025-12-09,C00452,P0015,Sports Product 015,Sports,West,Ahmedabad,2,4470.33,15.0,7599.56,7152.52,447.04,Card,Completed
O002334,2025-05-15,C00060,P0022,Home Product 022,Home,West,Ahmedabad,1,5577.75,0.0,5577.75,3883.74,1694.01,Card,Completed
O002335,2025-12-16,C00333,P0062,Home Product 062,Home,Central,Bhopal,4,6676.1,10.0,24033.96,7002.64,17031.32,Card,Completed
O002336,2025-05-26,C00397,P0063,Fashion Product 063,Fashion,East,Guwahati,4,2531.09,20.0,8099.49,8099.48,0.01,Net Banking,Completed
O002337,2025-09-05,C00202,P0009,Beauty Product 009,Beauty,North,Delhi,4,4934.15,5.0,18749.77,15789.28,2960.49,Wallet,Completed
O002338,2025-08-29,C00453,P0027,Home Product 027,Home,North,Delhi,3,6771.19,5.0,19297.89,8687.7,10610.19,Cash,Completed
O002339,2025-10-25,C00497,P0067,Home Product 067,Home,South,Bengaluru,4,2982.59,5.0,11333.84,4732.24,6601.6,UPI,Completed
O002340,2025-06-20,C00244,P0077,Home Product 077,Home,North,Delhi,1,4076.73,5.0,3872.89,3261.38,611.51,Wallet,Returned
O002341,2025-10-16,C00118,P0031,Electronics Product 031,Electronics,South,Chennai,2,6070.56,0.0,12141.12,1946.96,10194.16,Net Banking,Completed
O002342,2025-05-10,C00071,P0015,Sports Product 015,Sports,East,Guwahati,3,4470.33,15.0,11399.34,10728.78,670.56,Net Banking,Pending
O002343,2025-06-28,C00423,P0046,Electronics Product 046,Electronics,South,Chennai,1,8168.47,10.0,7351.62,358.32,6993.3,Wallet,Completed
O002344,2025-07-01,C00106,P0079,Beauty Product 079,Beauty,South,Chennai,5,6934.89,5.0,32940.73,23409.3,9531.43,Card,Completed
O002345,2025-09-14,C00204,P0051,Electronics Product 051,Electronics,Central,Bhopal,1,7669.29,15.0,6518.9,4174.89,2344.01,Cash,Completed
O002346,2025-08-14,C00493,P0032,Home Product 032,Home,West,Pune,4,2912.1,15.0,9901.14,8239.4,1661.74,Net Banking,Cancelled
O002347,2025-01-29,C00436,P0089,Beauty Product 089,Beauty,East,Kolkata,2,5780.76,10.0,10405.37,9249.22,1156.15,Card,Completed
O002348,2025-10-22,C00251,P0100,Sports Product 100,Sports,North,Jaipur,3,6735.82,20.0,16165.97,12178.86,3987.11,Card,Returned
O002349,2025-10-03,C00002,P0011,Electronics Product 011,Electronics,East,Guwahati,3,8240.08,15.0,21012.2,11362.86,9649.34,UPI,Completed
O002350,2025-02-08,C00329,P0063,Fashion Product 063,Fashion,East,Bhubaneswar,4,2531.09,0.0,10124.36,8099.48,2024.88,Wallet,Returned
O002351,2025-12-17,C00169,P0063,Fashion Product 063,Fashion,West,Mumbai,5,2531.09,20.0,10124.36,10124.35,0.01,UPI,Completed
O002352,2025-08-29,C00496,P0065,Sports Product 065,Sports,Central,Nagpur,3,7148.9,10.0,19302.03,2499.3,16802.73,Card,Completed
O002353,2025-01-31,C00319,P0062,Home Product 062,Home,East,Guwahati,1,6676.1,10.0,6008.49,1750.66,4257.83,Cash,Completed
O002354,2025-06-28,C00288,P0032,Home Product 032,Home,North,Jaipur,1,2912.1,15.0,2475.28,2059.85,415.43,UPI,Completed
O002355,2025-11-01,C00309,P0097,Home Product 097,Home,West,Ahmedabad,5,3422.29,15.0,14544.73,13689.15,855.58,Card,Completed
O002356,2025-04-12,C00056,P0022,Home Product 022,Home,West,Ahmedabad,2,5577.75,0.0,11155.5,7767.48,3388.02,Wallet,Completed
O002357,2025-12-06,C00465,P0059,Beauty Product 059,Beauty,East,Bhubaneswar,5,1289.86,10.0,5804.37,5159.45,644.92,Card,Returned
O002358,2025-06-02,C00292,P0036,Electronics Product 036,Electronics,North,Delhi,5,4569.04,15.0,19418.42,18276.15,1142.27,Wallet,Returned
O002359,2025-03-24,C00460,P0080,Sports Product 080,Sports,North,Jaipur,4,4972.04,15.0,16904.94,15910.52,994.42,UPI,Completed
O002360,2025-05-10,C00362,P0007,Home Product 007,Home,North,Jaipur,3,5553.32,0.0,16659.96,12543.75,4116.21,Card,Completed
O002361,2025-07-11,C00402,P0009,Beauty Product 009,Beauty,West,Pune,2,4934.15,0.0,9868.3,7894.64,1973.66,UPI,Pending
O002362,2025-09-08,C00273,P0043,Fashion Product 043,Fashion,Central,Bhopal,4,2271.05,10.0,8175.78,7267.36,908.42,Wallet,Pending
O002363,2025-12-04,C00220,P0004,Beauty Product 004,Beauty,Central,Nagpur,1,3466.38,5.0,3293.06,2389.33,903.73,Net Banking,Returned
O002364,2025-03-12,C00347,P0052,Home Product 052,Home,South,Bengaluru,5,3602.09,15.0,15308.88,14408.35,900.53,Net Banking,Completed
O002365,2025-12-16,C00015,P0073,Fashion Product 073,Fashion,West,Ahmedabad,4,1490.03,0.0,5960.12,3490.08,2470.04,UPI,Returned
O002366,2025-07-12,C00041,P0027,Home Product 027,Home,West,Ahmedabad,5,6771.19,5.0,32163.15,14479.5,17683.65,Cash,Completed
O002367,2025-02-16,C00073,P0025,Sports Product 025,Sports,West,Pune,3,5379.58,5.0,15331.8,12910.98,2420.82,Card,Completed
O002368,2025-12-04,C00316,P0065,Sports Product 065,Sports,North,Delhi,1,7148.9,5.0,6791.45,833.1,5958.35,Cash,Completed
O002369,2025-05-08,C00159,P0078,Fashion Product 078,Fashion,East,,3,8229.86,10.0,22220.62,6722.37,15498.25,Net Banking,Completed
O002370,2025-08-14,C00164,P0079,Beauty Product 079,Beauty,Central,Nagpur,4,6934.89,5.0,26352.58,18727.44,7625.14,Card,Completed
O002371,2025-09-12,C00338,P0065,Sports Product 065,Sports,Central,Bhopal,5,7148.9,20.0,28595.6,4165.5,24430.1,Wallet,Cancelled
O002372,2025-01-05,C00130,P0078,Fashion Product 078,Fashion,South,Hyderabad,1,8229.86,10.0,7406.87,2240.79,5166.08,Wallet,Completed
O002373,2025-03-22,C00305,P0020,Sports Product 020,Sports,South,Chennai,3,3689.4,15.0,9407.97,8854.56,553.41,Cash,Cancelled
O002374,2025-09-07,C00180,P0073,Fashion Product 073,Fashion,North,Jaipur,3,1490.03,20.0,3576.07,2617.56,958.51,Cash,Pending
O002375,2025-04-29,C00398,P0089,Beauty Product 089,Beauty,South,Bengaluru,2,5780.76,10.0,10405.37,9249.22,1156.15,Net Banking,Returned
O002376,2025-01-04,C00395,P0074,Beauty Product 074,Beauty,South,Bengaluru,1,2907.59,5.0,2762.21,2138.5,623.71,Wallet,Completed
O002377,2025-01-09,C00219,P0035,Sports Product 035,Sports,North,Jaipur,5,8253.41,0.0,41267.05,7564.4,33702.65,Card,Completed
O002378,2025-10-28,C00275,P0036,Electronics Product 036,Electronics,West,Mumbai,3,4569.04,0.0,13707.12,10965.69,2741.43,UPI,Completed
O002379,2025-02-25,C00031,P0062,Home Product 062,Home,South,Chennai,5,6676.1,15.0,28373.42,8753.3,19620.12,Cash,Completed
O002380,2025-02-06,C00323,P0099,Beauty Product 099,Beauty,South,Chennai,4,7721.23,10.0,27796.43,17027.92,10768.51,UPI,Completed
O002381,2025-07-24,C00319,P0072,Home Product 072,Home,East,Guwahati,2,6223.26,0.0,12446.52,8139.18,4307.34,Cash,Pending
O002382,2025-02-13,C00457,P0084,Beauty Product 084,Beauty,West,Ahmedabad,1,5715.45,10.0,5143.9,2272.94,2870.96,Cash,Completed
O002383,2025-07-18,C00072,P0074,Beauty Product 074,Beauty,East,Bhubaneswar,2,2907.59,15.0,4942.9,4277.0,665.9,Cash,Completed
O002384,2025-08-25,C00230,P0065,Sports Product 065,Sports,East,Bhubaneswar,4,7148.9,15.0,24306.26,3332.4,20973.86,Card,Returned
O002385,2025-06-28,C00038,P0015,Sports Product 015,Sports,South,Bengaluru,2,4470.33,15.0,7599.56,7152.52,447.04,Card,Completed
O002386,2025-10-11,C00172,P0090,Sports Product 090,Sports,Central,Bhopal,3,1423.92,0.0,4271.76,2938.98,1332.78,Cash,Completed
O002387,2025-08-23,C00431,P0044,Beauty Product 044,Beauty,West,Mumbai,1,3801.64,0.0,3801.64,3041.31,760.33,Cash,Completed
O002388,2025-06-01,C00133,P0100,Sports Product 100,Sports,North,Jaipur,2,6735.82,5.0,12798.06,8119.24,4678.82,Net Banking,Completed
O002389,2025-01-06,C00333,P0065,Sports Product 065,Sports,Central,Bhopal,4,7148.9,10.0,25736.04,3332.4,22403.64,UPI,Completed
O002390,2025-04-10,C00130,P0002,Home Product 002,Home,South,Hyderabad,1,4453.12,15.0,3785.15,3562.5,222.65,Cash,Completed
O002391,2025-02-17,C00051,P0012,Home Product 012,Home,South,Chennai,3,4256.45,0.0,12769.35,6029.04,6740.31,Card,Completed
O002392,2025-01-06,C00296,P0054,Beauty Product 054,Beauty,East,Kolkata,5,4876.35,0.0,24381.75,19505.4,4876.35,Cash,Completed
O002393,2025-04-10,C00491,P0058,Fashion Product 058,Fashion,East,Guwahati,1,3370.65,10.0,3033.59,2696.52,337.07,Net Banking,Pending
O002394,2025-03-17,C00286,P0087,Home Product 087,Home,West,Ahmedabad,5,5255.47,15.0,22335.75,2830.75,19505.0,Net Banking,Returned
O002395,2025-01-28,C00419,P0040,Sports Product 040,Sports,East,Bhubaneswar,2,4584.31,10.0,8251.76,7334.9,916.86,UPI,Cancelled
O002396,2025-04-24,C00228,P0077,Home Product 077,Home,Central,Bhopal,5,4076.73,0.0,20383.65,16306.9,4076.75,Wallet,Completed
O002397,2025-07-04,C00432,P0073,Fashion Product 073,Fashion,South,Bengaluru,4,1490.03,15.0,5066.1,3490.08,1576.02,Card,Pending
O002398,2025-03-06,C00460,P0019,Beauty Product 019,Beauty,North,Jaipur,3,6745.83,10.0,18213.74,10798.62,7415.12,Wallet,Completed
O002399,2025-04-10,C00257,P0098,Fashion Product 098,Fashion,West,Pune,3,7898.73,0.0,23696.19,1490.46,22205.73,Wallet,Completed
O002400,2025-01-08,C00401,P0020,Sports Product 020,Sports,South,Chennai,2,3689.4,5.0,7009.86,5903.04,1106.82,Net Banking,Completed
O002401,2025-01-19,C00496,P0054,Beauty Product 054,Beauty,Central,Nagpur,1,4876.35,10.0,4388.72,3901.08,487.64,Card,Completed
O002402,2025-02-27,C00088,P0092,Home Product 092,Home,North,Jaipur,4,5945.72,0.0,23782.88,12231.72,11551.16,Wallet,Completed
O002403,2025-06-14,C00455,P0054,Beauty Product 054,Beauty,East,Kolkata,1,4876.35,5.0,4632.53,3901.08,731.45,Net Banking,Completed
O002404,2025-08-31,C00121,P0088,Fashion Product 088,Fashion,North,Jaipur,4,5208.94,10.0,18752.18,16668.6,2083.58,UPI,Completed
O002405,2025-10-14,C00449,P0017,Home Product 017,Home,West,Mumbai,3,4364.81,0.0,13094.43,10475.55,2618.88,Wallet,Completed
O002406,2025-08-18,C00178,P0095,Sports Product 095,Sports,West,Ahmedabad,4,2495.1,5.0,9481.38,5498.16,3983.22,Cash,Completed
O002407,2025-08-13,C00082,P0014,Beauty Product 014,Beauty,West,Pune,4,4289.52,5.0,16300.18,13726.48,2573.7,UPI,Completed
O002408,2025-12-07,C00388,P0075,Sports Product 075,Sports,Central,Bhopal,2,8144.99,15.0,13846.48,6797.22,7049.26,Net Banking,Completed
O002409,2025-04-04,C00426,P0062,Home Product 062,Home,East,Kolkata,4,6676.1,10.0,24033.96,7002.64,17031.32,Wallet,Pending
O002410,2025-10-18,C00377,P0094,Beauty Product 094,Beauty,East,Bhubaneswar,2,5366.1,10.0,9658.98,8585.76,1073.22,Net Banking,Cancelled
O002411,2025-12-08,C00304,P0096,Electronics Product 096,Electronics,Central,Nagpur,1,2784.06,5.0,2644.86,2227.25,417.61,Wallet,Cancelled
O002412,2025-07-26,C00168,P0037,Home Product 037,Home,South,Chennai,5,7720.82,15.0,32813.49,3539.3,29274.19,UPI,Cancelled
O002413,2025-11-02,C00286,P0028,Fashion Product 028,Fashion,West,Ahmedabad,1,7012.16,10.0,6310.94,2180.34,4130.6,Cash,Completed
O002414,2025-02-20,C00068,P0038,Fashion Product 038,Fashion,Central,Indore,3,2947.65,5.0,8400.8,3633.69,4767.11,Wallet,Pending
O002415,2025-11-16,C00392,P0021,Electronics Product 021,Electronics,North,Delhi,1,4281.14,10.0,3853.03,3424.91,428.12,Wallet,Completed
O002416,2025-07-25,C00354,P0020,Sports Product 020,Sports,South,Bengaluru,2,3689.4,15.0,6271.98,5903.04,368.94,Net Banking,Completed
O002417,2025-03-22,C00395,P0046,Electronics Product 046,Electronics,South,Bengaluru,5,8168.47,0.0,40842.35,1791.6,39050.75,Card,Completed
O002418,2025-01-23,C00141,P0077,Home Product 077,Home,Central,Nagpur,5,4076.73,0.0,20383.65,16306.9,4076.75,Cash,Completed
O002419,2025-09-20,C00345,P0056,Electronics Product 056,Electronics,West,Mumbai,3,7138.32,15.0,18202.72,6035.64,12167.08,Net Banking,Completed
O002420,2025-06-06,C00237,P0012,Home Product 012,Home,West,Ahmedabad,5,4256.45,15.0,18089.91,10048.4,8041.51,UPI,Completed
O002421,2025-04-23,C00022,P0050,Sports Product 050,Sports,South,Bengaluru,4,4011.29,15.0,13638.39,10892.76,2745.63,Net Banking,Pending
O002422,2025-05-23,C00227,P0089,Beauty Product 089,Beauty,East,Kolkata,3,5780.76,10.0,15608.05,13873.83,1734.22,Wallet,Completed
O002423,2025-12-27,C00085,P0049,Beauty Product 049,Beauty,Central,Indore,5,3123.84,10.0,14057.28,12495.35,1561.93,Card,Completed
O002424,2025-06-05,C00321,P0006,Electronics Product 006,Electronics,Central,Nagpur,2,4936.68,0.0,9873.36,2658.76,7214.6,Wallet,Completed
O002425,2025-01-29,C00423,P0061,Electronics Product 061,Electronics,South,Chennai,3,7647.57,0.0,22942.71,13443.78,9498.93,Wallet,Completed
O002426,2025-04-12,C00408,P0058,Fashion Product 058,Fashion,Central,Indore,5,3370.65,5.0,16010.59,13482.6,2527.99,Wallet,Completed
O002427,2025-02-22,C00098,P0088,Fashion Product 088,Fashion,Central,Bhopal,1,5208.94,10.0,4688.05,4167.15,520.9,Net Banking,Returned
O002428,2025-09-07,C00132,P0076,Electronics Product 076,Electronics,North,Jaipur,3,5803.55,5.0,16540.12,13928.52,2611.6,Cash,Completed
O002429,2025-10-19,C00285,P0005,Sports Product 005,Sports,North,Delhi,2,7082.09,20.0,11331.34,6616.72,4714.62,Card,Completed
O002430,2025-11-03,C00403,P0049,Beauty Product 049,Beauty,Central,Bhopal,5,3123.84,0.0,15619.2,12495.35,3123.85,Card,Cancelled
O002431,2025-08-19,C00449,P0045,Sports Product 045,Sports,West,Mumbai,3,3762.55,10.0,10158.89,9030.12,1128.77,Wallet,Completed
O002432,2025-10-07,C00215,P0088,Fashion Product 088,Fashion,Central,Bhopal,5,5208.94,5.0,24742.46,20835.75,3906.71,UPI,Completed
O002433,2025-06-01,C00498,P0060,Sports Product 060,Sports,South,Bengaluru,3,7633.42,0.0,22900.26,14891.34,8008.92,Card,Completed
O002434,2025-08-17,C00440,P0007,Home Product 007,Home,Central,Bhopal,2,5553.32,10.0,9995.98,8362.5,1633.48,Wallet,Completed
O002435,2025-02-08,C00389,P0004,Beauty Product 004,Beauty,West,Mumbai,2,3466.38,10.0,6239.48,4778.66,1460.82,Cash,Completed
O002436,2025-07-15,C00424,P0025,Sports Product 025,Sports,East,Kolkata,3,5379.58,15.0,13717.93,12910.98,806.95,Cash,Completed
O002437,2025-07-22,C00217,P0069,Beauty Product 069,Beauty,East,Kolkata,5,2337.25,10.0,10517.62,1581.0,8936.62,Wallet,Completed
O002438,2025-01-12,C00390,P0062,Home Product 062,Home,West,Pune,2,6676.1,10.0,12016.98,3501.32,8515.66,Wallet,Completed
O002439,2025-07-19,C00086,P0024,Beauty Product 024,Beauty,North,Jaipur,2,2905.51,0.0,5811.02,4648.82,1162.2,Net Banking,Completed
O002440,2025-09-21,C00287,P0016,Electronics Product 016,Electronics,South,Hyderabad,3,5090.79,0.0,15272.37,12217.89,3054.48,Net Banking,Completed
O002441,2025-05-14,C00354,P0055,Sports Product 055,Sports,South,Bengaluru,3,1679.4,20.0,4030.56,4030.56,0.0,Net Banking,Completed
O002442,2025-07-18,C00106,P0087,Home Product 087,Home,South,Chennai,3,5255.47,10.0,14189.77,1698.45,12491.32,Card,Completed
O002443,2025-04-15,C00094,P0093,Fashion Product 093,Fashion,North,Chandigarh,1,4536.21,15.0,3855.78,1760.46,2095.32,Card,Completed
O002444,2025-04-09,C00291,P0002,Home Product 002,Home,East,Bhubaneswar,1,4453.12,0.0,4453.12,3562.5,890.62,Wallet,Completed
O002445,2025-02-17,C00011,P0079,Beauty Product 079,Beauty,North,Jaipur,3,6934.89,15.0,17683.97,14045.58,3638.39,Net Banking,Completed
O002446,2025-04-30,C00474,P0086,Electronics Product 086,Electronics,South,Hyderabad,5,7032.55,,33404.61,18967.85,14436.76,,Pending
O002447,2025-10-20,C00449,P0018,Fashion Product 018,Fashion,West,Mumbai,3,6795.4,15.0,17328.27,854.91,16473.36,Card,Completed
O002448,2025-12-07,C00440,P0007,Home Product 007,Home,Central,Bhopal,1,5553.32,10.0,4997.99,4181.25,816.74,Wallet,Completed
O002449,2025-08-20,C00117,P0084,Beauty Product 084,Beauty,South,Hyderabad,1,5715.45,5.0,5429.68,2272.94,3156.74,Cash,Completed
O002450,2025-08-16,C00357,P0035,Sports Product 035,Sports,Central,Nagpur,4,8253.41,0.0,33013.64,6051.52,26962.12,UPI,Completed
O002451,2025-08-12,C00338,P0043,Fashion Product 043,Fashion,Central,Bhopal,2,2271.05,10.0,4087.89,3633.68,454.21,UPI,Completed
O002452,2025-06-23,C00299,P0062,Home Product 062,Home,Central,Nagpur,1,6676.1,5.0,6342.3,1750.66,4591.64,Wallet,Completed
O002453,2025-06-03,C00207,P0078,Fashion Product 078,Fashion,Central,Bhopal,5,8229.86,10.0,37034.37,11203.95,25830.42,Cash,Completed
O002454,2025-08-15,C00087,P0048,Fashion Product 048,Fashion,Central,Bhopal,2,8002.61,5.0,15204.96,5161.72,10043.24,UPI,Completed
O002455,2025-10-13,C00205,P0011,Electronics Product 011,Electronics,South,Chennai,3,8240.08,15.0,21012.2,11362.86,9649.34,Net Banking,Completed
O002456,2025-05-31,C00222,P0046,Electronics Product 046,Electronics,Central,Nagpur,2,8168.47,0.0,16336.94,716.64,15620.3,Wallet,Completed
O002457,2025-07-25,C00306,P0084,Beauty Product 084,Beauty,West,Mumbai,5,5715.45,0.0,28577.25,11364.7,17212.55,UPI,Completed
O002458,2025-06-21,C00377,P0053,Fashion Product 053,Fashion,East,Bhubaneswar,4,5775.38,5.0,21946.44,6343.44,15603.0,UPI,Cancelled
O002459,2025-04-14,C00046,P0057,Home Product 057,Home,North,Delhi,4,8123.2,0.0,32492.8,7025.64,25467.16,Card,Completed
O002460,2025-04-16,C00126,P0080,Sports Product 080,Sports,Central,Bhopal,1,4972.04,10.0,4474.84,3977.63,497.21,Card,Completed
O002461,2025-01-29,C00091,P0082,Home Product 082,Home,South,Bengaluru,4,5348.13,15.0,18183.64,11084.64,7099.0,UPI,Completed
O002462,2025-06-10,C00473,P0046,Electronics Product 046,Electronics,South,Chennai,4,8168.47,5.0,31040.19,1433.28,29606.91,Cash,Completed
O002463,2025-09-17,C00239,P0018,Fashion Product 018,Fashion,West,Pune,5,6795.4,5.0,32278.15,1424.85,30853.3,UPI,Completed
O002464,2025-09-07,C00442,P0024,Beauty Product 024,Beauty,East,Kolkata,1,2905.51,20.0,2324.41,2324.41,-0.0,Card,Completed
O002465,2025-12-25,C00489,P0054,Beauty Product 054,Beauty,North,Chandigarh,4,4876.35,5.0,18530.13,15604.32,2925.81,Wallet,Returned
O002466,2025-01-15,C00102,P0080,Sports Product 080,Sports,North,Chandigarh,4,4972.04,15.0,16904.94,15910.52,994.42,Net Banking,Pending
O002467,2025-10-04,C00409,P0044,Beauty Product 044,Beauty,South,Hyderabad,1,3801.64,15.0,3231.39,3041.31,190.08,Cash,Completed
O002468,2025-10-17,C00111,P0037,Home Product 037,Home,West,Ahmedabad,5,7720.82,10.0,34743.69,3539.3,31204.39,Card,Completed
O002469,2025-06-08,C00164,P0003,Fashion Product 003,Fashion,Central,Nagpur,5,6788.51,10.0,30548.3,19327.05,11221.25,Cash,Pending
O002470,2025-04-14,C00357,P0087,Home Product 087,Home,Central,Nagpur,5,5255.47,5.0,24963.48,2830.75,22132.73,Cash,Pending
O002471,2025-05-10,C00328,P0048,Fashion Product 048,Fashion,East,Guwahati,5,8002.61,0.0,40013.05,12904.3,27108.75,Net Banking,Completed
O002472,2025-09-06,C00106,P0019,Beauty Product 019,Beauty,South,Chennai,4,6745.83,15.0,22935.82,14398.16,8537.66,UPI,Completed
O002473,2025-11-10,C00464,P0059,Beauty Product 059,Beauty,South,Hyderabad,2,1289.86,15.0,2192.76,2063.78,128.98,Card,Completed
O002474,2025-08-22,C00055,P0035,Sports Product 035,Sports,North,Jaipur,2,8253.41,15.0,14030.8,3025.76,11005.04,Net Banking,Completed
O002475,2025-07-07,C00451,P0050,Sports Product 050,Sports,North,Delhi,2,4011.29,20.0,6418.06,5446.38,971.68,Wallet,Completed
O002476,2025-08-26,C00396,P0044,Beauty Product 044,Beauty,South,Bengaluru,1,3801.64,5.0,3611.56,3041.31,570.25,Net Banking,Pending
O002477,2025-01-26,C00454,P0082,Home Product 082,Home,West,Mumbai,3,5348.13,15.0,13637.73,8313.48,5324.25,Wallet,Cancelled
O002478,2025-08-10,C00221,P0039,Beauty Product 039,Beauty,North,Delhi,1,7352.91,5.0,6985.26,1089.67,5895.59,Cash,Cancelled
O002479,2025-01-16,C00475,P0086,Electronics Product 086,Electronics,South,Chennai,4,7032.55,10.0,25317.18,15174.28,10142.9,Cash,Completed
O002480,2025-12-16,C00193,P0082,Home Product 082,Home,West,Mumbai,2,5348.13,10.0,9626.63,5542.32,4084.31,Card,Completed
O002481,2025-11-20,C00181,P0067,Home Product 067,Home,North,Delhi,5,2982.59,10.0,13421.66,5915.3,7506.36,Wallet,Completed
O002482,2025-07-05,C00434,P0018,Fashion Product 018,Fashion,North,Chandigarh,5,6795.4,0.0,33977.0,1424.85,32552.15,Wallet,Completed
O002483,2025-05-17,C00323,P0087,Home Product 087,Home,South,Chennai,2,5255.47,15.0,8934.3,1132.3,7802.0,Wallet,Pending
O002484,2025-09-24,C00058,P0041,Electronics Product 041,Electronics,Central,Bhopal,1,5698.77,10.0,5128.89,3024.47,2104.42,UPI,Cancelled
O002485,2025-08-21,C00217,P0059,Beauty Product 059,Beauty,East,Kolkata,1,1289.86,5.0,1225.37,1031.89,193.48,Card,Returned
O002486,2025-09-14,C00218,P0066,Electronics Product 066,Electronics,South,Hyderabad,5,5295.06,15.0,22504.01,5507.6,16996.4,Cash,Completed
O002487,2025-07-07,C00037,P0052,Home Product 052,Home,Central,Bhopal,5,3602.09,15.0,15308.88,14408.35,900.53,UPI,Pending
O002488,2025-03-28,C00497,P0081,Electronics Product 081,Electronics,South,Bengaluru,5,6874.54,0.0,34372.7,20948.95,13423.75,Card,Returned
O002489,2025-01-27,C00343,P0030,Sports Product 030,Sports,Central,Indore,3,3054.9,0.0,9164.7,7331.76,1832.94,Wallet,Completed
O002490,2025-04-14,C00421,P0051,Electronics Product 051,Electronics,East,Kolkata,5,7669.29,15.0,32594.48,20874.45,11720.03,Net Banking,Completed
O002491,2025-07-12,C00317,P0005,Sports Product 005,Sports,North,Jaipur,1,7082.09,15.0,6019.78,3308.36,2711.42,Cash,Completed
O002492,2025-06-04,C00074,P0018,Fashion Product 018,Fashion,North,Delhi,3,6795.4,10.0,18347.58,854.91,17492.67,UPI,Completed
O002493,2025-07-04,C00385,P0057,Home Product 057,Home,West,Mumbai,4,8123.2,0.0,32492.8,7025.64,25467.16,Wallet,Completed
O002494,2025-04-12,C00489,P0037,Home Product 037,Home,North,Chandigarh,2,7720.82,15.0,13125.39,1415.72,11709.67,Wallet,Pending
O002495,2025-12-08,C00418,P0032,Home Product 032,Home,West,Pune,1,2912.1,15.0,2475.28,2059.85,415.43,UPI,Completed
O002496,2025-05-14,C00226,P0019,Beauty Product 019,Beauty,West,Mumbai,2,6745.83,10.0,12142.49,7199.08,4943.41,Cash,Pending
O002497,2025-11-05,C00279,P0022,Home Product 022,Home,West,Mumbai,3,5577.75,20.0,13386.6,11651.22,1735.38,Cash,Completed
O002498,2025-05-23,C00331,P0072,Home Product 072,Home,North,Delhi,5,6223.26,5.0,29560.49,20347.95,9212.53,Card,Completed
O002499,2025-06-11,C00247,P0064,Beauty Product 064,Beauty,East,Bhubaneswar,4,7994.51,0.0,31978.04,5986.76,25991.28,Wallet,Completed
O002500,2025-08-08,C00136,P0043,Fashion Product 043,Fashion,East,Kolkata,3,2271.05,5.0,6472.49,5450.52,1021.97,Cash,Pending
O002501,2025-04-06,C00417,P0047,Home Product 047,Home,West,Pune,2,4959.99,5.0,9423.98,7935.98,1488.0,Cash,Cancelled
O002502,2025-03-22,C00267,P0100,Sports Product 100,Sports,Central,Nagpur,1,6735.82,10.0,6062.24,4059.62,2002.62,UPI,Returned
O002503,2025-05-19,C00349,P0007,Home Product 007,Home,Central,Indore,3,5553.32,10.0,14993.96,12543.75,2450.21,Card,Completed
O002504,2025-10-20,C00110,P0028,Fashion Product 028,Fashion,North,Delhi,1,7012.16,15.0,5960.34,2180.34,3780.0,Net Banking,Completed
O002505,2025-02-22,C00249,P0050,Sports Product 050,Sports,North,Jaipur,5,4011.29,0.0,20056.45,13615.95,6440.5,Cash,Completed
O002506,2025-06-09,C00197,P0018,Fashion Product 018,Fashion,East,Kolkata,4,6795.4,0.0,27181.6,1139.88,26041.72,Net Banking,Completed
O002507,2025-09-02,C00308,P0080,Sports Product 080,Sports,North,Jaipur,3,4972.04,10.0,13424.51,11932.89,1491.62,Wallet,Completed
O002508,2025-09-15,C00004,P0006,Electronics Product 006,Electronics,North,Jaipur,4,4936.68,10.0,17772.05,5317.52,12454.53,Wallet,Returned
O002509,2025-06-08,C00326,P0057,Home Product 057,Home,West,Ahmedabad,1,8123.2,10.0,7310.88,1756.41,5554.47,Net Banking,Completed
O002510,2025-01-30,C00073,P0037,Home Product 037,Home,West,Pune,5,7720.82,20.0,30883.28,3539.3,27343.98,Card,Returned
O002511,2025-01-06,C00282,P0032,Home Product 032,Home,Central,Nagpur,1,2912.1,20.0,2329.68,2059.85,269.83,UPI,Completed
O002512,2025-06-21,C00280,P0084,Beauty Product 084,Beauty,South,Chennai,3,5715.45,15.0,14574.4,6818.82,7755.58,UPI,Completed
O002513,2025-10-22,C00123,P0032,Home Product 032,Home,East,Bhubaneswar,4,2912.1,0.0,11648.4,8239.4,3409.0,Wallet,Completed
O002514,2025-01-11,C00054,P0012,Home Product 012,Home,North,Delhi,4,4256.45,5.0,16174.51,8038.72,8135.79,Card,Completed
O002515,2025-11-20,C00118,P0051,Electronics Product 051,Electronics,South,Chennai,1,7669.29,10.0,6902.36,4174.89,2727.47,Net Banking,Completed
O002516,2025-09-04,C00143,P0011,Electronics Product 011,Electronics,North,Chandigarh,3,8240.08,10.0,22248.22,11362.86,10885.36,Wallet,Pending
O002517,2025-01-03,C00437,P0039,Beauty Product 039,Beauty,South,Chennai,1,7352.91,15.0,6249.97,1089.67,5160.3,Cash,Completed
O002518,2025-05-06,C00055,P0027,Home Product 027,Home,North,Jaipur,3,6771.19,5.0,19297.89,8687.7,10610.19,Card,Pending
O002519,2025-03-22,C00335,P0046,Electronics Product 046,Electronics,North,Chandigarh,4,8168.47,10.0,29406.49,1433.28,27973.21,Card,Completed
O002520,2025-12-12,C00209,P0098,Fashion Product 098,Fashion,West,Pune,1,7898.73,15.0,6713.92,496.82,6217.1,Wallet,Completed
O002521,2025-07-21,C00121,P0023,Fashion Product 023,Fashion,North,Jaipur,1,3632.79,5.0,3451.15,2906.23,544.92,Wallet,Completed
O002522,2025-04-28,C00263,P0033,Fashion Product 033,Fashion,South,Bengaluru,3,2460.76,15.0,6274.94,5905.83,369.11,Cash,Completed
O002523,2025-04-12,C00225,P0094,Beauty Product 094,Beauty,East,Guwahati,1,5366.1,10.0,4829.49,4292.88,536.61,Card,Completed
O002524,2025-07-25,C00420,P0010,Sports Product 010,Sports,Central,Indore,4,1734.32,15.0,5896.69,1832.28,4064.41,Card,Completed
O002525,2025-01-02,C00147,P0022,Home Product 022,Home,West,Mumbai,4,5577.75,15.0,18964.35,15534.96,3429.39,Net Banking,Completed
O002526,2025-04-04,C00187,P0032,Home Product 032,Home,West,Ahmedabad,4,2912.1,5.0,11065.98,8239.4,2826.58,Cash,Completed
O002527,2025-03-02,C00153,P0063,Fashion Product 063,Fashion,South,Chennai,2,2531.09,10.0,4555.96,4049.74,506.22,Cash,Completed
O002528,2025-08-14,C00272,P0044,Beauty Product 044,Beauty,East,Bhubaneswar,1,3801.64,10.0,3421.48,3041.31,380.17,Net Banking,Completed
O002529,2025-09-01,C00339,P0019,Beauty Product 019,Beauty,Central,Indore,4,6745.83,10.0,24284.99,14398.16,9886.83,Net Banking,Completed
O002530,2025-06-20,C00346,P0055,Sports Product 055,Sports,Central,Bhopal,2,1679.4,15.0,2854.98,2687.04,167.94,Cash,Completed
O002531,2025-02-20,C00215,P0014,Beauty Product 014,Beauty,Central,Bhopal,4,4289.52,15.0,14584.37,13726.48,857.89,Card,Completed
O002532,2025-05-15,C00453,P0027,Home Product 027,Home,North,Delhi,1,6771.19,20.0,5416.95,2895.9,2521.05,Wallet,Completed
O002533,2025-11-03,C00185,P0068,Fashion Product 068,Fashion,East,Kolkata,4,6082.72,5.0,23114.34,19464.72,3649.62,Wallet,Pending
O002534,2025-03-16,C00008,P0061,Electronics Product 061,Electronics,Central,Indore,1,7647.57,20.0,6118.06,4481.26,1636.8,Net Banking,Returned
O002535,2025-03-01,C00031,P0090,Sports Product 090,Sports,South,Chennai,5,1423.92,5.0,6763.62,4898.3,1865.32,Card,Completed
O002536,2025-02-10,C00119,P0059,Beauty Product 059,Beauty,North,Jaipur,4,1289.86,0.0,5159.44,4127.56,1031.88,Cash,Completed
O002537,2025-10-25,C00335,P0087,Home Product 087,Home,North,Chandigarh,1,5255.47,0.0,5255.47,566.15,4689.32,Net Banking,Completed
O002538,2025-02-13,C00139,P0072,Home Product 072,Home,Central,Bhopal,1,6223.26,0.0,6223.26,4069.59,2153.67,Card,Returned
O002539,2025-07-31,C00105,P0031,Electronics Product 031,Electronics,North,Jaipur,3,6070.56,5.0,17301.1,2920.44,14380.66,Net Banking,Completed
O002540,2025-12-30,C00220,P0018,Fashion Product 018,Fashion,Central,Nagpur,2,6795.4,0.0,13590.8,569.94,13020.86,Cash,Completed
O002541,2025-08-22,C00489,P0003,Fashion Product 003,Fashion,North,Chandigarh,2,6788.51,15.0,11540.47,7730.82,3809.65,UPI,Completed
O002542,2025-05-31,C00490,P0007,Home Product 007,Home,East,Kolkata,4,5553.32,15.0,18881.29,16725.0,2156.29,Card,Pending
O002543,2025-03-17,C00335,P0019,Beauty Product 019,Beauty,North,Chandigarh,5,6745.83,20.0,26983.32,17997.7,8985.62,Cash,Completed
O002544,2025-01-01,C00373,P0081,Electronics Product 081,Electronics,South,,5,6874.54,15.0,29216.79,20948.95,8267.84,Card,Completed
O002545,2025-02-26,C00241,P0022,Home Product 022,Home,North,Chandigarh,5,5577.75,0.0,27888.75,19418.7,8470.05,Cash,Completed
O002546,2025-12-13,C00482,P0078,Fashion Product 078,Fashion,South,Bengaluru,4,8229.86,0.0,32919.44,8963.16,23956.28,Net Banking,Completed
O002547,2025-02-22,C00028,P0073,Fashion Product 073,Fashion,East,Kolkata,5,1490.03,0.0,7450.15,4362.6,3087.55,Net Banking,Completed
O002548,2025-01-08,C00304,P0011,Electronics Product 011,Electronics,Central,Nagpur,1,8240.08,20.0,6592.06,3787.62,2804.44,Card,Completed
O002549,2025-10-25,C00295,P0013,Fashion Product 013,Fashion,West,Mumbai,5,4305.64,5.0,20451.79,4335.65,16116.14,Card,Completed
O002550,2025-06-02,C00261,P0023,Fashion Product 023,Fashion,South,Bengaluru,2,3632.79,15.0,6175.74,5812.46,363.28,Wallet,Completed
O002551,2025-05-10,C00152,P0064,Beauty Product 064,Beauty,East,Guwahati,3,7994.51,15.0,20386.0,4490.07,15895.93,Net Banking,Completed
O002552,2025-09-19,C00160,P0037,Home Product 037,Home,Central,Indore,3,7720.82,10.0,20846.21,2123.58,18722.63,Net Banking,Completed
O002553,2025-07-10,C00395,P0074,Beauty Product 074,Beauty,South,Bengaluru,3,2907.59,0.0,8722.77,6415.5,2307.27,Cash,Completed
O002554,2025-11-29,C00233,P0073,Fashion Product 073,Fashion,North,Chandigarh,2,1490.03,0.0,2980.06,1745.04,1235.02,Cash,Completed
O002555,2025-06-20,C00499,P0093,Fashion Product 093,Fashion,West,Ahmedabad,2,4536.21,0.0,9072.42,3520.92,5551.5,Card,Completed
O002556,2025-09-17,C00217,P0058,Fashion Product 058,Fashion,East,Kolkata,5,3370.65,10.0,15167.93,13482.6,1685.33,Net Banking,Completed
O002557,2025-11-16,C00010,P0001,Electronics Product 001,Electronics,West,Mumbai,2,4907.86,0.0,9815.72,7852.58,1963.14,Card,Completed
O002558,2025-06-18,C00030,P0062,Home Product 062,Home,East,Guwahati,5,6676.1,10.0,30042.45,8753.3,21289.15,UPI,Returned
O002559,2025-04-14,C00385,P0021,Electronics Product 021,Electronics,West,Mumbai,3,4281.14,0.0,12843.42,10274.73,2568.69,Cash,Returned
O002560,2025-12-21,C00048,P0052,Home Product 052,Home,South,Hyderabad,3,3602.09,10.0,9725.64,8645.01,1080.63,Card,Completed
O002561,2025-03-24,C00026,P0047,Home Product 047,Home,Central,Indore,1,4959.99,10.0,4463.99,3967.99,496.0,Cash,Completed
O002562,2025-01-15,C00046,P0090,Sports Product 090,Sports,North,Delhi,1,1423.92,10.0,1281.53,979.66,301.87,Cash,Completed
O002563,2025-07-30,C00493,P0001,Electronics Product 001,Electronics,West,Pune,4,4907.86,5.0,18649.87,15705.16,2944.71,Cash,Completed
O002564,2025-12-26,C00461,P0085,Sports Product 085,Sports,West,Mumbai,4,3007.51,15.0,10225.53,9624.04,601.49,UPI,Cancelled
O002565,2025-02-01,C00365,P0069,Beauty Product 069,Beauty,West,Ahmedabad,5,2337.25,10.0,10517.62,1581.0,8936.62,,Completed
O002566,2025-11-06,C00057,P0030,Sports Product 030,Sports,West,Ahmedabad,5,3054.9,0.0,15274.5,12219.6,3054.9,Cash,Completed
O002567,2025-10-30,C00430,P0095,Sports Product 095,Sports,East,Kolkata,4,2495.1,5.0,9481.38,5498.16,3983.22,Cash,Completed
O002568,2025-12-05,C00115,P0096,Electronics Product 096,Electronics,Central,Indore,2,2784.06,15.0,4732.9,4454.5,278.4,Cash,Completed
O002569,2025-06-03,C00118,P0028,Fashion Product 028,Fashion,South,Chennai,5,7012.16,15.0,29801.68,10901.7,18899.98,Wallet,Completed
O002570,2025-04-03,C00002,P0011,Electronics Product 011,Electronics,East,Guwahati,2,8240.08,5.0,15656.15,7575.24,8080.91,Net Banking,Completed
O002571,2025-07-06,C00328,P0062,Home Product 062,Home,East,Guwahati,3,6676.1,5.0,19026.89,5251.98,13774.91,UPI,Completed
O002572,2025-02-21,C00175,P0086,Electronics Product 086,Electronics,West,Ahmedabad,2,7032.55,20.0,11252.08,7587.14,3664.94,UPI,Completed
O002573,2025-11-03,C00405,P0083,Fashion Product 083,Fashion,West,Mumbai,5,3893.45,5.0,18493.89,15573.8,2920.09,Net Banking,Completed
O002574,2025-08-30,C00032,P0030,Sports Product 030,Sports,East,Bhubaneswar,1,3054.9,10.0,2749.41,2443.92,305.49,Card,Cancelled
O002575,2025-06-25,C00285,P0056,Electronics Product 056,Electronics,North,Delhi,2,7138.32,0.0,14276.64,4023.76,10252.88,UPI,Completed
O002576,2025-07-07,C00027,P0036,Electronics Product 036,Electronics,East,Guwahati,5,4569.04,15.0,19418.42,18276.15,1142.27,UPI,Completed
O002577,2025-09-17,C00246,P0080,Sports Product 080,Sports,Central,Indore,2,4972.04,0.0,9944.08,7955.26,1988.82,Cash,Pending
O002578,2025-07-10,C00084,P0043,Fashion Product 043,Fashion,Central,Nagpur,2,2271.05,0.0,4542.1,3633.68,908.42,Cash,Completed
O002579,2025-11-02,C00296,P0067,Home Product 067,Home,East,Kolkata,3,2982.59,0.0,8947.77,3549.18,5398.59,Net Banking,Completed
O002580,2025-12-03,C00049,P0051,Electronics Product 051,Electronics,West,Ahmedabad,5,7669.29,15.0,32594.48,20874.45,11720.03,UPI,Pending
O002581,2025-12-12,C00121,P0004,Beauty Product 004,Beauty,North,Jaipur,4,3466.38,10.0,12478.97,9557.32,2921.65,Cash,Pending
O002582,2025-08-14,C00302,P0093,Fashion Product 093,Fashion,East,Kolkata,2,4536.21,,8618.8,3520.92,5097.88,Net Banking,Completed
O002583,2025-09-28,C00250,P0035,Sports Product 035,Sports,Central,Nagpur,5,8253.41,10.0,37140.35,7564.4,29575.94,Cash,Returned
O002584,2025-04-24,C00063,P0032,Home Product 032,Home,East,Guwahati,4,2912.1,5.0,11065.98,8239.4,2826.58,Net Banking,Completed
O002585,2025-01-14,C00231,P0091,Electronics Product 091,Electronics,West,Mumbai,3,1897.13,10.0,5122.25,1539.39,3582.86,Card,Completed
O002586,2025-05-26,C00164,P0093,Fashion Product 093,Fashion,Central,Nagpur,2,4536.21,10.0,8165.18,3520.92,4644.26,UPI,Completed
O002587,2025-11-14,C00335,P0089,Beauty Product 089,Beauty,North,Chandigarh,2,5780.76,20.0,9249.22,9249.22,-0.0,Wallet,Completed
O002588,2025-02-18,C00307,P0078,Fashion Product 078,Fashion,Central,Nagpur,2,8229.86,10.0,14813.75,4481.58,10332.17,Net Banking,Completed
O002589,2025-07-18,C00377,P0068,Fashion Product 068,Fashion,East,Bhubaneswar,4,6082.72,0.0,24330.88,19464.72,4866.16,UPI,Completed
O002590,2025-03-12,C00299,P0082,Home Product 082,Home,Central,,5,5348.13,0.0,26740.65,13855.8,12884.85,UPI,Completed
O002591,2025-06-06,C00319,P0013,Fashion Product 013,Fashion,East,Guwahati,2,4305.64,10.0,7750.15,1734.26,6015.89,Wallet,Cancelled
O002592,2025-02-22,C00099,P0066,Electronics Product 066,Electronics,East,Bhubaneswar,3,5295.06,10.0,14296.66,3304.56,10992.1,UPI,Pending
O002593,2025-09-25,C00214,P0032,Home Product 032,Home,North,Jaipur,1,2912.1,5.0,2766.49,2059.85,706.64,Card,Completed
O002594,2025-10-22,C00017,P0010,Sports Product 010,Sports,North,Delhi,3,1734.32,0.0,5202.96,1374.21,3828.75,UPI,Pending
O002595,2025-10-04,C00155,P0011,Electronics Product 011,Electronics,West,Pune,1,8240.08,10.0,7416.07,3787.62,3628.45,Card,Cancelled
O002596,2025-09-14,C00188,P0036,Electronics Product 036,Electronics,South,Bengaluru,4,4569.04,0.0,18276.16,14620.92,3655.24,Card,Completed
O002597,2025-03-27,C00079,P0090,Sports Product 090,Sports,South,Bengaluru,2,1423.92,10.0,2563.06,1959.32,603.74,UPI,Completed
O002598,2025-07-13,C00241,P0072,Home Product 072,Home,North,Chandigarh,2,6223.26,0.0,12446.52,8139.18,4307.34,Cash,Returned
O002599,2025-02-08,C00240,P0060,Sports Product 060,Sports,South,,3,7633.42,20.0,18320.21,14891.34,3428.87,Cash,Pending
O002600,2025-05-17,C00211,P0018,Fashion Product 018,Fashion,North,Jaipur,5,6795.4,10.0,30579.3,1424.85,29154.45,UPI,Completed
O002601,2025-07-04,C00491,P0011,Electronics Product 011,Electronics,East,Guwahati,1,8240.08,10.0,7416.07,3787.62,3628.45,Cash,Completed
O002602,2025-09-01,C00348,P0100,Sports Product 100,Sports,North,Jaipur,1,6735.82,5.0,6399.03,4059.62,2339.41,Card,Completed
O002603,2025-02-05,C00201,P0058,Fashion Product 058,Fashion,West,Mumbai,2,3370.65,15.0,5730.1,5393.04,337.06,Wallet,Completed
O002604,2025-10-23,C00342,P0009,Beauty Product 009,Beauty,South,Chennai,3,4934.15,0.0,14802.45,11841.96,2960.49,Card,Completed
O002605,2025-06-17,C00157,P0064,Beauty Product 064,Beauty,Central,Bhopal,3,7994.51,15.0,20386.0,4490.07,15895.93,Card,Completed
O002606,2025-11-17,C00085,P0051,Electronics Product 051,Electronics,Central,Indore,5,7669.29,20.0,30677.16,20874.45,9802.71,UPI,Returned
O002607,2025-07-12,C00448,P0010,Sports Product 010,Sports,North,Delhi,4,1734.32,0.0,6937.28,1832.28,5105.0,Net Banking,Completed
O002608,2025-07-19,C00039,P0052,Home Product 052,Home,East,Bhubaneswar,3,3602.09,20.0,8645.02,8645.01,0.01,Net Banking,Completed
O002609,2025-09-10,C00310,P0037,Home Product 037,Home,South,Hyderabad,2,7720.82,10.0,13897.48,1415.72,12481.76,Cash,Completed
O002610,2025-10-26,C00204,P0081,Electronics Product 081,Electronics,Central,Bhopal,3,6874.54,5.0,19592.44,12569.37,7023.07,Cash,Completed
O002611,2025-02-27,C00397,P0075,Sports Product 075,Sports,East,Guwahati,4,8144.99,5.0,30950.96,13594.44,17356.52,Net Banking,Completed
O002612,2025-07-06,C00494,P0060,Sports Product 060,Sports,West,Mumbai,4,7633.42,10.0,27480.31,19855.12,7625.19,Wallet,Completed
O002613,2025-01-11,C00101,P0087,Home Product 087,Home,South,Hyderabad,1,5255.47,20.0,4204.38,566.15,3638.23,Wallet,Cancelled
O002614,2025-06-22,C00026,P0007,Home Product 007,Home,Central,Indore,4,5553.32,20.0,17770.62,16725.0,1045.62,Net Banking,Pending
O002615,2025-10-24,C00258,P0057,Home Product 057,Home,West,Pune,4,8123.2,10.0,29243.52,7025.64,22217.88,Wallet,Completed
O002616,2025-11-12,C00335,P0037,Home Product 037,Home,North,Chandigarh,2,7720.82,20.0,12353.31,1415.72,10937.59,Cash,Completed
O002617,2025-04-14,C00254,P0028,Fashion Product 028,Fashion,Central,Bhopal,3,7012.16,5.0,19984.66,6541.02,13443.64,Net Banking,Completed
O002618,2025-05-21,C00029,P0100,Sports Product 100,Sports,West,Pune,3,6735.82,10.0,18186.71,12178.86,6007.85,Cash,Completed
O002619,2025-07-20,C00229,P0008,Fashion Product 008,Fashion,East,,4,8265.58,0.0,33062.32,7736.0,25326.32,UPI,Completed
O002620,2025-05-25,C00290,P0081,Electronics Product 081,Electronics,South,Chennai,1,6874.54,5.0,6530.81,4189.79,2341.02,Net Banking,Pending
O002621,2025-03-06,C00002,P0014,Beauty Product 014,Beauty,East,Guwahati,3,4289.52,0.0,12868.56,10294.86,2573.7,Wallet,Completed
O002622,2025-04-21,C00342,P0055,Sports Product 055,Sports,South,Chennai,4,1679.4,0.0,6717.6,5374.08,1343.52,Wallet,Completed
O002623,2025-05-28,C00032,P0004,Beauty Product 004,Beauty,East,Bhubaneswar,4,3466.38,10.0,12478.97,9557.32,2921.65,Card,Completed
O002624,2025-07-08,C00407,P0028,Fashion Product 028,Fashion,East,Guwahati,4,7012.16,0.0,28048.64,8721.36,19327.28,Net Banking,Completed
O002625,2025-12-02,C00469,P0056,Electronics Product 056,Electronics,North,Jaipur,2,7138.32,10.0,12848.98,4023.76,8825.22,Cash,Completed
O002626,2025-07-18,C00276,P0022,Home Product 022,Home,East,Bhubaneswar,1,5577.75,10.0,5019.98,3883.74,1136.24,UPI,Completed
O002627,2025-05-21,C00461,P0052,Home Product 052,Home,West,Mumbai,4,3602.09,15.0,12247.11,11526.68,720.43,Cash,Completed
O002628,2025-08-29,C00082,P0096,Electronics Product 096,Electronics,West,Pune,2,2784.06,5.0,5289.71,4454.5,835.21,Card,Completed
O002629,2025-10-09,C00149,P0090,Sports Product 090,Sports,North,Chandigarh,2,1423.92,15.0,2420.66,1959.32,461.34,Card,Completed
O002630,2025-06-06,C00330,P0004,Beauty Product 004,Beauty,East,Guwahati,3,3466.38,10.0,9359.23,7167.99,2191.24,Wallet,Completed
O002631,2025-06-28,C00292,P0074,Beauty Product 074,Beauty,North,Delhi,4,2907.59,10.0,10467.32,8554.0,1913.32,Card,Cancelled
O002632,2025-03-21,C00359,P0014,Beauty Product 014,Beauty,East,Bhubaneswar,4,4289.52,20.0,13726.46,13726.48,-0.02,Card,Completed
O002633,2025-11-11,C00015,P0073,Fashion Product 073,Fashion,West,Ahmedabad,3,1490.03,5.0,4246.59,2617.56,1629.03,UPI,Completed
O002634,2025-11-12,C00209,P0004,Beauty Product 004,Beauty,West,Pune,2,3466.38,0.0,6932.76,4778.66,2154.1,Net Banking,Completed
O002635,2025-03-05,C00391,P0085,Sports Product 085,Sports,North,Chandigarh,3,3007.51,15.0,7669.15,7218.03,451.12,Card,Completed
O002636,2025-05-06,C00378,P0061,Electronics Product 061,Electronics,East,Guwahati,4,7647.57,15.0,26001.74,17925.04,8076.7,Wallet,Completed
O002637,2025-04-09,C00469,P0086,Electronics Product 086,Electronics,North,Jaipur,1,7032.55,10.0,6329.3,3793.57,2535.72,Net Banking,Pending
O002638,2025-12-02,C00439,P0023,Fashion Product 023,Fashion,Central,Bhopal,4,3632.79,15.0,12351.49,11624.92,726.57,Card,Completed
O002639,2025-01-24,C00171,P0097,Home Product 097,Home,West,Mumbai,5,3422.29,10.0,15400.31,13689.15,1711.16,UPI,Pending
O002640,2025-03-17,C00140,P0019,Beauty Product 019,Beauty,West,Mumbai,4,6745.83,20.0,21586.66,14398.16,7188.5,Card,Completed
O002641,2025-04-25,C00108,P0025,Sports Product 025,Sports,East,Bhubaneswar,5,5379.58,0.0,26897.9,21518.3,5379.6,Cash,Completed
O002642,2025-07-23,C00120,P0064,Beauty Product 064,Beauty,South,Chennai,1,7994.51,0.0,7994.51,1496.69,6497.82,Net Banking,Completed
O002643,2025-04-01,C00215,P0082,Home Product 082,Home,Central,Bhopal,4,5348.13,15.0,18183.64,11084.64,7099.0,Card,Completed
O002644,2025-07-15,C00269,P0065,Sports Product 065,Sports,North,Chandigarh,1,7148.9,15.0,6076.56,833.1,5243.46,Card,Completed
O002645,2025-09-29,C00490,P0013,Fashion Product 013,Fashion,East,Kolkata,5,4305.64,5.0,20451.79,4335.65,16116.14,Cash,Returned
O002646,2025-10-29,C00338,P0026,Electronics Product 026,Electronics,Central,Bhopal,1,2848.75,0.0,2848.75,1586.57,1262.18,Wallet,Pending
O002647,2025-02-06,C00344,P0044,Beauty Product 044,Beauty,North,Chandigarh,5,3801.64,15.0,16156.97,15206.55,950.42,Cash,Completed
O002648,2025-02-20,C00173,P0098,Fashion Product 098,Fashion,North,Jaipur,4,7898.73,0.0,31594.92,1987.28,29607.64,Card,Returned
O002649,2025-02-04,C00402,P0092,Home Product 092,Home,West,Pune,2,5945.72,15.0,10107.72,6115.86,3991.86,Wallet,Completed
O002650,2025-11-28,C00193,P0064,Beauty Product 064,Beauty,West,Mumbai,4,7994.51,20.0,25582.43,5986.76,19595.67,Net Banking,Completed
O002651,2025-08-26,C00297,P0031,Electronics Product 031,Electronics,North,Chandigarh,5,6070.56,10.0,27317.52,4867.4,22450.12,Wallet,Completed
O002652,2025-07-13,C00483,P0044,Beauty Product 044,Beauty,Central,Bhopal,4,3801.64,5.0,14446.23,12165.24,2280.99,UPI,Pending
O002653,2025-10-15,C00021,P0010,Sports Product 010,Sports,North,Chandigarh,3,1734.32,10.0,4682.66,1374.21,3308.45,UPI,Completed
O002654,2025-08-02,C00067,P0087,Home Product 087,Home,Central,Indore,5,5255.47,15.0,22335.75,2830.75,19505.0,Card,Completed
O002655,2025-03-27,C00383,P0095,Sports Product 095,Sports,Central,Indore,2,2495.1,10.0,4491.18,2749.08,1742.1,UPI,Returned
O002656,2025-07-05,C00139,P0093,Fashion Product 093,Fashion,Central,Bhopal,3,4536.21,10.0,12247.77,5281.38,6966.39,UPI,Completed
O002657,2025-09-13,C00482,P0018,Fashion Product 018,Fashion,South,Bengaluru,5,6795.4,15.0,28880.45,1424.85,27455.6,Wallet,Returned
O002658,2025-01-14,C00257,P0035,Sports Product 035,Sports,West,Pune,1,8253.41,10.0,7428.07,1512.88,5915.19,Wallet,Completed
O002659,2025-08-09,C00331,P0056,Electronics Product 056,Electronics,North,Delhi,4,7138.32,,25697.95,8047.52,17650.43,Net Banking,Completed
O002660,2025-06-30,C00185,P0008,Fashion Product 008,Fashion,East,Kolkata,3,8265.58,10.0,22317.07,5802.0,16515.07,Card,Completed
O002661,2025-01-26,C00197,P0052,Home Product 052,Home,East,Kolkata,1,3602.09,15.0,3061.78,2881.67,180.11,UPI,Completed
O002662,2025-04-06,C00322,P0050,Sports Product 050,Sports,Central,Bhopal,3,4011.29,5.0,11432.18,8169.57,3262.61,Net Banking,Completed
O002663,2025-06-13,C00135,P0028,Fashion Product 028,Fashion,South,Bengaluru,4,7012.16,5.0,26646.21,8721.36,17924.85,Card,Returned
O002664,2025-05-05,C00326,P0030,Sports Product 030,Sports,West,Ahmedabad,2,3054.9,10.0,5498.82,4887.84,610.98,Net Banking,Completed
O002665,2025-04-16,C00214,P0039,Beauty Product 039,Beauty,North,Jaipur,1,7352.91,15.0,6249.97,1089.67,5160.3,Cash,Completed
O002666,2025-08-25,C00321,P0048,Fashion Product 048,Fashion,Central,Nagpur,5,8002.61,0.0,40013.05,12904.3,27108.75,Cash,Completed
O002667,2025-05-28,C00229,P0068,Fashion Product 068,Fashion,East,Bhubaneswar,3,6082.72,15.0,15510.94,14598.54,912.4,UPI,Returned
O002668,2025-07-01,C00057,P0008,Fashion Product 008,Fashion,West,Ahmedabad,3,8265.58,5.0,23556.9,5802.0,17754.9,Net Banking,Completed
O002669,2025-10-18,C00008,P0002,Home Product 002,Home,Central,Indore,3,4453.12,5.0,12691.39,10687.5,2003.89,UPI,Completed
O002670,2025-02-03,C00169,P0050,Sports Product 050,Sports,West,Mumbai,5,4011.29,5.0,19053.63,13615.95,5437.68,Wallet,Pending
O002671,2025-05-12,C00016,P0049,Beauty Product 049,Beauty,West,Ahmedabad,4,3123.84,15.0,10621.06,9996.28,624.78,Wallet,Completed
O002672,2025-01-27,C00452,P0095,Sports Product 095,Sports,West,Ahmedabad,2,2495.1,10.0,4491.18,2749.08,1742.1,Net Banking,Completed
O002673,2025-12-04,C00049,P0005,Sports Product 005,Sports,West,Ahmedabad,1,7082.09,20.0,5665.67,3308.36,2357.31,Wallet,Completed
O002674,2025-03-09,C00129,P0072,Home Product 072,Home,East,Kolkata,3,6223.26,20.0,14935.82,12208.77,2727.05,Cash,Pending
O002675,2025-10-26,C00334,P0074,Beauty Product 074,Beauty,East,Kolkata,5,2907.59,0.0,14537.95,10692.5,3845.45,Net Banking,Completed
O002676,2025-03-11,C00479,P0006,Electronics Product 006,Electronics,West,Ahmedabad,4,4936.68,10.0,17772.05,5317.52,12454.53,Wallet,Returned
O002677,2025-04-28,C00491,P0033,Fashion Product 033,Fashion,East,Guwahati,1,2460.76,15.0,2091.65,1968.61,123.04,Net Banking,Completed
O002678,2025-08-10,C00348,P0049,Beauty Product 049,Beauty,North,Jaipur,1,3123.84,15.0,2655.26,2499.07,156.19,UPI,Completed
O002679,2025-10-30,C00228,P0078,Fashion Product 078,Fashion,Central,Bhopal,3,8229.86,10.0,22220.62,6722.37,15498.25,Wallet,Completed
O002680,2025-03-06,C00252,P0037,Home Product 037,Home,East,Guwahati,3,7720.82,15.0,19688.09,2123.58,17564.51,Card,Completed
O002681,2025-03-19,C00296,P0072,Home Product 072,Home,East,Kolkata,4,6223.26,5.0,23648.39,16278.36,7370.03,Wallet,Completed
O002682,2025-11-17,C00022,P0094,Beauty Product 094,Beauty,South,Bengaluru,1,5366.1,15.0,4561.19,4292.88,268.31,UPI,Cancelled
O002683,2025-04-28,C00383,P0014,Beauty Product 014,Beauty,Central,Indore,5,4289.52,10.0,19302.84,17158.1,2144.74,Cash,Completed
O002684,2025-03-18,C00004,P0054,Beauty Product 054,Beauty,North,Jaipur,3,4876.35,0.0,14629.05,11703.24,2925.81,Net Banking,Completed
O002685,2025-09-28,C00335,P0093,Fashion Product 093,Fashion,North,Chandigarh,2,4536.21,0.0,9072.42,3520.92,5551.5,UPI,Returned
O002686,2025-02-03,C00343,P0100,Sports Product 100,Sports,Central,Indore,2,6735.82,5.0,12798.06,8119.24,4678.82,UPI,Completed
O002687,2025-11-12,C00295,P0081,Electronics Product 081,Electronics,West,Mumbai,5,6874.54,20.0,27498.16,20948.95,6549.21,Cash,Completed
O002688,2025-11-15,C00061,P0076,Electronics Product 076,Electronics,East,Guwahati,4,5803.55,20.0,18571.36,18571.36,0.0,UPI,Cancelled
O002689,2025-11-08,C00061,P0038,Fashion Product 038,Fashion,East,Guwahati,3,2947.65,20.0,7074.36,3633.69,3440.67,Cash,Completed
O002690,2025-04-18,C00206,P0066,Electronics Product 066,Electronics,South,Hyderabad,3,5295.06,0.0,15885.18,3304.56,12580.62,Wallet,Cancelled
O002691,2025-02-11,C00179,P0040,Sports Product 040,Sports,East,Guwahati,2,4584.31,20.0,7334.9,7334.9,-0.0,Cash,Completed
O002692,2025-06-04,C00443,P0010,Sports Product 010,Sports,West,Mumbai,5,1734.32,10.0,7804.44,2290.35,5514.09,Card,Returned
O002693,2025-05-02,C00478,P0090,Sports Product 090,Sports,East,Bhubaneswar,4,1423.92,15.0,4841.33,3918.64,922.69,Card,Completed
O002694,2025-12-16,C00437,P0004,Beauty Product 004,Beauty,South,Chennai,2,3466.38,15.0,5892.85,4778.66,1114.19,Net Banking,Completed
O002695,2025-08-18,C00244,P0068,Fashion Product 068,Fashion,North,Delhi,5,6082.72,0.0,30413.6,24330.9,6082.7,Wallet,Completed
O002696,2025-12-10,C00500,P0096,Electronics Product 096,Electronics,Central,Indore,2,2784.06,10.0,5011.31,4454.5,556.81,Cash,Completed
O002697,2025-10-01,C00078,P0035,Sports Product 035,Sports,West,Mumbai,4,8253.41,15.0,28061.59,6051.52,22010.07,UPI,Completed
O002698,2025-09-18,C00039,P0018,Fashion Product 018,Fashion,East,Bhubaneswar,1,6795.4,10.0,6115.86,284.97,5830.89,UPI,Completed
O002699,2025-02-10,C00379,P0014,Beauty Product 014,Beauty,North,Delhi,5,4289.52,20.0,17158.08,17158.1,-0.02,Wallet,Completed
O002700,2025-01-26,C00443,P0083,Fashion Product 083,Fashion,West,Mumbai,3,3893.45,0.0,11680.35,9344.28,2336.07,Card,Completed
O002701,2025-01-17,C00435,P0038,Fashion Product 038,Fashion,South,Chennai,5,2947.65,10.0,13264.43,6056.15,7208.28,Cash,Completed
O002702,2025-08-04,C00143,P0027,Home Product 027,Home,North,Chandigarh,5,6771.19,0.0,33855.95,14479.5,19376.45,Card,Completed
O002703,2025-03-15,C00437,P0082,Home Product 082,Home,South,Chennai,1,5348.13,15.0,4545.91,2771.16,1774.75,Card,Completed
O002704,2025-12-27,C00379,P0001,Electronics Product 001,Electronics,North,Delhi,1,4907.86,10.0,4417.07,3926.29,490.78,Wallet,Cancelled
O002705,2025-02-18,C00040,P0063,Fashion Product 063,Fashion,South,Chennai,5,2531.09,10.0,11389.91,10124.35,1265.56,Net Banking,Completed
O002706,2025-12-11,C00112,P0039,Beauty Product 039,Beauty,Central,Bhopal,4,7352.91,10.0,26470.48,4358.68,22111.8,Net Banking,Returned
O002707,2025-09-01,C00123,P0008,Fashion Product 008,Fashion,East,Bhubaneswar,2,8265.58,0.0,16531.16,3868.0,12663.16,UPI,Completed
O002708,2025-02-08,C00442,P0091,Electronics Product 091,Electronics,East,Kolkata,4,1897.13,0.0,7588.52,2052.52,5536.0,Wallet,Completed
O002709,2025-01-22,C00006,P0041,Electronics Product 041,Electronics,South,Chennai,2,5698.77,15.0,9687.91,6048.94,3638.97,Wallet,Completed
O002710,2025-05-25,C00348,P0024,Beauty Product 024,Beauty,North,Jaipur,1,2905.51,5.0,2760.23,2324.41,435.82,Net Banking,Completed
O002711,2025-05-04,C00100,P0025,Sports Product 025,Sports,South,Chennai,3,5379.58,0.0,16138.74,12910.98,3227.76,Wallet,Completed
O002712,2025-04-25,C00104,P0057,Home Product 057,Home,East,Bhubaneswar,3,8123.2,15.0,20714.16,5269.23,15444.93,Card,Completed
O002713,2025-07-12,C00102,P0072,Home Product 072,Home,North,Chandigarh,2,6223.26,0.0,12446.52,8139.18,4307.34,UPI,Completed
O002714,2025-02-17,C00324,P0076,Electronics Product 076,Electronics,West,Pune,4,5803.55,20.0,18571.36,18571.36,0.0,Wallet,Pending
O002715,2025-02-17,C00211,P0035,Sports Product 035,Sports,North,Jaipur,3,8253.41,5.0,23522.22,4538.64,18983.58,Card,Completed
O002716,2025-09-10,C00252,P0006,Electronics Product 006,Electronics,East,Guwahati,2,4936.68,10.0,8886.02,2658.76,6227.26,UPI,Completed
O002717,2025-12-27,C00248,P0071,Electronics Product 071,Electronics,East,Bhubaneswar,3,5148.93,10.0,13902.11,10643.25,3258.86,Card,Cancelled
O002718,2025-04-10,C00167,P0047,Home Product 047,Home,West,Ahmedabad,1,4959.99,,3967.99,3967.99,0.0,Net Banking,Completed
O002719,2025-12-06,C00121,P0004,Beauty Product 004,Beauty,North,Jaipur,4,3466.38,0.0,13865.52,9557.32,4308.2,Wallet,Completed
O002720,2025-05-06,C00454,P0027,Home Product 027,Home,West,Mumbai,4,6771.19,10.0,24376.28,11583.6,12792.68,Cash,Completed
O002721,2025-05-03,C00475,P0007,Home Product 007,Home,South,Chennai,2,5553.32,20.0,8885.31,8362.5,522.81,Card,Completed
O002722,2025-02-02,C00316,P0011,Electronics Product 011,Electronics,North,Delhi,3,8240.08,10.0,22248.22,11362.86,10885.36,Wallet,Completed
O002723,2025-06-04,C00144,P0096,Electronics Product 096,Electronics,South,Bengaluru,4,2784.06,10.0,10022.62,8909.0,1113.62,Wallet,Completed
O002724,2025-07-01,C00378,P0067,Home Product 067,Home,East,Guwahati,2,2982.59,0.0,5965.18,2366.12,3599.06,Wallet,Returned
O002725,2025-08-30,C00409,P0011,Electronics Product 011,Electronics,South,Hyderabad,4,8240.08,5.0,31312.3,15150.48,16161.82,Cash,Completed
O002726,2025-02-27,C00351,P0053,Fashion Product 053,Fashion,West,Mumbai,2,5775.38,10.0,10395.68,3171.72,7223.96,Wallet,Completed
O002727,2025-03-10,C00025,P0072,Home Product 072,Home,East,Guwahati,3,6223.26,5.0,17736.29,12208.77,5527.52,Wallet,Completed
O002728,2025-06-07,C00342,P0001,Electronics Product 001,Electronics,South,Chennai,4,4907.86,20.0,15705.15,15705.16,-0.01,Wallet,Completed
O002729,2025-01-26,C00156,P0019,Beauty Product 019,Beauty,West,Ahmedabad,5,6745.83,10.0,30356.24,17997.7,12358.53,Wallet,Returned
O002730,2025-02-22,C00143,P0097,Home Product 097,Home,North,Chandigarh,5,3422.29,20.0,13689.16,13689.15,0.01,Wallet,Completed
O002731,2025-08-17,C00073,P0063,Fashion Product 063,Fashion,West,Pune,5,2531.09,15.0,10757.13,10124.35,632.78,Cash,Completed
O002732,2025-12-14,C00055,P0012,Home Product 012,Home,North,Jaipur,2,4256.45,15.0,7235.96,4019.36,3216.6,Wallet,Completed
O002733,2025-07-28,C00369,P0024,Beauty Product 024,Beauty,West,Pune,3,2905.51,0.0,8716.53,6973.23,1743.3,UPI,Completed
O002734,2025-02-22,C00381,P0097,Home Product 097,Home,West,Ahmedabad,1,3422.29,5.0,3251.18,2737.83,513.35,Card,Completed
O002735,2025-12-27,C00455,P0080,Sports Product 080,Sports,East,Kolkata,3,4972.04,5.0,14170.31,11932.89,2237.42,UPI,Completed
O002736,2025-07-09,C00141,P0091,Electronics Product 091,Electronics,Central,Nagpur,4,1897.13,10.0,6829.67,2052.52,4777.15,Wallet,Completed
O002737,2025-09-18,C00298,P0099,Beauty Product 099,Beauty,East,Guwahati,3,7721.23,20.0,18530.95,12770.94,5760.01,Card,Completed
O002738,2025-03-13,C00259,P0090,Sports Product 090,Sports,South,Bengaluru,4,1423.92,10.0,5126.11,3918.64,1207.47,Wallet,Completed
O002739,2025-07-30,C00365,P0051,Electronics Product 051,Electronics,West,Ahmedabad,3,7669.29,5.0,21857.48,12524.67,9332.81,Wallet,Returned
O002740,2025-01-28,C00224,P0035,Sports Product 035,Sports,South,Hyderabad,1,8253.41,15.0,7015.4,1512.88,5502.52,Card,Completed
O002741,2025-08-16,C00281,P0029,Beauty Product 029,Beauty,West,Mumbai,1,1220.38,10.0,1098.34,357.88,740.46,Card,Completed
O002742,2025-03-15,C00066,P0046,Electronics Product 046,Electronics,North,Chandigarh,4,8168.47,10.0,29406.49,1433.28,27973.21,UPI,Completed
O002743,2025-11-28,C00149,P0008,Fashion Product 008,Fashion,North,Chandigarh,1,8265.58,0.0,8265.58,1934.0,6331.58,Cash,Completed
O002744,2025-01-20,C00178,P0021,Electronics Product 021,Electronics,West,Ahmedabad,4,4281.14,15.0,14555.88,13699.64,856.24,Card,Completed
O002745,2025-08-26,C00168,P0076,Electronics Product 076,Electronics,South,Chennai,2,5803.55,0.0,11607.1,9285.68,2321.42,UPI,Completed
O002746,2025-02-20,C00324,P0065,Sports Product 065,Sports,West,Pune,2,7148.9,20.0,11438.24,1666.2,9772.04,UPI,Completed
O002747,2025-09-08,C00244,P0018,Fashion Product 018,Fashion,North,Delhi,5,6795.4,,32278.15,1424.85,30853.3,UPI,Completed
O002748,2025-06-29,C00265,P0040,Sports Product 040,Sports,North,Chandigarh,3,4584.31,20.0,11002.34,11002.35,-0.01,Cash,Completed
O002749,2025-12-19,C00036,P0070,Sports Product 070,Sports,Central,Indore,2,4336.1,5.0,8238.59,6937.76,1300.83,Net Banking,Completed
O002750,2025-08-26,C00356,P0062,Home Product 062,Home,Central,Indore,1,6676.1,10.0,6008.49,1750.66,4257.83,Net Banking,Cancelled
O002751,2025-05-16,C00333,P0087,Home Product 087,Home,Central,Bhopal,5,5255.47,10.0,23649.62,2830.75,20818.87,Cash,Returned
O002752,2025-02-01,C00157,P0079,Beauty Product 079,Beauty,Central,Bhopal,1,6934.89,10.0,6241.4,4681.86,1559.54,UPI,Returned
O002753,2025-08-05,C00424,P0021,Electronics Product 021,Electronics,East,Kolkata,5,4281.14,15.0,18194.85,17124.55,1070.3,Net Banking,Returned
O002754,2025-06-10,C00231,P0030,Sports Product 030,Sports,West,Mumbai,1,3054.9,0.0,3054.9,2443.92,610.98,UPI,Pending
O002755,2025-01-20,C00434,P0062,Home Product 062,Home,North,Chandigarh,5,6676.1,5.0,31711.47,8753.3,22958.17,Wallet,Completed
O002756,2025-07-31,C00226,P0040,Sports Product 040,Sports,West,Mumbai,1,4584.31,15.0,3896.66,3667.45,229.21,Cash,Completed
O002757,2025-03-18,C00317,P0034,Beauty Product 034,Beauty,North,Jaipur,3,7768.65,15.0,19810.06,14457.03,5353.03,UPI,Completed
O002758,2025-03-27,C00142,P0088,Fashion Product 088,Fashion,North,Chandigarh,1,5208.94,20.0,4167.15,4167.15,0.0,Cash,Completed
O002759,2025-01-04,C00479,P0056,Electronics Product 056,Electronics,West,Ahmedabad,1,7138.32,20.0,5710.66,2011.88,3698.78,Cash,Completed
O002760,2025-05-16,C00492,P0072,Home Product 072,Home,North,Chandigarh,1,6223.26,0.0,6223.26,4069.59,2153.67,Wallet,Completed
O002761,2025-03-21,C00349,P0025,Sports Product 025,Sports,Central,Indore,2,5379.58,0.0,10759.16,8607.32,2151.84,Cash,Completed
O002762,2025-01-27,C00298,P0038,Fashion Product 038,Fashion,East,Guwahati,3,2947.65,15.0,7516.51,3633.69,3882.82,Wallet,Cancelled
O002763,2025-06-08,C00167,P0026,Electronics Product 026,Electronics,West,Ahmedabad,5,2848.75,20.0,11395.0,7932.85,3462.15,Wallet,Completed
O002764,2025-03-22,C00220,P0019,Beauty Product 019,Beauty,Central,Nagpur,4,6745.83,0.0,26983.32,14398.16,12585.16,Wallet,Completed
O002765,2025-02-18,C00187,P0009,Beauty Product 009,Beauty,West,Ahmedabad,4,4934.15,15.0,16776.11,15789.28,986.83,Net Banking,Returned
O002766,2025-06-19,C00484,P0026,Electronics Product 026,Electronics,West,Mumbai,4,2848.75,0.0,11395.0,6346.28,5048.72,Net Banking,Completed
O002767,2025-01-24,C00107,P0041,Electronics Product 041,Electronics,North,Delhi,5,5698.77,15.0,24219.77,15122.35,9097.42,UPI,Completed
O002768,2025-12-27,C00017,P0069,Beauty Product 069,Beauty,North,Delhi,2,2337.25,20.0,3739.6,632.4,3107.2,Net Banking,Completed
O002769,2025-06-21,C00240,P0093,Fashion Product 093,Fashion,South,Bengaluru,3,4536.21,0.0,13608.63,5281.38,8327.25,Cash,Completed
O002770,2025-12-29,C00262,P0003,Fashion Product 003,Fashion,West,Ahmedabad,3,6788.51,15.0,17310.7,11596.23,5714.47,Wallet,Completed
O002771,2025-11-17,C00078,P0095,Sports Product 095,Sports,West,Mumbai,2,2495.1,0.0,4990.2,2749.08,2241.12,Cash,Pending
O002772,2025-12-23,C00299,P0099,Beauty Product 099,Beauty,Central,Nagpur,3,7721.23,10.0,20847.32,12770.94,8076.38,Card,Completed
O002773,2025-07-17,C00487,P0057,Home Product 057,Home,North,Jaipur,1,8123.2,5.0,7717.04,1756.41,5960.63,Net Banking,Completed
O002774,2025-06-04,C00309,P0025,Sports Product 025,Sports,West,Ahmedabad,2,5379.58,15.0,9145.29,8607.32,537.97,Wallet,Completed
O002775,2025-09-20,C00269,P0057,Home Product 057,Home,North,Chandigarh,5,8123.2,5.0,38585.2,8782.05,29803.15,Wallet,Completed
O002776,2025-01-30,C00353,P0064,Beauty Product 064,Beauty,South,Hyderabad,4,7994.51,10.0,28780.24,5986.76,22793.48,Net Banking,Completed
O002777,2025-11-02,C00251,P0021,Electronics Product 021,Electronics,North,Jaipur,4,4281.14,10.0,15412.1,13699.64,1712.46,Cash,Completed
O002778,2025-04-28,C00302,P0067,Home Product 067,Home,East,Kolkata,4,2982.59,10.0,10737.32,4732.24,6005.08,Wallet,Completed
O002779,2025-01-03,C00323,P0024,Beauty Product 024,Beauty,South,Chennai,3,2905.51,15.0,7409.05,6973.23,435.82,Net Banking,Completed
O002780,2025-03-28,C00081,P0044,Beauty Product 044,Beauty,Central,Nagpur,5,3801.64,15.0,16156.97,15206.55,950.42,Net Banking,Cancelled
O002781,2025-03-30,C00473,P0025,Sports Product 025,Sports,South,Chennai,1,5379.58,15.0,4572.64,4303.66,268.98,Wallet,Completed
O002782,2025-01-06,C00063,P0019,Beauty Product 019,Beauty,East,Guwahati,5,6745.83,0.0,33729.15,17997.7,15731.45,Card,Completed
O002783,2025-09-01,C00072,P0084,Beauty Product 084,Beauty,East,Bhubaneswar,1,5715.45,20.0,4572.36,2272.94,2299.42,UPI,Cancelled
O002784,2025-02-04,C00280,P0055,Sports Product 055,Sports,South,Chennai,5,1679.4,0.0,8397.0,6717.6,1679.4,Net Banking,Completed
O002785,2025-11-05,C00204,P0027,Home Product 027,Home,Central,Bhopal,3,6771.19,0.0,20313.57,8687.7,11625.87,Net Banking,Pending
O002786,2025-06-14,C00457,P0039,Beauty Product 039,Beauty,West,Ahmedabad,1,7352.91,15.0,6249.97,1089.67,5160.3,Wallet,Completed
O002787,2025-09-19,C00018,P0047,Home Product 047,Home,South,Bengaluru,1,4959.99,0.0,4959.99,3967.99,992.0,Wallet,Completed
O002788,2025-05-04,C00259,P0062,Home Product 062,Home,South,Bengaluru,5,6676.1,15.0,28373.42,8753.3,19620.12,Card,Cancelled
O002789,2025-02-18,C00442,P0009,Beauty Product 009,Beauty,East,Kolkata,5,4934.15,0.0,24670.75,19736.6,4934.15,Net Banking,Completed
O002790,2025-03-07,C00188,P0096,Electronics Product 096,Electronics,South,Bengaluru,4,2784.06,0.0,11136.24,8909.0,2227.24,Cash,Pending
O002791,2025-08-24,C00321,P0082,Home Product 082,Home,Central,Nagpur,5,5348.13,20.0,21392.52,13855.8,7536.72,UPI,Completed
O002792,2025-09-18,C00084,P0008,Fashion Product 008,Fashion,Central,Nagpur,2,8265.58,0.0,16531.16,3868.0,12663.16,UPI,Returned
O002793,2025-04-08,C00315,P0015,Sports Product 015,Sports,North,Delhi,4,4470.33,0.0,17881.32,14305.04,3576.28,Card,Pending
O002794,2025-05-10,C00185,P0099,Beauty Product 099,Beauty,East,Kolkata,2,7721.23,10.0,13898.21,8513.96,5384.25,Wallet,Completed
O002795,2025-12-10,C00405,P0073,Fashion Product 073,Fashion,West,Mumbai,3,1490.03,10.0,4023.08,2617.56,1405.52,Card,Completed
O002796,2025-11-07,C00261,P0005,Sports Product 005,Sports,South,Bengaluru,2,7082.09,5.0,13455.97,6616.72,6839.25,Wallet,Completed
O002797,2025-05-31,C00279,P0027,Home Product 027,Home,West,Mumbai,3,6771.19,10.0,18282.21,8687.7,9594.51,Cash,Returned
O002798,2025-03-29,C00122,P0016,Electronics Product 016,Electronics,West,Pune,2,5090.79,10.0,9163.42,8145.26,1018.16,Wallet,Completed
O002799,2025-04-20,C00448,P0020,Sports Product 020,Sports,North,Delhi,3,3689.4,10.0,9961.38,8854.56,1106.82,Wallet,Completed
O002800,2025-07-15,C00083,P0088,Fashion Product 088,Fashion,South,Hyderabad,3,5208.94,10.0,14064.14,12501.45,1562.69,Cash,Returned
O002801,2025-07-26,C00424,P0096,Electronics Product 096,Electronics,East,Kolkata,4,2784.06,15.0,9465.8,8909.0,556.8,Net Banking,Returned
O002802,2025-03-09,C00210,P0090,Sports Product 090,Sports,East,Kolkata,1,1423.92,20.0,1139.14,979.66,159.48,Wallet,Completed
O002803,2025-01-24,C00031,P0071,Electronics Product 071,Electronics,South,Chennai,3,5148.93,5.0,14674.45,10643.25,4031.2,Wallet,Completed
O002804,2025-06-30,C00114,P0081,Electronics Product 081,Electronics,South,Chennai,2,6874.54,10.0,12374.17,8379.58,3994.59,UPI,Completed
O002805,2025-10-18,C00051,P0015,Sports Product 015,Sports,South,Chennai,3,4470.33,10.0,12069.89,10728.78,1341.11,Card,Completed
O002806,2025-02-25,C00037,P0015,Sports Product 015,Sports,Central,Bhopal,2,4470.33,10.0,8046.59,7152.52,894.07,Card,Completed
O002807,2025-05-29,C00450,P0094,Beauty Product 094,Beauty,East,Bhubaneswar,4,5366.1,5.0,20391.18,17171.52,3219.66,Cash,Cancelled
O002808,2025-02-28,C00067,P0012,Home Product 012,Home,Central,Indore,3,4256.45,0.0,12769.35,6029.04,6740.31,Card,Completed
O002809,2025-03-30,C00066,P0054,Beauty Product 054,Beauty,North,Chandigarh,2,4876.35,0.0,9752.7,7802.16,1950.54,Card,Completed
O002810,2025-08-11,C00110,P0063,Fashion Product 063,Fashion,North,Delhi,3,2531.09,15.0,6454.28,6074.61,379.67,Net Banking,Completed
O002811,2025-04-15,C00044,P0100,Sports Product 100,Sports,Central,Indore,1,6735.82,10.0,6062.24,4059.62,2002.62,Wallet,Cancelled
O002812,2025-04-07,C00330,P0028,Fashion Product 028,Fashion,East,Guwahati,4,7012.16,10.0,25243.78,8721.36,16522.42,Net Banking,Completed
O002813,2025-12-29,C00154,P0077,Home Product 077,Home,East,Kolkata,3,4076.73,20.0,9784.15,9784.14,0.01,Net Banking,Completed
O002814,2025-03-04,C00179,P0021,Electronics Product 021,Electronics,East,Guwahati,5,4281.14,10.0,19265.13,17124.55,2140.58,Cash,Completed
O002815,2025-03-10,C00498,P0032,Home Product 032,Home,South,Bengaluru,3,2912.1,10.0,7862.67,6179.55,1683.12,Net Banking,Completed
O002816,2025-12-05,C00191,P0041,Electronics Product 041,Electronics,East,Kolkata,2,5698.77,10.0,10257.79,6048.94,4208.85,Cash,Completed
O002817,2025-07-20,C00206,P0090,Sports Product 090,Sports,South,Hyderabad,4,1423.92,15.0,4841.33,3918.64,922.69,Net Banking,Completed
O002818,2025-01-16,C00175,P0017,Home Product 017,Home,West,Ahmedabad,1,4364.81,5.0,4146.57,3491.85,654.72,Card,Completed
O002819,2025-06-04,C00458,P0100,Sports Product 100,Sports,East,Guwahati,5,6735.82,0.0,33679.1,20298.1,13381.0,UPI,Completed
O002820,2025-07-25,C00007,P0046,Electronics Product 046,Electronics,East,Bhubaneswar,2,8168.47,5.0,15520.09,716.64,14803.45,UPI,Completed
O002821,2025-04-03,C00471,P0066,Electronics Product 066,Electronics,North,Chandigarh,5,5295.06,20.0,21180.24,5507.6,15672.64,UPI,Returned
O002822,2025-07-19,C00012,P0049,Beauty Product 049,Beauty,East,Kolkata,1,3123.84,5.0,2967.65,2499.07,468.58,Card,Completed
O002823,2025-08-25,C00427,P0042,Home Product 042,Home,North,Jaipur,3,2781.36,10.0,7509.67,6675.27,834.4,Wallet,Completed
O002824,2025-04-02,C00460,P0090,Sports Product 090,Sports,North,Jaipur,5,1423.92,10.0,6407.64,4898.3,1509.34,UPI,Completed
O002825,2025-10-23,C00295,P0050,Sports Product 050,Sports,West,Mumbai,2,4011.29,5.0,7621.45,5446.38,2175.07,Net Banking,Completed
O002826,2025-06-14,C00100,P0077,Home Product 077,Home,South,Chennai,1,4076.73,15.0,3465.22,3261.38,203.84,Cash,Returned
O002827,2025-12-17,C00249,P0067,Home Product 067,Home,North,Jaipur,3,2982.59,10.0,8052.99,3549.18,4503.81,Net Banking,Completed
O002828,2025-02-01,C00337,P0048,Fashion Product 048,Fashion,North,Chandigarh,3,8002.61,0.0,24007.83,7742.58,16265.25,Net Banking,Completed
O002829,2025-04-29,C00432,P0099,Beauty Product 099,Beauty,South,Bengaluru,4,7721.23,10.0,27796.43,17027.92,10768.51,Cash,Completed
O002830,2025-09-20,C00404,P0072,Home Product 072,Home,East,Kolkata,2,6223.26,0.0,12446.52,8139.18,4307.34,Card,Completed
O002831,2025-11-22,C00148,P0013,Fashion Product 013,Fashion,East,Kolkata,4,4305.64,5.0,16361.43,3468.52,12892.91,Net Banking,Cancelled
O002832,2025-03-22,C00211,P0084,Beauty Product 084,Beauty,North,Jaipur,1,5715.45,15.0,4858.13,2272.94,2585.19,UPI,Cancelled
O002833,2025-12-23,C00500,P0047,Home Product 047,Home,Central,Indore,3,4959.99,5.0,14135.97,11903.97,2232.0,Wallet,Cancelled
O002834,2025-03-12,C00086,P0030,Sports Product 030,Sports,North,Jaipur,2,3054.9,15.0,5193.33,4887.84,305.49,Wallet,Completed
O002835,2025-06-01,C00483,P0020,Sports Product 020,Sports,Central,Bhopal,3,3689.4,0.0,11068.2,8854.56,2213.64,UPI,Completed
O002836,2025-04-25,C00151,P0013,Fashion Product 013,Fashion,North,Delhi,4,4305.64,15.0,14639.18,3468.52,11170.66,Net Banking,Completed
O002837,2025-06-04,C00419,P0021,Electronics Product 021,Electronics,East,Bhubaneswar,1,4281.14,15.0,3638.97,3424.91,214.06,Card,Cancelled
O002838,2025-11-25,C00105,P0080,Sports Product 080,Sports,North,Jaipur,5,4972.04,5.0,23617.19,19888.15,3729.04,Card,Cancelled
O002839,2025-09-24,C00419,P0026,Electronics Product 026,Electronics,East,Bhubaneswar,1,2848.75,0.0,2848.75,1586.57,1262.18,Wallet,Completed
O002840,2025-10-17,C00099,P0032,Home Product 032,Home,East,Bhubaneswar,4,2912.1,20.0,9318.72,8239.4,1079.32,Wallet,Completed
O002841,2025-04-03,C00403,P0036,Electronics Product 036,Electronics,Central,Bhopal,2,4569.04,15.0,7767.37,7310.46,456.91,Net Banking,Returned
O002842,2025-12-11,C00401,P0022,Home Product 022,Home,South,Chennai,3,5577.75,15.0,14223.26,11651.22,2572.04,Card,Completed
O002843,2025-08-26,C00010,P0083,Fashion Product 083,Fashion,West,Mumbai,4,3893.45,5.0,14795.11,12459.04,2336.07,Wallet,Pending
O002844,2025-09-11,C00147,P0082,Home Product 082,Home,West,Mumbai,3,5348.13,5.0,15242.17,8313.48,6928.69,Card,Returned
O002845,2025-08-30,C00179,P0098,Fashion Product 098,Fashion,East,Guwahati,4,7898.73,20.0,25275.94,1987.28,23288.66,Net Banking,Completed
O002846,2025-08-08,C00221,P0051,Electronics Product 051,Electronics,North,Delhi,3,7669.29,0.0,23007.87,12524.67,10483.2,Net Banking,Completed
O002847,2025-06-24,C00216,P0055,Sports Product 055,Sports,North,Jaipur,1,1679.4,5.0,1595.43,1343.52,251.91,Card,Pending
O002848,2025-08-24,C00070,P0073,Fashion Product 073,Fashion,South,Chennai,5,1490.03,5.0,7077.64,4362.6,2715.04,Card,Completed
O002849,2025-11-26,C00496,P0085,Sports Product 085,Sports,Central,Nagpur,1,3007.51,15.0,2556.38,2406.01,150.37,Net Banking,Pending
O002850,2025-05-22,C00482,P0045,Sports Product 045,Sports,South,Bengaluru,2,3762.55,5.0,7148.85,6020.08,1128.77,Cash,Completed
O002851,2025-07-05,C00440,P0055,Sports Product 055,Sports,Central,Bhopal,2,1679.4,0.0,3358.8,2687.04,671.76,Cash,Completed
O002852,2025-03-07,C00276,P0033,Fashion Product 033,Fashion,East,Bhubaneswar,1,2460.76,10.0,2214.68,1968.61,246.07,Net Banking,Completed
O002853,2025-05-10,C00043,P0059,Beauty Product 059,Beauty,East,Guwahati,3,1289.86,10.0,3482.62,3095.67,386.95,Net Banking,Completed
O002854,2025-10-09,C00118,P0086,Electronics Product 086,Electronics,South,Chennai,5,7032.55,0.0,35162.75,18967.85,16194.9,Wallet,Completed
O002855,2025-08-22,C00468,P0049,Beauty Product 049,Beauty,West,Mumbai,1,3123.84,0.0,3123.84,2499.07,624.77,Wallet,Completed
O002856,2025-03-18,C00403,P0008,Fashion Product 008,Fashion,Central,Bhopal,3,8265.58,0.0,24796.74,5802.0,18994.74,Cash,Cancelled
O002857,2025-07-18,C00072,P0081,Electronics Product 081,Electronics,East,Bhubaneswar,2,6874.54,0.0,13749.08,8379.58,5369.5,Cash,Cancelled
O002858,2025-10-23,C00383,P0041,Electronics Product 041,Electronics,Central,Indore,2,5698.77,0.0,11397.54,6048.94,5348.6,Cash,Completed
O002859,2025-02-15,C00425,P0099,Beauty Product 099,Beauty,South,Bengaluru,2,7721.23,15.0,13126.09,8513.96,4612.13,Card,Completed
O002860,2025-01-23,C00245,P0093,Fashion Product 093,Fashion,West,Pune,2,4536.21,10.0,8165.18,3520.92,4644.26,Cash,Completed
O002861,2025-05-23,C00282,P0022,Home Product 022,Home,Central,Nagpur,2,5577.75,10.0,10039.95,7767.48,2272.47,Card,Returned
O002862,2025-08-27,C00119,P0076,Electronics Product 076,Electronics,North,Jaipur,5,5803.55,0.0,29017.75,23214.2,5803.55,Wallet,Completed
O002863,2025-04-25,C00393,P0022,Home Product 022,Home,South,Bengaluru,2,5577.75,0.0,11155.5,7767.48,3388.02,UPI,Completed
O002864,2025-10-26,C00254,P0076,Electronics Product 076,Electronics,Central,Bhopal,1,5803.55,10.0,5223.2,4642.84,580.36,Card,Completed
O002865,2025-11-05,C00046,P0098,Fashion Product 098,Fashion,North,Delhi,1,7898.73,10.0,7108.86,496.82,6612.04,Cash,Completed
O002866,2025-07-13,C00314,P0091,Electronics Product 091,Electronics,Central,Nagpur,4,1897.13,15.0,6450.24,2052.52,4397.72,Net Banking,Completed
O002867,2025-05-18,C00040,P0071,Electronics Product 071,Electronics,South,Chennai,5,5148.93,5.0,24457.42,17738.75,6718.67,Card,Completed
O002868,2025-01-16,C00110,P0006,Electronics Product 006,Electronics,North,Delhi,3,4936.68,0.0,14810.04,3988.14,10821.9,Card,Cancelled
O002869,2025-10-27,C00181,P0078,Fashion Product 078,Fashion,North,Delhi,1,8229.86,15.0,6995.38,2240.79,4754.59,Net Banking,Completed
O002870,2025-11-22,C00157,P0099,Beauty Product 099,Beauty,Central,Bhopal,4,7721.23,20.0,24707.94,17027.92,7680.02,UPI,Completed
O002871,2025-06-11,C00402,P0080,Sports Product 080,Sports,West,Pune,5,4972.04,15.0,21131.17,19888.15,1243.02,Card,Completed
O002872,2025-07-07,C00208,P0030,Sports Product 030,Sports,East,Bhubaneswar,3,3054.9,,8706.47,7331.76,1374.7,Net Banking,Completed
O002873,2025-10-02,C00195,P0033,Fashion Product 033,Fashion,West,Pune,5,2460.76,15.0,10458.23,9843.05,615.18,Wallet,Completed
O002874,2025-09-11,C00375,P0034,Beauty Product 034,Beauty,Central,Indore,1,7768.65,0.0,7768.65,4819.01,2949.64,Cash,Completed
O002875,2025-02-19,C00094,P0063,Fashion Product 063,Fashion,North,Chandigarh,5,2531.09,5.0,12022.68,10124.35,1898.33,Card,Pending
O002876,2025-09-02,C00300,P0003,Fashion Product 003,Fashion,East,Guwahati,2,6788.51,5.0,12898.17,7730.82,5167.35,Card,Completed
O002877,2025-12-03,C00500,P0012,Home Product 012,Home,Central,Indore,2,4256.45,15.0,7235.96,4019.36,3216.6,Card,Cancelled
O002878,2025-10-01,C00160,P0064,Beauty Product 064,Beauty,Central,Indore,4,7994.51,15.0,27181.33,5986.76,21194.57,UPI,Completed
O002879,2025-06-24,C00039,P0070,Sports Product 070,Sports,East,Bhubaneswar,4,4336.1,10.0,15609.96,13875.52,1734.44,,Completed
O002880,2025-07-10,C00333,P0001,Electronics Product 001,Electronics,Central,Bhopal,2,4907.86,10.0,8834.15,7852.58,981.57,Card,Completed
O002881,2025-04-05,C00359,P0012,Home Product 012,Home,East,Bhubaneswar,1,4256.45,0.0,4256.45,2009.68,2246.77,Card,Completed
O002882,2025-08-29,C00402,P0002,Home Product 002,Home,West,Pune,3,4453.12,10.0,12023.42,10687.5,1335.92,UPI,Pending
O002883,2025-03-29,C00188,P0099,Beauty Product 099,Beauty,South,Bengaluru,1,7721.23,10.0,6949.11,4256.98,2692.13,Wallet,Completed
O002884,2025-05-05,C00117,P0044,Beauty Product 044,Beauty,South,Hyderabad,3,3801.64,10.0,10264.43,9123.93,1140.5,UPI,Completed
O002885,2025-04-07,C00306,P0065,Sports Product 065,Sports,West,Mumbai,4,7148.9,5.0,27165.82,3332.4,23833.42,Cash,Returned
O002886,2025-05-03,C00396,P0084,Beauty Product 084,Beauty,South,Bengaluru,2,5715.45,15.0,9716.26,4545.88,5170.38,Card,Completed
O002887,2025-05-14,C00431,P0082,Home Product 082,Home,West,Mumbai,1,5348.13,15.0,4545.91,2771.16,1774.75,UPI,Completed
O002888,2025-01-31,C00440,P0041,Electronics Product 041,Electronics,Central,Bhopal,4,5698.77,10.0,20515.57,12097.88,8417.69,UPI,Returned
O002889,2025-09-19,C00139,P0009,Beauty Product 009,Beauty,Central,Bhopal,2,4934.15,10.0,8881.47,7894.64,986.83,UPI,Completed
O002890,2025-06-10,C00233,P0067,Home Product 067,Home,North,Chandigarh,4,2982.59,10.0,10737.32,4732.24,6005.08,Card,Completed
O002891,2025-12-12,C00120,P0050,Sports Product 050,Sports,South,Chennai,5,4011.29,20.0,16045.16,13615.95,2429.21,Wallet,Completed
O002892,2025-03-07,C00479,P0012,Home Product 012,Home,West,Ahmedabad,3,4256.45,20.0,10215.48,6029.04,4186.44,UPI,Completed
O002893,2025-09-01,C00022,P0082,Home Product 082,Home,South,Bengaluru,5,5348.13,,25403.62,13855.8,11547.82,UPI,Completed
O002894,2025-03-07,C00260,P0028,Fashion Product 028,Fashion,South,Chennai,2,7012.16,10.0,12621.89,4360.68,8261.21,UPI,Pending
O002895,2025-07-19,C00428,P0041,Electronics Product 041,Electronics,West,Pune,5,5698.77,5.0,27069.16,15122.35,11946.81,Net Banking,Completed
O002896,2025-06-28,C00354,P0052,Home Product 052,Home,South,Bengaluru,1,3602.09,15.0,3061.78,2881.67,180.11,Wallet,Completed
O002897,2025-06-13,C00372,P0059,Beauty Product 059,Beauty,South,Bengaluru,5,1289.86,10.0,5804.37,5159.45,644.92,Net Banking,Completed
O002898,2025-08-27,C00398,P0018,Fashion Product 018,Fashion,South,Bengaluru,4,6795.4,20.0,21745.28,1139.88,20605.4,Wallet,Completed
O002899,2025-10-29,C00469,P0038,Fashion Product 038,Fashion,North,Jaipur,1,2947.65,10.0,2652.89,1211.23,1441.66,Cash,Completed
O002900,2025-04-26,C00176,P0038,Fashion Product 038,Fashion,East,Kolkata,2,2947.65,10.0,5305.77,2422.46,2883.31,Net Banking,Completed
O002901,2025-03-09,C00190,P0065,Sports Product 065,Sports,East,Guwahati,1,7148.9,10.0,6434.01,833.1,5600.91,Cash,Completed
O002902,2025-04-17,C00483,P0047,Home Product 047,Home,Central,Bhopal,1,4959.99,0.0,4959.99,3967.99,992.0,Cash,Completed
O002903,2025-04-24,C00082,P0054,Beauty Product 054,Beauty,West,Pune,4,4876.35,5.0,18530.13,15604.32,2925.81,Card,Completed
O002904,2025-12-14,C00380,P0023,Fashion Product 023,Fashion,East,Kolkata,2,3632.79,0.0,7265.58,5812.46,1453.12,Wallet,Completed
O002905,2025-02-13,C00325,P0081,Electronics Product 081,Electronics,North,Jaipur,5,6874.54,0.0,34372.7,20948.95,13423.75,Net Banking,Pending
O002906,2025-05-24,C00498,P0088,Fashion Product 088,Fashion,South,Bengaluru,1,5208.94,10.0,4688.05,4167.15,520.9,Card,Completed
O002907,2025-06-04,C00208,P0066,Electronics Product 066,Electronics,East,Bhubaneswar,2,5295.06,20.0,8472.1,2203.04,6269.06,Cash,Returned
O002908,2025-10-19,C00500,P0071,Electronics Product 071,Electronics,Central,Indore,5,5148.93,15.0,21882.95,17738.75,4144.2,Wallet,Completed
O002909,2025-06-26,C00195,P0073,Fashion Product 073,Fashion,West,Pune,5,1490.03,10.0,6705.14,4362.6,2342.53,Wallet,Completed
O002910,2025-12-18,C00473,P0008,Fashion Product 008,Fashion,South,Chennai,1,8265.58,20.0,6612.46,1934.0,4678.46,Wallet,Completed
O002911,2025-09-27,C00274,P0065,Sports Product 065,Sports,Central,Nagpur,1,7148.9,10.0,6434.01,833.1,5600.91,Card,Completed
O002912,2025-09-14,C00235,P0035,Sports Product 035,Sports,South,Bengaluru,4,8253.41,10.0,29712.28,6051.52,23660.76,Net Banking,Completed
O002913,2025-10-02,C00471,P0026,Electronics Product 026,Electronics,North,Chandigarh,3,2848.75,15.0,7264.31,4759.71,2504.6,Wallet,Completed
O002914,2025-02-28,C00073,P0090,Sports Product 090,Sports,West,Pune,2,1423.92,0.0,2847.84,1959.32,888.52,Wallet,Returned
O002915,2025-06-13,C00045,P0093,Fashion Product 093,Fashion,Central,Nagpur,1,4536.21,10.0,4082.59,1760.46,2322.13,Cash,Completed
O002916,2025-08-02,C00346,P0043,Fashion Product 043,Fashion,Central,Bhopal,5,2271.05,20.0,9084.2,9084.2,0.0,Card,Completed
O002917,2025-03-17,C00182,P0099,Beauty Product 099,Beauty,North,Delhi,3,7721.23,15.0,19689.14,12770.94,6918.2,Card,Completed
O002918,2025-02-13,C00305,P0068,Fashion Product 068,Fashion,South,Chennai,3,6082.72,0.0,18248.16,14598.54,3649.62,Card,Pending
O002919,2025-02-19,C00317,P0062,Home Product 062,Home,North,Jaipur,1,6676.1,0.0,6676.1,1750.66,4925.44,Wallet,Completed
O002920,2025-10-15,C00248,P0052,Home Product 052,Home,East,Bhubaneswar,2,3602.09,0.0,7204.18,5763.34,1440.84,Wallet,Completed
O002921,2025-08-28,C00204,P0075,Sports Product 075,Sports,Central,Bhopal,4,8144.99,10.0,29321.96,13594.44,15727.52,UPI,Completed
O002922,2025-04-13,C00404,P0044,Beauty Product 044,Beauty,East,Kolkata,4,3801.64,10.0,13685.9,12165.24,1520.66,Net Banking,Completed
O002923,2025-09-26,C00085,P0056,Electronics Product 056,Electronics,Central,Indore,3,7138.32,10.0,19273.46,6035.64,13237.82,Cash,Completed
O002924,2025-09-11,C00453,P0046,Electronics Product 046,Electronics,North,Delhi,2,8168.47,15.0,13886.4,716.64,13169.76,Cash,Cancelled
O002925,2025-10-25,C00148,P0014,Beauty Product 014,Beauty,East,Kolkata,4,4289.52,0.0,17158.08,13726.48,3431.6,Net Banking,Completed
O002926,2025-11-28,C00293,P0066,Electronics Product 066,Electronics,South,Hyderabad,5,5295.06,20.0,21180.24,5507.6,15672.64,Cash,Completed
O002927,2025-11-18,C00185,P0085,Sports Product 085,Sports,East,Kolkata,5,3007.51,10.0,13533.8,12030.05,1503.75,UPI,Completed
O002928,2025-03-07,C00438,P0088,Fashion Product 088,Fashion,North,Delhi,5,5208.94,10.0,23440.23,20835.75,2604.48,Wallet,Returned
O002929,2025-10-08,C00468,P0031,Electronics Product 031,Electronics,West,Mumbai,4,6070.56,20.0,19425.79,3893.92,15531.87,Cash,Completed
O002930,2025-05-24,C00289,P0001,Electronics Product 001,Electronics,South,Bengaluru,4,4907.86,0.0,19631.44,15705.16,3926.28,UPI,Completed
O002931,2025-05-27,C00221,P0077,Home Product 077,Home,North,Delhi,2,4076.73,10.0,7338.11,6522.76,815.35,Net Banking,Pending
O002932,2025-08-24,C00300,P0014,Beauty Product 014,Beauty,East,Guwahati,5,4289.52,10.0,19302.84,17158.1,2144.74,Cash,Completed
O002933,2025-08-08,C00324,P0051,Electronics Product 051,Electronics,West,Pune,2,7669.29,15.0,13037.79,8349.78,4688.01,Net Banking,Completed
O002934,2025-06-02,C00384,P0031,Electronics Product 031,Electronics,Central,Nagpur,2,6070.56,10.0,10927.01,1946.96,8980.05,Cash,Completed
O002935,2025-12-30,C00336,P0082,Home Product 082,Home,South,Chennai,2,5348.13,0.0,10696.26,5542.32,5153.94,Wallet,Completed
O002936,2025-03-05,C00022,P0017,Home Product 017,Home,South,Bengaluru,4,4364.81,10.0,15713.32,13967.4,1745.92,UPI,Completed
O002937,2025-02-05,C00374,P0006,Electronics Product 006,Electronics,East,Kolkata,4,4936.68,5.0,18759.38,5317.52,13441.86,UPI,Completed
O002938,2025-01-11,C00254,P0025,Sports Product 025,Sports,Central,Bhopal,1,5379.58,15.0,4572.64,4303.66,268.98,Card,Cancelled
O002939,2025-10-24,C00314,P0081,Electronics Product 081,Electronics,Central,Nagpur,1,6874.54,0.0,6874.54,4189.79,2684.75,Card,Completed
O002940,2025-05-29,C00146,P0088,Fashion Product 088,Fashion,North,Jaipur,2,5208.94,10.0,9376.09,8334.3,1041.79,Net Banking,Completed
O002941,2025-06-09,C00334,P0006,Electronics Product 006,Electronics,East,Kolkata,5,4936.68,10.0,22215.06,6646.9,15568.16,Card,Returned
O002942,2025-08-25,C00238,P0047,Home Product 047,Home,East,Bhubaneswar,4,4959.99,0.0,19839.96,15871.96,3968.0,Cash,Completed
O002943,2025-06-08,C00469,P0068,Fashion Product 068,Fashion,North,Jaipur,2,6082.72,10.0,10948.9,9732.36,1216.54,UPI,Completed
O002944,2025-07-28,C00377,P0022,Home Product 022,Home,East,Bhubaneswar,4,5577.75,5.0,21195.45,15534.96,5660.49,Net Banking,Completed
O002945,2025-01-22,C00296,P0054,Beauty Product 054,Beauty,East,Kolkata,4,4876.35,15.0,16579.59,15604.32,975.27,Cash,Pending
O002946,2025-02-26,C00405,P0009,Beauty Product 009,Beauty,West,Mumbai,1,4934.15,5.0,4687.44,3947.32,740.12,Card,Completed
O002947,2025-12-06,C00272,P0036,Electronics Product 036,Electronics,East,Bhubaneswar,1,4569.04,15.0,3883.68,3655.23,228.45,Card,Returned
O002948,2025-06-14,C00069,P0080,Sports Product 080,Sports,West,Ahmedabad,5,4972.04,10.0,22374.18,19888.15,2486.03,UPI,Completed
O002949,2025-03-02,C00048,P0014,Beauty Product 014,Beauty,South,Hyderabad,3,4289.52,15.0,10938.28,10294.86,643.42,Cash,Completed
O002950,2025-05-15,C00113,P0027,Home Product 027,Home,South,Bengaluru,3,6771.19,15.0,17266.53,8687.7,8578.83,Cash,Completed
O002951,2025-05-02,C00122,P0046,Electronics Product 046,Electronics,West,Pune,3,8168.47,5.0,23280.14,1074.96,22205.18,Net Banking,Completed
O002952,2025-04-10,C00451,P0045,Sports Product 045,Sports,North,Delhi,4,3762.55,10.0,13545.18,12040.16,1505.02,UPI,Completed
O002953,2025-04-17,C00274,P0027,Home Product 027,Home,Central,Nagpur,1,6771.19,0.0,6771.19,2895.9,3875.29,UPI,Completed
O002954,2025-09-23,C00145,P0017,Home Product 017,Home,East,Guwahati,5,4364.81,15.0,18550.44,17459.25,1091.19,Net Banking,Returned
O002955,2025-02-08,C00294,P0073,Fashion Product 073,Fashion,North,Chandigarh,5,1490.03,5.0,7077.64,4362.6,2715.04,Cash,Completed
O002956,2025-04-23,C00393,P0015,Sports Product 015,Sports,South,Bengaluru,5,4470.33,0.0,22351.65,17881.3,4470.35,Card,Completed
O002957,2025-06-20,C00018,P0035,Sports Product 035,Sports,South,Bengaluru,4,8253.41,10.0,29712.28,6051.52,23660.76,Cash,Completed
O002958,2025-07-16,C00402,P0079,Beauty Product 079,Beauty,West,Pune,5,6934.89,0.0,34674.45,23409.3,11265.15,Net Banking,Completed
O002959,2025-11-17,C00271,P0086,Electronics Product 086,Electronics,South,Chennai,2,7032.55,20.0,11252.08,7587.14,3664.94,Net Banking,Pending
O002960,2025-12-03,C00310,P0094,Beauty Product 094,Beauty,South,Hyderabad,5,5366.1,5.0,25488.97,21464.4,4024.57,UPI,Completed
O002961,2025-04-19,C00155,P0023,Fashion Product 023,Fashion,West,Pune,5,3632.79,15.0,15439.36,14531.15,908.21,Cash,Pending
O002962,2025-07-16,C00210,P0099,Beauty Product 099,Beauty,East,Kolkata,4,7721.23,0.0,30884.92,17027.92,13857.0,UPI,Completed
O002963,2025-01-09,C00141,P0017,Home Product 017,Home,Central,Nagpur,4,4364.81,0.0,17459.24,13967.4,3491.84,Net Banking,Completed
O002964,2025-08-13,C00356,P0092,Home Product 092,Home,Central,Indore,2,5945.72,15.0,10107.72,6115.86,3991.86,Wallet,Completed
O002965,2025-02-25,C00183,P0060,Sports Product 060,Sports,North,Delhi,2,7633.42,5.0,14503.5,9927.56,4575.94,Net Banking,Completed
O002966,2025-01-27,C00479,P0002,Home Product 002,Home,West,Ahmedabad,4,4453.12,20.0,14249.98,14250.0,-0.02,Card,Completed
O002967,2025-09-02,C00002,P0090,Sports Product 090,Sports,East,Guwahati,5,1423.92,0.0,7119.6,4898.3,2221.3,Cash,Completed
O002968,2025-03-06,C00027,P0005,Sports Product 005,Sports,East,Guwahati,5,7082.09,20.0,28328.36,16541.8,11786.56,Cash,Completed
O002969,2025-06-23,C00122,P0083,Fashion Product 083,Fashion,West,Pune,1,3893.45,0.0,3893.45,3114.76,778.69,Net Banking,Completed
O002970,2025-02-06,C00112,P0059,Beauty Product 059,Beauty,Central,Bhopal,1,1289.86,10.0,1160.87,1031.89,128.98,Net Banking,Completed
O002971,2025-09-29,C00189,P0057,Home Product 057,Home,West,Mumbai,3,8123.2,5.0,23151.12,5269.23,17881.89,Wallet,Completed
O002972,2025-10-06,C00401,P0067,Home Product 067,Home,South,Chennai,2,2982.59,0.0,5965.18,2366.12,3599.06,UPI,Completed
O002973,2025-07-29,C00302,P0095,Sports Product 095,Sports,East,Kolkata,2,2495.1,10.0,4491.18,2749.08,1742.1,UPI,Completed
O002974,2025-11-01,C00086,P0060,Sports Product 060,Sports,North,Jaipur,1,7633.42,20.0,6106.74,4963.78,1142.96,Cash,Completed
O002975,2025-06-08,C00475,P0051,Electronics Product 051,Electronics,South,Chennai,4,7669.29,10.0,27609.44,16699.56,10909.88,UPI,Completed
O002976,2025-03-09,C00158,P0064,Beauty Product 064,Beauty,Central,Nagpur,1,7994.51,0.0,7994.51,1496.69,6497.82,Cash,Completed
O002977,2025-02-25,C00034,P0098,Fashion Product 098,Fashion,South,Hyderabad,5,7898.73,0.0,39493.65,2484.1,37009.55,Wallet,Completed
O002978,2025-03-21,C00467,P0077,Home Product 077,Home,East,Bhubaneswar,4,4076.73,5.0,15491.57,13045.52,2446.05,Card,Completed
O002979,2025-03-14,C00206,P0063,Fashion Product 063,Fashion,South,Hyderabad,1,2531.09,15.0,2151.43,2024.87,126.56,Wallet,Completed
O002980,2025-04-28,C00007,P0013,Fashion Product 013,Fashion,East,Bhubaneswar,5,4305.64,5.0,20451.79,4335.65,16116.14,UPI,Pending
O002981,2025-03-20,C00494,P0059,Beauty Product 059,Beauty,West,Mumbai,4,1289.86,0.0,5159.44,4127.56,1031.88,Cash,Completed
O002982,2025-08-04,C00196,P0057,Home Product 057,Home,East,Guwahati,2,8123.2,15.0,13809.44,3512.82,10296.62,UPI,Completed
O002983,2025-02-24,C00339,P0097,Home Product 097,Home,Central,Indore,1,3422.29,15.0,2908.95,2737.83,171.12,Net Banking,Pending
O002984,2025-08-15,C00317,P0046,Electronics Product 046,Electronics,North,Jaipur,1,8168.47,0.0,8168.47,358.32,7810.15,Card,Returned
O002985,2025-05-02,C00470,P0070,Sports Product 070,Sports,Central,Indore,1,4336.1,15.0,3685.69,3468.88,216.81,UPI,Completed
O002986,2025-09-07,C00030,P0039,Beauty Product 039,Beauty,East,Guwahati,3,7352.91,5.0,20955.79,3269.01,17686.78,Wallet,Completed
O002987,2025-07-06,C00313,P0070,Sports Product 070,Sports,North,Jaipur,3,4336.1,5.0,12357.89,10406.64,1951.25,Net Banking,Returned
O002988,2025-11-26,C00334,P0083,Fashion Product 083,Fashion,East,Kolkata,3,3893.45,10.0,10512.31,9344.28,1168.03,Wallet,Completed
O002989,2025-06-10,C00036,P0099,Beauty Product 099,Beauty,Central,Indore,5,7721.23,10.0,34745.53,21284.9,13460.63,Card,Completed
O002990,2025-04-18,C00184,P0089,Beauty Product 089,Beauty,West,Mumbai,2,5780.76,5.0,10983.44,9249.22,1734.22,Wallet,Completed
O002991,2025-08-03,C00325,P0002,Home Product 002,Home,North,Jaipur,5,4453.12,5.0,21152.32,17812.5,3339.82,Net Banking,Completed
O002992,2025-08-28,C00251,P0002,Home Product 002,Home,North,Jaipur,3,4453.12,10.0,12023.42,10687.5,1335.92,Cash,Pending
O002993,2025-06-09,C00357,P0007,Home Product 007,Home,Central,Nagpur,5,5553.32,5.0,26378.27,20906.25,5472.02,UPI,Completed
O002994,2025-07-23,C00306,P0080,Sports Product 080,Sports,West,Mumbai,3,4972.04,20.0,11932.9,11932.89,0.01,Card,Completed
O002995,2025-06-21,C00460,P0090,Sports Product 090,Sports,North,Jaipur,3,1423.92,5.0,4058.17,2938.98,1119.19,Cash,Completed
O002996,2025-04-22,C00098,P0052,Home Product 052,Home,Central,Bhopal,1,3602.09,20.0,2881.67,2881.67,0.0,UPI,Completed
O002997,2025-04-25,C00067,P0072,Home Product 072,Home,Central,Indore,5,6223.26,15.0,26448.86,20347.95,6100.91,Wallet,Completed
O002998,2025-11-27,C00254,P0032,Home Product 032,Home,Central,Bhopal,5,2912.1,20.0,11648.4,10299.25,1349.15,Card,Completed
O002999,2025-09-03,C00017,P0029,Beauty Product 029,Beauty,North,Delhi,5,1220.38,20.0,4881.52,1789.4,3092.12,Cash,Completed
O003000,2025-02-04,C00368,P0008,Fashion Product 008,Fashion,East,Guwahati,5,8265.58,0.0,41327.9,9670.0,31657.9,Cash,Completed
O003001,2025-12-17,C00456,P0044,Beauty Product 044,Beauty,North,Jaipur,3,3801.64,15.0,9694.18,9123.93,570.25,Wallet,Pending
O003002,2025-09-17,C00443,P0007,Home Product 007,Home,West,Mumbai,2,5553.32,,9440.64,8362.5,1078.14,Net Banking,Completed
O003003,2025-01-19,C00346,P0042,Home Product 042,Home,Central,Bhopal,5,2781.36,15.0,11820.78,11125.45,695.33,Wallet,Completed
O003004,2025-09-22,C00112,P0035,Sports Product 035,Sports,Central,Bhopal,3,8253.41,20.0,19808.18,4538.64,15269.54,Card,Returned
O003005,2025-08-03,C00391,P0030,Sports Product 030,Sports,North,Chandigarh,2,3054.9,15.0,5193.33,4887.84,305.49,Net Banking,Completed
O003006,2025-11-30,C00087,P0039,Beauty Product 039,Beauty,Central,Bhopal,5,7352.91,0.0,36764.55,5448.35,31316.2,Cash,Completed
O003007,2025-06-28,C00420,P0095,Sports Product 095,Sports,Central,Indore,2,2495.1,20.0,3992.16,2749.08,1243.08,Card,Completed
O003008,2025-07-08,C00441,P0066,Electronics Product 066,Electronics,Central,Indore,3,5295.06,0.0,15885.18,3304.56,12580.62,Cash,Completed
O003009,2025-04-25,C00053,P0088,Fashion Product 088,Fashion,Central,Nagpur,3,5208.94,0.0,15626.82,12501.45,3125.37,Cash,Returned
O003010,2025-04-28,C00072,P0070,Sports Product 070,Sports,East,Bhubaneswar,5,4336.1,5.0,20596.47,17344.4,3252.07,Card,Completed
O003011,2025-08-13,C00405,P0024,Beauty Product 024,Beauty,West,Mumbai,5,2905.51,0.0,14527.55,11622.05,2905.5,Net Banking,Completed
O003012,2025-10-29,C00235,P0063,Fashion Product 063,Fashion,South,Bengaluru,5,2531.09,10.0,11389.91,10124.35,1265.56,Card,Cancelled
O003013,2025-11-21,C00229,P0055,Sports Product 055,Sports,East,Bhubaneswar,5,1679.4,10.0,7557.3,6717.6,839.7,Wallet,Completed
O003014,2025-10-08,C00074,P0080,Sports Product 080,Sports,North,Delhi,3,4972.04,0.0,14916.12,11932.89,2983.23,Wallet,Completed
O003015,2025-08-10,C00298,P0072,Home Product 072,Home,East,Guwahati,1,6223.26,5.0,5912.1,4069.59,1842.51,UPI,Completed
O003016,2025-07-02,C00275,P0074,Beauty Product 074,Beauty,West,Mumbai,4,2907.59,15.0,9885.81,8554.0,1331.81,Net Banking,Completed
O003017,2025-05-04,C00405,P0036,Electronics Product 036,Electronics,West,Mumbai,2,4569.04,5.0,8681.18,7310.46,1370.72,Net Banking,Completed
O003018,2025-10-07,C00463,P0061,Electronics Product 061,Electronics,South,Hyderabad,5,7647.57,0.0,38237.85,22406.3,15831.55,Wallet,Completed
O003019,2025-04-26,C00027,P0073,Fashion Product 073,Fashion,East,Guwahati,5,1490.03,0.0,7450.15,4362.6,3087.55,Net Banking,Completed
O003020,2025-04-08,C00406,P0056,Electronics Product 056,Electronics,East,Kolkata,2,7138.32,20.0,11421.31,4023.76,7397.55,Net Banking,Completed
O003021,2025-11-12,C00177,P0011,Electronics Product 011,Electronics,West,Ahmedabad,4,8240.08,10.0,29664.29,15150.48,14513.81,Cash,Completed
O003022,2025-08-03,C00308,P0027,Home Product 027,Home,North,Jaipur,1,6771.19,15.0,5755.51,2895.9,2859.61,Net Banking,Completed
O003023,2025-05-09,C00465,P0057,Home Product 057,Home,East,Bhubaneswar,2,8123.2,20.0,12997.12,3512.82,9484.3,UPI,Completed
O003024,2025-11-11,C00111,P0089,Beauty Product 089,Beauty,West,Ahmedabad,4,5780.76,0.0,23123.04,18498.44,4624.6,Card,Cancelled
O003025,2025-12-17,C00128,P0022,Home Product 022,Home,Central,Nagpur,5,5577.75,0.0,27888.75,19418.7,8470.05,Card,Completed
O003026,2025-04-26,C00200,P0088,Fashion Product 088,Fashion,South,Hyderabad,4,5208.94,15.0,17710.4,16668.6,1041.8,Net Banking,Returned
O003027,2025-07-09,C00269,P0051,Electronics Product 051,Electronics,North,Chandigarh,2,7669.29,10.0,13804.72,8349.78,5454.94,Wallet,Pending
O003028,2025-06-26,C00475,P0032,Home Product 032,Home,South,Chennai,1,2912.1,10.0,2620.89,2059.85,561.04,Wallet,Completed
O003029,2025-09-13,C00203,P0078,Fashion Product 078,Fashion,North,Chandigarh,2,8229.86,5.0,15636.73,4481.58,11155.15,UPI,Completed
O003030,2025-12-13,C00201,P0072,Home Product 072,Home,West,Mumbai,3,6223.26,10.0,16802.8,12208.77,4594.03,,Pending
O003031,2025-07-19,C00196,P0095,Sports Product 095,Sports,East,Guwahati,1,2495.1,15.0,2120.84,1374.54,746.3,Card,Completed
O003032,2025-10-18,C00377,P0085,Sports Product 085,Sports,East,Bhubaneswar,3,3007.51,0.0,9022.53,7218.03,1804.5,Wallet,Completed
O003033,2025-08-05,C00255,P0072,Home Product 072,Home,West,Ahmedabad,2,6223.26,0.0,12446.52,8139.18,4307.34,Card,Completed
O003034,2025-11-19,C00211,P0024,Beauty Product 024,Beauty,North,Jaipur,1,2905.51,10.0,2614.96,2324.41,290.55,Cash,Completed
O003035,2025-05-28,C00352,P0082,Home Product 082,Home,East,Bhubaneswar,1,5348.13,0.0,5348.13,2771.16,2576.97,UPI,Pending
O003036,2025-05-21,C00358,P0036,Electronics Product 036,Electronics,East,Guwahati,4,4569.04,15.0,15534.74,14620.92,913.82,UPI,Completed
O003037,2025-12-29,C00099,P0100,Sports Product 100,Sports,East,Bhubaneswar,4,6735.82,10.0,24248.95,16238.48,8010.47,UPI,Completed
O003038,2025-08-11,C00452,P0050,Sports Product 050,Sports,West,Ahmedabad,2,4011.29,10.0,7220.32,5446.38,1773.94,Wallet,Completed
O003039,2025-02-25,C00129,P0063,Fashion Product 063,Fashion,East,Kolkata,1,2531.09,10.0,2277.98,2024.87,253.11,Net Banking,Completed
O003040,2025-01-15,C00053,P0074,Beauty Product 074,Beauty,Central,Nagpur,1,2907.59,5.0,2762.21,2138.5,623.71,UPI,Completed
O003041,2025-07-08,C00105,P0078,Fashion Product 078,Fashion,North,Jaipur,1,8229.86,10.0,7406.87,2240.79,5166.08,Net Banking,Completed
O003042,2025-10-21,C00366,P0044,Beauty Product 044,Beauty,South,Bengaluru,1,3801.64,10.0,3421.48,3041.31,380.17,Net Banking,Completed
O003043,2025-06-24,C00473,P0095,Sports Product 095,Sports,South,Chennai,2,2495.1,0.0,4990.2,2749.08,2241.12,UPI,Returned
O003044,2025-07-23,C00036,P0006,Electronics Product 006,Electronics,Central,Indore,5,4936.68,0.0,24683.4,6646.9,18036.5,UPI,Completed
O003045,2025-10-18,C00477,P0091,Electronics Product 091,Electronics,North,Delhi,3,1897.13,10.0,5122.25,1539.39,3582.86,Card,Completed
O003046,2025-07-07,C00494,P0036,Electronics Product 036,Electronics,West,Mumbai,4,4569.04,0.0,18276.16,14620.92,3655.24,Net Banking,Completed
O003047,2025-11-27,C00360,P0100,Sports Product 100,Sports,North,Chandigarh,1,6735.82,20.0,5388.66,4059.62,1329.04,UPI,Completed
O003048,2025-08-21,C00130,P0043,Fashion Product 043,Fashion,South,Hyderabad,2,2271.05,0.0,4542.1,3633.68,908.42,UPI,Completed
O003049,2025-09-24,C00018,P0027,Home Product 027,Home,South,Bengaluru,3,6771.19,10.0,18282.21,8687.7,9594.51,UPI,Cancelled
O003050,2025-10-12,C00482,P0088,Fashion Product 088,Fashion,South,Bengaluru,2,5208.94,20.0,8334.3,8334.3,0.0,Net Banking,Returned
O003051,2025-08-17,C00006,P0087,Home Product 087,Home,South,Chennai,4,5255.47,0.0,21021.88,2264.6,18757.28,Wallet,Cancelled
O003052,2025-01-19,C00002,P0020,Sports Product 020,Sports,East,Guwahati,3,3689.4,15.0,9407.97,8854.56,553.41,Card,Completed
O003053,2025-06-05,C00493,P0073,Fashion Product 073,Fashion,West,Pune,2,1490.03,20.0,2384.05,1745.04,639.01,Cash,Completed
O003054,2025-02-21,C00464,P0002,Home Product 002,Home,South,Hyderabad,5,4453.12,0.0,22265.6,17812.5,4453.1,Wallet,Completed
O003055,2025-07-05,C00092,P0028,Fashion Product 028,Fashion,East,Guwahati,5,7012.16,10.0,31554.72,10901.7,20653.02,Cash,Completed
O003056,2025-02-22,C00142,P0006,Electronics Product 006,Electronics,North,Chandigarh,2,4936.68,5.0,9379.69,2658.76,6720.93,Net Banking,Pending
O003057,2025-07-05,C00282,P0022,Home Product 022,Home,Central,Nagpur,1,5577.75,15.0,4741.09,3883.74,857.35,UPI,Completed
O003058,2025-05-06,C00238,P0093,Fashion Product 093,Fashion,East,Bhubaneswar,4,4536.21,0.0,18144.84,7041.84,11103.0,Card,Completed
O003059,2025-01-08,C00443,P0057,Home Product 057,Home,West,Mumbai,2,8123.2,10.0,14621.76,3512.82,11108.94,UPI,Completed
O003060,2025-02-15,C00061,P0001,Electronics Product 001,Electronics,East,Guwahati,4,4907.86,10.0,17668.3,15705.16,1963.14,Net Banking,Completed
O003061,2025-07-03,C00242,P0015,Sports Product 015,Sports,South,Bengaluru,2,4470.33,10.0,8046.59,7152.52,894.07,Card,Completed
O003062,2025-01-29,C00453,P0054,Beauty Product 054,Beauty,North,Delhi,4,4876.35,20.0,15604.32,15604.32,0.0,Cash,Completed
O003063,2025-11-08,C00119,P0059,Beauty Product 059,Beauty,North,Jaipur,4,1289.86,15.0,4385.52,4127.56,257.96,Net Banking,Completed
O003064,2025-10-04,C00202,P0095,Sports Product 095,Sports,North,Delhi,2,2495.1,0.0,4990.2,2749.08,2241.12,Net Banking,Completed
O003065,2025-09-16,C00277,P0078,Fashion Product 078,Fashion,West,,5,8229.86,0.0,41149.3,11203.95,29945.35,Cash,Completed
O003066,2025-03-04,C00157,P0061,Electronics Product 061,Electronics,Central,Bhopal,3,7647.57,10.0,20648.44,13443.78,7204.66,Cash,Completed
O003067,2025-10-17,C00394,P0075,Sports Product 075,Sports,North,Chandigarh,3,8144.99,15.0,20769.72,10195.83,10573.89,Cash,Pending
O003068,2025-08-20,C00355,P0093,Fashion Product 093,Fashion,North,Delhi,4,4536.21,10.0,16330.36,7041.84,9288.52,Cash,Completed
O003069,2025-05-23,C00432,P0091,Electronics Product 091,Electronics,South,Bengaluru,5,1897.13,15.0,8062.8,2565.65,5497.15,Cash,Completed
O003070,2025-01-01,C00073,P0016,Electronics Product 016,Electronics,West,Pune,4,5090.79,10.0,18326.84,16290.52,2036.32,UPI,Returned
O003071,2025-07-12,C00160,P0061,Electronics Product 061,Electronics,Central,Indore,3,7647.57,5.0,21795.57,13443.78,8351.79,Wallet,Completed
O003072,2025-10-17,C00111,P0057,Home Product 057,Home,West,Ahmedabad,3,8123.2,20.0,19495.68,5269.23,14226.45,Wallet,Pending
O003073,2025-01-13,C00437,P0001,Electronics Product 001,Electronics,South,Chennai,5,4907.86,0.0,24539.3,19631.45,4907.85,Card,Completed
O003074,2025-01-20,C00019,P0085,Sports Product 085,Sports,North,Chandigarh,3,3007.51,5.0,8571.4,7218.03,1353.37,UPI,Completed
O003075,2025-05-20,C00096,P0029,Beauty Product 029,Beauty,North,Chandigarh,2,1220.38,5.0,2318.72,715.76,1602.96,Wallet,Completed
O003076,2025-07-06,C00485,P0094,Beauty Product 094,Beauty,Central,Nagpur,4,5366.1,20.0,17171.52,17171.52,0.0,Net Banking,Completed
O003077,2025-06-22,C00268,P0001,Electronics Product 001,Electronics,East,Guwahati,4,4907.86,10.0,17668.3,15705.16,1963.14,UPI,Pending
O003078,2025-06-05,C00207,P0012,Home Product 012,Home,Central,Bhopal,1,4256.45,10.0,3830.8,2009.68,1821.12,UPI,Completed
O003079,2025-04-03,C00474,P0057,Home Product 057,Home,South,Hyderabad,2,8123.2,0.0,16246.4,3512.82,12733.58,Net Banking,Returned
O003080,2025-01-22,C00047,P0089,Beauty Product 089,Beauty,North,Jaipur,3,5780.76,0.0,17342.28,13873.83,3468.45,Card,Completed
O003081,2025-01-12,C00247,P0059,Beauty Product 059,Beauty,East,Bhubaneswar,1,1289.86,0.0,1289.86,1031.89,257.97,Cash,Completed
O003082,2025-02-05,C00499,P0018,Fashion Product 018,Fashion,West,Ahmedabad,2,6795.4,15.0,11552.18,569.94,10982.24,Net Banking,Completed
O003083,2025-09-09,C00233,P0050,Sports Product 050,Sports,North,Chandigarh,1,4011.29,15.0,3409.6,2723.19,686.41,Cash,Completed
O003084,2025-10-14,C00327,P0006,Electronics Product 006,Electronics,Central,Indore,4,4936.68,15.0,16784.71,5317.52,11467.19,Cash,Completed
O003085,2025-06-08,C00169,P0081,Electronics Product 081,Electronics,West,Mumbai,2,6874.54,5.0,13061.63,8379.58,4682.05,Card,Completed
O003086,2025-01-29,C00355,P0057,Home Product 057,Home,North,Delhi,2,8123.2,0.0,16246.4,3512.82,12733.58,Wallet,Completed
O003087,2025-06-01,C00282,P0095,Sports Product 095,Sports,Central,Nagpur,2,2495.1,20.0,3992.16,2749.08,1243.08,Cash,Completed
O003088,2025-12-25,C00458,P0074,Beauty Product 074,Beauty,East,Guwahati,4,2907.59,0.0,11630.36,8554.0,3076.36,Cash,Completed
O003089,2025-04-01,C00484,P0081,Electronics Product 081,Electronics,West,Mumbai,5,6874.54,5.0,32654.06,20948.95,11705.11,Wallet,Completed
O003090,2025-06-28,C00276,P0063,Fashion Product 063,Fashion,East,Bhubaneswar,1,2531.09,5.0,2404.54,2024.87,379.67,Card,Completed
O003091,2025-07-15,C00481,P0079,Beauty Product 079,Beauty,Central,Indore,5,6934.89,5.0,32940.73,23409.3,9531.43,UPI,Completed
O003092,2025-05-01,C00384,P0063,Fashion Product 063,Fashion,Central,Nagpur,3,2531.09,10.0,6833.94,6074.61,759.33,Wallet,Completed
O003093,2025-06-09,C00488,P0075,Sports Product 075,Sports,East,Bhubaneswar,3,8144.99,10.0,21991.47,10195.83,11795.64,Net Banking,Completed
O003094,2025-06-21,C00408,P0041,Electronics Product 041,Electronics,Central,Indore,1,5698.77,10.0,5128.89,3024.47,2104.42,Wallet,Completed
O003095,2025-06-22,C00128,P0093,Fashion Product 093,Fashion,Central,Nagpur,3,4536.21,5.0,12928.2,5281.38,7646.82,Cash,Completed
O003096,2025-09-19,C00205,P0057,Home Product 057,Home,South,Chennai,4,8123.2,15.0,27618.88,7025.64,20593.24,Card,Completed
O003097,2025-07-31,C00223,P0078,Fashion Product 078,Fashion,North,Delhi,3,8229.86,5.0,23455.1,6722.37,16732.73,Card,Pending
O003098,2025-01-20,C00129,P0093,Fashion Product 093,Fashion,East,Kolkata,1,4536.21,5.0,4309.4,1760.46,2548.94,Cash,Returned
O003099,2025-01-03,C00025,P0046,Electronics Product 046,Electronics,East,Guwahati,1,8168.47,10.0,7351.62,358.32,6993.3,Wallet,Completed
O003100,2025-05-30,C00129,P0035,Sports Product 035,Sports,East,Kolkata,4,8253.41,5.0,31362.96,6051.52,25311.44,Card,Completed
O003101,2025-11-27,C00454,P0079,Beauty Product 079,Beauty,West,Mumbai,5,6934.89,5.0,32940.73,23409.3,9531.43,Net Banking,Completed
O003102,2025-01-14,C00051,P0059,Beauty Product 059,Beauty,South,Chennai,4,1289.86,5.0,4901.47,4127.56,773.91,Wallet,Completed
O003103,2025-01-26,C00154,P0057,Home Product 057,Home,East,Kolkata,2,8123.2,15.0,13809.44,3512.82,10296.62,Cash,Completed
O003104,2025-09-05,C00396,P0047,Home Product 047,Home,South,Bengaluru,4,4959.99,10.0,17855.96,15871.96,1984.0,Wallet,Completed
O003105,2025-06-14,C00420,P0087,Home Product 087,Home,Central,Indore,5,5255.47,15.0,22335.75,2830.75,19505.0,Card,Completed
O003106,2025-03-25,C00367,P0043,Fashion Product 043,Fashion,East,Bhubaneswar,4,2271.05,15.0,7721.57,7267.36,454.21,UPI,Completed
O003107,2025-03-17,C00482,P0019,Beauty Product 019,Beauty,South,Bengaluru,1,6745.83,15.0,5733.96,3599.54,2134.42,Card,Completed
O003108,2025-08-31,C00290,P0072,Home Product 072,Home,South,Chennai,3,6223.26,15.0,15869.31,12208.77,3660.54,Cash,Completed
O003109,2025-07-10,C00413,P0095,Sports Product 095,Sports,South,Bengaluru,2,2495.1,5.0,4740.69,2749.08,1991.61,Card,Completed
O003110,2025-08-21,C00266,P0063,Fashion Product 063,Fashion,South,Bengaluru,1,2531.09,15.0,2151.43,2024.87,126.56,Net Banking,Completed
O003111,2025-04-13,C00196,P0055,Sports Product 055,Sports,East,Guwahati,2,1679.4,0.0,3358.8,2687.04,671.76,Cash,Completed
O003112,2025-07-11,C00237,P0037,Home Product 037,Home,West,Ahmedabad,1,7720.82,0.0,7720.82,707.86,7012.96,Wallet,Cancelled
O003113,2025-11-10,C00350,P0089,Beauty Product 089,Beauty,East,Bhubaneswar,1,5780.76,10.0,5202.68,4624.61,578.07,Wallet,Pending
O003114,2025-04-26,C00046,P0010,Sports Product 010,Sports,North,Delhi,5,1734.32,10.0,7804.44,2290.35,5514.09,UPI,Completed
O003115,2025-05-25,C00391,P0062,Home Product 062,Home,North,Chandigarh,2,6676.1,10.0,12016.98,3501.32,8515.66,Wallet,Completed
O003116,2025-03-01,C00468,P0014,Beauty Product 014,Beauty,West,Mumbai,3,4289.52,0.0,12868.56,10294.86,2573.7,Net Banking,Pending
O003117,2025-08-21,C00382,P0059,Beauty Product 059,Beauty,East,Kolkata,3,1289.86,10.0,3482.62,3095.67,386.95,Cash,Completed
O003118,2025-01-12,C00218,P0085,Sports Product 085,Sports,South,Hyderabad,4,3007.51,10.0,10827.04,9624.04,1203.0,UPI,Returned
O003119,2025-04-01,C00430,P0020,Sports Product 020,Sports,East,Kolkata,3,3689.4,5.0,10514.79,8854.56,1660.23,Net Banking,Returned
O003120,2025-09-17,C00422,P0017,Home Product 017,Home,South,Bengaluru,5,4364.81,0.0,21824.05,17459.25,4364.8,Net Banking,Completed
O003121,2025-01-08,C00283,P0057,Home Product 057,Home,Central,Bhopal,4,8123.2,10.0,29243.52,7025.64,22217.88,UPI,Completed
O003122,2025-12-27,C00376,P0012,Home Product 012,Home,North,Chandigarh,5,4256.45,5.0,20218.14,10048.4,10169.74,Cash,Returned
O003123,2025-05-28,C00050,P0006,Electronics Product 006,Electronics,South,Hyderabad,1,4936.68,10.0,4443.01,1329.38,3113.63,Cash,Completed
O003124,2025-05-26,C00163,P0055,Sports Product 055,Sports,Central,Indore,1,1679.4,0.0,1679.4,1343.52,335.88,Cash,Completed
O003125,2025-07-15,C00028,P0007,Home Product 007,Home,East,Kolkata,5,5553.32,0.0,27766.6,20906.25,6860.35,UPI,Completed
O003126,2025-08-21,C00203,P0071,Electronics Product 071,Electronics,North,Chandigarh,1,5148.93,10.0,4634.04,3547.75,1086.29,Card,Completed
O003127,2025-06-17,C00147,P0026,Electronics Product 026,Electronics,West,Mumbai,2,2848.75,10.0,5127.75,3173.14,1954.61,UPI,Completed
O003128,2025-11-18,C00380,P0092,Home Product 092,Home,East,Kolkata,5,5945.72,5.0,28242.17,15289.65,12952.52,UPI,Completed
O003129,2025-12-17,C00192,P0008,Fashion Product 008,Fashion,East,Kolkata,5,8265.58,10.0,37195.11,9670.0,27525.11,UPI,Completed
O003130,2025-03-14,C00320,P0098,Fashion Product 098,Fashion,Central,Nagpur,3,7898.73,15.0,20141.76,1490.46,18651.3,,Pending
O003131,2025-09-15,C00411,P0096,Electronics Product 096,Electronics,North,Chandigarh,3,2784.06,15.0,7099.35,6681.75,417.6,Net Banking,Cancelled
O003132,2025-04-20,C00102,P0018,Fashion Product 018,Fashion,North,Chandigarh,5,6795.4,10.0,30579.3,1424.85,29154.45,Wallet,Completed
O003133,2025-12-29,C00183,P0020,Sports Product 020,Sports,North,Delhi,5,3689.4,15.0,15679.95,14757.6,922.35,Wallet,Returned
O003134,2025-04-03,C00127,P0075,Sports Product 075,Sports,East,Kolkata,3,8144.99,15.0,20769.72,10195.83,10573.89,Wallet,Completed
O003135,2025-04-18,C00223,P0017,Home Product 017,Home,North,Delhi,3,4364.81,5.0,12439.71,10475.55,1964.16,UPI,Pending
O003136,2025-09-17,C00030,P0044,Beauty Product 044,Beauty,East,Guwahati,1,3801.64,15.0,3231.39,3041.31,190.08,Net Banking,Pending
O003137,2025-10-15,C00070,P0009,Beauty Product 009,Beauty,South,Chennai,2,4934.15,15.0,8388.05,7894.64,493.41,Cash,Completed
O003138,2025-02-16,C00022,P0060,Sports Product 060,Sports,South,Bengaluru,2,7633.42,0.0,15266.84,9927.56,5339.28,Wallet,Completed
O003139,2025-07-22,C00296,P0036,Electronics Product 036,Electronics,East,Kolkata,1,4569.04,15.0,3883.68,3655.23,228.45,Card,Completed
O003140,2025-05-06,C00090,P0022,Home Product 022,Home,South,Bengaluru,2,5577.75,10.0,10039.95,7767.48,2272.47,Card,Completed
O003141,2025-08-11,C00220,P0052,Home Product 052,Home,Central,Nagpur,3,3602.09,10.0,9725.64,8645.01,1080.63,Net Banking,Completed
O003142,2025-07-22,C00403,P0040,Sports Product 040,Sports,Central,Bhopal,4,4584.31,5.0,17420.38,14669.8,2750.58,Net Banking,Completed
O003143,2025-12-25,C00383,P0085,Sports Product 085,Sports,Central,Indore,4,3007.51,10.0,10827.04,9624.04,1203.0,UPI,Completed
O003144,2025-12-06,C00429,P0093,Fashion Product 093,Fashion,North,Jaipur,3,4536.21,15.0,11567.34,5281.38,6285.96,Wallet,Completed
O003145,2025-08-27,C00230,P0061,Electronics Product 061,Electronics,East,Bhubaneswar,2,7647.57,5.0,14530.38,8962.52,5567.86,Net Banking,Completed
O003146,2025-09-05,C00104,P0081,Electronics Product 081,Electronics,East,Bhubaneswar,1,6874.54,0.0,6874.54,4189.79,2684.75,UPI,Completed
O003147,2025-11-24,C00388,P0098,Fashion Product 098,Fashion,Central,Bhopal,3,7898.73,20.0,18956.95,1490.46,17466.49,UPI,Pending
O003148,2025-03-08,C00412,P0036,Electronics Product 036,Electronics,West,Pune,4,4569.04,10.0,16448.54,14620.92,1827.62,UPI,Returned
O003149,2025-09-22,C00171,P0078,Fashion Product 078,Fashion,West,Mumbai,2,8229.86,0.0,16459.72,4481.58,11978.14,UPI,Completed
O003150,2025-10-09,C00254,P0083,Fashion Product 083,Fashion,Central,Bhopal,3,3893.45,5.0,11096.33,9344.28,1752.05,Card,Completed
O003151,2025-02-16,C00098,P0085,Sports Product 085,Sports,Central,Bhopal,5,3007.51,10.0,13533.8,12030.05,1503.75,Card,Completed
O003152,2025-11-17,C00134,P0098,Fashion Product 098,Fashion,Central,Nagpur,4,7898.73,10.0,28435.43,1987.28,26448.15,Cash,Completed
O003153,2025-09-12,C00430,P0049,Beauty Product 049,Beauty,East,Kolkata,2,3123.84,5.0,5935.3,4998.14,937.16,Wallet,Completed
O003154,2025-05-07,C00475,P0071,Electronics Product 071,Electronics,South,Chennai,4,5148.93,5.0,19565.93,14191.0,5374.93,UPI,Completed
O003155,2025-06-26,C00160,P0028,Fashion Product 028,Fashion,Central,Indore,2,7012.16,20.0,11219.46,4360.68,6858.78,Wallet,Completed
O003156,2025-06-28,C00229,P0100,Sports Product 100,Sports,East,Bhubaneswar,3,6735.82,0.0,20207.46,12178.86,8028.6,UPI,Completed
O003157,2025-12-01,C00174,P0078,Fashion Product 078,Fashion,West,Mumbai,5,8229.86,20.0,32919.44,11203.95,21715.49,UPI,Completed
O003158,2025-12-19,C00491,P0013,Fashion Product 013,Fashion,East,Guwahati,3,4305.64,10.0,11625.23,2601.39,9023.84,Card,Completed
O003159,2025-10-21,C00322,P0018,Fashion Product 018,Fashion,Central,Bhopal,1,6795.4,15.0,5776.09,284.97,5491.12,Cash,Completed
O003160,2025-08-26,C00259,P0046,Electronics Product 046,Electronics,South,Bengaluru,5,8168.47,15.0,34716.0,1791.6,32924.4,Net Banking,Completed
O003161,2025-02-07,C00148,P0055,Sports Product 055,Sports,East,Kolkata,3,1679.4,5.0,4786.29,4030.56,755.73,Net Banking,Completed
O003162,2025-11-29,C00247,P0095,Sports Product 095,Sports,East,Bhubaneswar,3,2495.1,15.0,6362.5,4123.62,2238.88,Net Banking,Cancelled
O003163,2025-02-18,C00492,P0037,Home Product 037,Home,North,Chandigarh,2,7720.82,0.0,15441.64,1415.72,14025.92,Net Banking,Completed
O003164,2025-03-02,C00200,P0063,Fashion Product 063,Fashion,South,Hyderabad,5,2531.09,10.0,11389.91,10124.35,1265.56,Net Banking,Completed
O003165,2025-01-26,C00091,P0014,Beauty Product 014,Beauty,South,Bengaluru,2,4289.52,10.0,7721.14,6863.24,857.9,Cash,Completed
O003166,2025-12-11,C00437,P0028,Fashion Product 028,Fashion,South,Chennai,5,7012.16,10.0,31554.72,10901.7,20653.02,Net Banking,Completed
O003167,2025-06-29,C00437,P0066,Electronics Product 066,Electronics,South,Chennai,5,5295.06,5.0,25151.53,5507.6,19643.93,Card,Completed
O003168,2025-03-27,C00095,P0058,Fashion Product 058,Fashion,West,Ahmedabad,1,3370.65,5.0,3202.12,2696.52,505.6,Net Banking,Cancelled
O003169,2025-01-30,C00403,P0022,Home Product 022,Home,Central,Bhopal,2,5577.75,20.0,8924.4,7767.48,1156.92,,Completed
O003170,2025-05-30,C00215,P0050,Sports Product 050,Sports,Central,Bhopal,2,4011.29,0.0,8022.58,5446.38,2576.2,,Completed
O003171,2025-09-21,C00411,P0084,Beauty Product 084,Beauty,North,Chandigarh,5,5715.45,0.0,28577.25,11364.7,17212.55,Net Banking,Completed
O003172,2025-12-29,C00403,P0030,Sports Product 030,Sports,Central,Bhopal,4,3054.9,10.0,10997.64,9775.68,1221.96,Card,Completed
O003173,2025-07-21,C00464,P0094,Beauty Product 094,Beauty,South,Hyderabad,1,5366.1,15.0,4561.19,4292.88,268.31,Card,Pending
O003174,2025-08-09,C00311,P0058,Fashion Product 058,Fashion,North,Jaipur,3,3370.65,15.0,8595.16,8089.56,505.6,Card,Returned
O003175,2025-11-01,C00057,P0018,Fashion Product 018,Fashion,West,Ahmedabad,1,6795.4,15.0,5776.09,284.97,5491.12,UPI,Pending
O003176,2025-11-25,C00367,P0022,Home Product 022,Home,East,Bhubaneswar,5,5577.75,15.0,23705.44,19418.7,4286.74,Net Banking,Completed
O003177,2025-04-12,C00304,P0048,Fashion Product 048,Fashion,Central,Nagpur,5,8002.61,10.0,36011.74,12904.3,23107.44,UPI,Completed
O003178,2025-12-28,C00441,P0063,Fashion Product 063,Fashion,Central,Indore,3,2531.09,5.0,7213.61,6074.61,1139.0,Wallet,Completed
O003179,2025-07-08,C00281,P0067,Home Product 067,Home,West,Mumbai,3,2982.59,15.0,7605.6,3549.18,4056.42,UPI,Cancelled
O003180,2025-12-05,C00109,P0055,Sports Product 055,Sports,South,Hyderabad,2,1679.4,10.0,3022.92,2687.04,335.88,UPI,Completed
O003181,2025-02-12,C00303,P0051,Electronics Product 051,Electronics,North,Delhi,4,7669.29,0.0,30677.16,16699.56,13977.6,Card,Completed
O003182,2025-02-05,C00034,P0052,Home Product 052,Home,South,Hyderabad,4,3602.09,15.0,12247.11,11526.68,720.43,Net Banking,Completed
O003183,2025-11-18,C00224,P0002,Home Product 002,Home,South,Hyderabad,3,4453.12,15.0,11355.46,10687.5,667.96,UPI,Completed
O003184,2025-09-02,C00254,P0008,Fashion Product 008,Fashion,Central,Bhopal,4,8265.58,10.0,29756.09,7736.0,22020.09,Cash,Completed
O003185,2025-03-05,C00077,P0075,Sports Product 075,Sports,South,Bengaluru,5,8144.99,0.0,40724.95,16993.05,23731.9,Net Banking,Completed
O003186,2025-11-22,C00393,P0010,Sports Product 010,Sports,South,Bengaluru,3,1734.32,10.0,4682.66,1374.21,3308.45,Wallet,Completed
O003187,2025-02-07,C00346,P0023,Fashion Product 023,Fashion,Central,Bhopal,4,3632.79,5.0,13804.6,11624.92,2179.68,UPI,Completed
O003188,2025-09-06,C00209,P0073,Fashion Product 073,Fashion,West,Pune,1,1490.03,15.0,1266.53,872.52,394.01,Card,Pending
O003189,2025-03-16,C00090,P0088,Fashion Product 088,Fashion,South,Bengaluru,1,5208.94,10.0,4688.05,4167.15,520.9,Wallet,Completed
O003190,2025-01-26,C00316,P0092,Home Product 092,Home,North,Delhi,2,5945.72,0.0,11891.44,6115.86,5775.58,UPI,Completed
O003191,2025-10-21,C00075,P0069,Beauty Product 069,Beauty,South,Chennai,5,2337.25,20.0,9349.0,1581.0,7768.0,Wallet,Completed
O003192,2025-11-05,C00091,P0034,Beauty Product 034,Beauty,South,Bengaluru,1,7768.65,0.0,7768.65,4819.01,2949.64,UPI,Returned
O003193,2025-02-08,C00249,P0008,Fashion Product 008,Fashion,North,Jaipur,1,8265.58,10.0,7439.02,1934.0,5505.02,Net Banking,Completed
O003194,2025-02-03,C00454,P0044,Beauty Product 044,Beauty,West,Mumbai,3,3801.64,0.0,11404.92,9123.93,2280.99,Wallet,Completed
O003195,2025-08-12,C00243,P0039,Beauty Product 039,Beauty,Central,Nagpur,5,7352.91,15.0,31249.87,5448.35,25801.52,Wallet,Completed
O003196,2025-01-11,C00358,P0085,Sports Product 085,Sports,East,Guwahati,1,3007.51,10.0,2706.76,2406.01,300.75,Cash,Completed
O003197,2025-09-29,C00388,P0097,Home Product 097,Home,Central,Bhopal,1,3422.29,20.0,2737.83,2737.83,0.0,Cash,Completed
O003198,2025-11-30,C00089,P0095,Sports Product 095,Sports,North,Delhi,4,2495.1,10.0,8982.36,5498.16,3484.2,Cash,Completed
O003199,2025-10-01,C00190,P0050,Sports Product 050,Sports,East,Guwahati,5,4011.29,0.0,20056.45,13615.95,6440.5,Wallet,Completed
O003200,2025-03-25,C00055,P0078,Fashion Product 078,Fashion,North,Jaipur,4,8229.86,10.0,29627.5,8963.16,20664.34,Card,Returned
O003201,2025-03-11,C00184,P0076,Electronics Product 076,Electronics,West,Mumbai,4,5803.55,15.0,19732.07,18571.36,1160.71,Wallet,Returned
O003202,2025-09-05,C00039,P0026,Electronics Product 026,Electronics,East,Bhubaneswar,3,2848.75,10.0,7691.62,4759.71,2931.91,Cash,Completed
O003203,2025-01-23,C00047,P0051,Electronics Product 051,Electronics,North,Jaipur,3,7669.29,5.0,21857.48,12524.67,9332.81,UPI,Returned
O003204,2025-07-15,C00387,P0024,Beauty Product 024,Beauty,East,Bhubaneswar,5,2905.51,10.0,13074.8,11622.05,1452.75,UPI,Completed
O003205,2025-06-13,C00113,P0097,Home Product 097,Home,South,Bengaluru,2,3422.29,20.0,5475.66,5475.66,0.0,UPI,Completed
O003206,2025-09-29,C00097,P0064,Beauty Product 064,Beauty,East,Bhubaneswar,3,7994.51,10.0,21585.18,4490.07,17095.11,UPI,Returned
O003207,2025-03-15,C00209,P0009,Beauty Product 009,Beauty,West,Pune,2,4934.15,10.0,8881.47,7894.64,986.83,Card,Completed
O003208,2025-10-05,C00312,P0012,Home Product 012,Home,East,Kolkata,2,4256.45,15.0,7235.96,4019.36,3216.6,Cash,Completed
O003209,2025-09-12,C00079,P0053,Fashion Product 053,Fashion,South,Bengaluru,1,5775.38,5.0,5486.61,1585.86,3900.75,Card,Pending
O003210,2025-03-28,C00069,P0073,Fashion Product 073,Fashion,West,Ahmedabad,2,1490.03,10.0,2682.05,1745.04,937.01,UPI,Cancelled
O003211,2025-05-10,C00273,P0025,Sports Product 025,Sports,Central,Bhopal,5,5379.58,15.0,22863.22,21518.3,1344.92,Cash,Completed
O003212,2025-01-25,C00310,P0009,Beauty Product 009,Beauty,South,Hyderabad,5,4934.15,5.0,23437.21,19736.6,3700.61,Card,Returned
O003213,2025-06-13,C00374,P0068,Fashion Product 068,Fashion,East,Kolkata,4,6082.72,10.0,21897.79,19464.72,2433.07,UPI,Returned
O003214,2025-04-05,C00184,P0051,Electronics Product 051,Electronics,West,Mumbai,2,7669.29,20.0,12270.86,8349.78,3921.08,Cash,Completed
O003215,2025-02-11,C00424,P0044,Beauty Product 044,Beauty,East,Kolkata,5,3801.64,10.0,17107.38,15206.55,1900.83,Card,Completed
O003216,2025-07-23,C00108,P0031,Electronics Product 031,Electronics,East,Bhubaneswar,5,6070.56,10.0,27317.52,4867.4,22450.12,Wallet,Cancelled
O003217,2025-07-26,C00418,P0027,Home Product 027,Home,West,Pune,5,6771.19,15.0,28777.56,14479.5,14298.06,Card,Returned
O003218,2025-02-01,C00185,P0061,Electronics Product 061,Electronics,East,Kolkata,5,7647.57,0.0,38237.85,22406.3,15831.55,Wallet,Completed
O003219,2025-03-09,C00464,P0099,Beauty Product 099,Beauty,South,Hyderabad,5,7721.23,15.0,32815.23,21284.9,11530.33,Wallet,Completed
O003220,2025-01-31,C00153,P0065,Sports Product 065,Sports,South,Chennai,1,7148.9,5.0,6791.45,833.1,5958.35,Wallet,Cancelled
O003221,2025-09-05,C00434,P0069,Beauty Product 069,Beauty,North,Chandigarh,1,2337.25,5.0,2220.39,316.2,1904.19,Wallet,Completed
O003222,2025-05-04,C00456,P0068,Fashion Product 068,Fashion,North,Jaipur,1,6082.72,0.0,6082.72,4866.18,1216.54,UPI,Completed
O003223,2025-01-26,C00143,P0064,Beauty Product 064,Beauty,North,Chandigarh,5,7994.51,5.0,37973.92,7483.45,30490.47,Net Banking,Pending
O003224,2025-03-11,C00305,P0014,Beauty Product 014,Beauty,South,Chennai,5,4289.52,5.0,20375.22,17158.1,3217.12,Wallet,Completed
O003225,2025-12-22,C00252,P0087,Home Product 087,Home,East,Guwahati,5,5255.47,10.0,23649.62,2830.75,20818.87,Card,Completed
O003226,2025-04-04,C00114,P0011,Electronics Product 011,Electronics,South,Chennai,4,8240.08,15.0,28016.27,15150.48,12865.79,UPI,Completed
O003227,2025-09-07,C00396,P0046,Electronics Product 046,Electronics,South,Bengaluru,1,8168.47,10.0,7351.62,358.32,6993.3,Net Banking,Completed
O003228,2025-06-20,C00205,P0092,Home Product 092,Home,South,Chennai,4,5945.72,10.0,21404.59,12231.72,9172.87,Card,Pending
O003229,2025-03-08,C00217,P0089,Beauty Product 089,Beauty,East,Kolkata,1,5780.76,10.0,5202.68,4624.61,578.07,Card,Returned
O003230,2025-04-22,C00290,P0085,Sports Product 085,Sports,South,Chennai,3,3007.51,0.0,9022.53,7218.03,1804.5,Wallet,Completed
O003231,2025-01-06,C00374,P0056,Electronics Product 056,Electronics,East,Kolkata,2,7138.32,20.0,11421.31,4023.76,7397.55,Net Banking,Cancelled
O003232,2025-09-29,C00229,P0023,Fashion Product 023,Fashion,East,Bhubaneswar,3,3632.79,0.0,10898.37,8718.69,2179.68,Card,Completed
O003233,2025-05-02,C00186,P0055,Sports Product 055,Sports,North,Jaipur,5,1679.4,10.0,7557.3,6717.6,839.7,Cash,Returned
O003234,2025-07-01,C00331,P0010,Sports Product 010,Sports,North,Delhi,3,1734.32,5.0,4942.81,1374.21,3568.6,Net Banking,Completed
O003235,2025-02-25,C00242,P0090,Sports Product 090,Sports,South,Bengaluru,1,1423.92,10.0,1281.53,979.66,301.87,Card,Completed
O003236,2025-10-28,C00296,P0063,Fashion Product 063,Fashion,East,Kolkata,5,2531.09,5.0,12022.68,10124.35,1898.33,Card,Completed
O003237,2025-03-21,C00265,P0100,Sports Product 100,Sports,North,Chandigarh,1,6735.82,0.0,6735.82,4059.62,2676.2,Card,Completed
O003238,2025-07-26,C00276,P0008,Fashion Product 008,Fashion,East,Bhubaneswar,5,8265.58,15.0,35128.72,9670.0,25458.72,UPI,Completed
O003239,2025-11-14,C00435,P0075,Sports Product 075,Sports,South,Chennai,5,8144.99,5.0,38688.7,16993.05,21695.65,UPI,Completed
O003240,2025-09-17,C00128,P0074,Beauty Product 074,Beauty,Central,Nagpur,1,2907.59,10.0,2616.83,2138.5,478.33,Cash,Completed
O003241,2025-08-08,C00448,P0093,Fashion Product 093,Fashion,North,Delhi,4,4536.21,20.0,14515.87,7041.84,7474.03,Card,Completed
O003242,2025-11-20,C00224,P0037,Home Product 037,Home,South,Hyderabad,3,7720.82,15.0,19688.09,2123.58,17564.51,Net Banking,Completed
O003243,2025-03-06,C00447,P0044,Beauty Product 044,Beauty,North,Jaipur,2,3801.64,20.0,6082.62,6082.62,0.0,,Completed
O003244,2025-12-17,C00382,P0090,Sports Product 090,Sports,East,Kolkata,5,1423.92,10.0,6407.64,4898.3,1509.34,UPI,Completed
O003245,2025-07-22,C00145,P0096,Electronics Product 096,Electronics,East,Guwahati,2,2784.06,15.0,4732.9,4454.5,278.4,Net Banking,Completed
O003246,2025-05-30,C00443,P0042,Home Product 042,Home,West,Mumbai,4,2781.36,10.0,10012.9,8900.36,1112.54,,Completed
O003247,2025-04-04,C00059,P0035,Sports Product 035,Sports,Central,Indore,3,8253.41,0.0,24760.23,4538.64,20221.59,Wallet,Completed
O003248,2025-09-29,C00081,P0023,Fashion Product 023,Fashion,Central,Nagpur,4,3632.79,10.0,13078.04,11624.92,1453.12,UPI,Completed
O003249,2025-12-22,C00268,P0039,Beauty Product 039,Beauty,East,Guwahati,1,7352.91,5.0,6985.26,1089.67,5895.59,Net Banking,Completed
O003250,2025-09-09,C00156,P0021,Electronics Product 021,Electronics,West,Ahmedabad,1,4281.14,10.0,3853.03,3424.91,428.12,Wallet,Pending
O003251,2025-01-12,C00263,P0060,Sports Product 060,Sports,South,Bengaluru,4,7633.42,20.0,24426.94,19855.12,4571.82,Net Banking,Completed
O003252,2025-06-20,C00051,P0068,Fashion Product 068,Fashion,South,Chennai,2,6082.72,0.0,12165.44,9732.36,2433.08,Net Banking,Completed
O003253,2025-09-24,C00137,P0028,Fashion Product 028,Fashion,South,Bengaluru,2,7012.16,15.0,11920.67,4360.68,7559.99,Wallet,Completed
O003254,2025-05-25,C00050,P0070,Sports Product 070,Sports,South,Hyderabad,3,4336.1,5.0,12357.89,10406.64,1951.25,Wallet,Completed
O003255,2025-10-09,C00272,P0051,Electronics Product 051,Electronics,East,Bhubaneswar,2,7669.29,5.0,14571.65,8349.78,6221.87,Wallet,Completed
O003256,2025-09-15,C00236,P0098,Fashion Product 098,Fashion,North,Chandigarh,3,7898.73,0.0,23696.19,1490.46,22205.73,Card,Completed
O003257,2025-01-25,C00342,P0019,Beauty Product 019,Beauty,South,Chennai,5,6745.83,0.0,33729.15,17997.7,15731.45,Card,Returned
O003258,2025-07-23,C00328,P0031,Electronics Product 031,Electronics,East,Guwahati,3,6070.56,5.0,17301.1,2920.44,14380.66,Net Banking,Completed
O003259,2025-03-04,C00093,P0064,Beauty Product 064,Beauty,North,Chandigarh,5,7994.51,0.0,39972.55,7483.45,32489.1,Net Banking,Completed
O003260,2025-06-27,C00145,P0080,Sports Product 080,Sports,East,Guwahati,5,4972.04,15.0,21131.17,19888.15,1243.02,Card,Cancelled
O003261,2025-05-20,C00496,P0085,Sports Product 085,Sports,Central,Nagpur,4,3007.51,0.0,12030.04,9624.04,2406.0,Wallet,Completed
O003262,2025-10-21,C00485,P0006,Electronics Product 006,Electronics,Central,Nagpur,3,4936.68,5.0,14069.54,3988.14,10081.4,UPI,Completed
O003263,2025-11-13,C00233,P0075,Sports Product 075,Sports,North,Chandigarh,5,8144.99,10.0,36652.46,16993.05,19659.41,Wallet,Completed
O003264,2025-06-17,C00246,P0079,Beauty Product 079,Beauty,Central,Indore,5,6934.89,15.0,29473.28,23409.3,6063.98,Card,Completed
O003265,2025-07-15,C00291,P0029,Beauty Product 029,Beauty,East,Bhubaneswar,5,1220.38,15.0,5186.62,1789.4,3397.22,Net Banking,Pending
O003266,2025-08-16,C00095,P0082,Home Product 082,Home,West,Ahmedabad,4,5348.13,15.0,18183.64,11084.64,7099.0,Wallet,Cancelled
O003267,2025-08-27,C00076,P0093,Fashion Product 093,Fashion,Central,Nagpur,2,4536.21,0.0,9072.42,3520.92,5551.5,UPI,Completed
O003268,2025-08-20,C00376,P0004,Beauty Product 004,Beauty,North,Chandigarh,5,3466.38,15.0,14732.12,11946.65,2785.47,Card,Completed
O003269,2025-10-13,C00470,P0041,Electronics Product 041,Electronics,Central,Indore,3,5698.77,15.0,14531.86,9073.41,5458.45,UPI,Completed
O003270,2025-12-24,C00258,P0064,Beauty Product 064,Beauty,West,Pune,2,7994.51,10.0,14390.12,2993.38,11396.74,UPI,Pending
O003271,2025-10-29,C00476,P0054,Beauty Product 054,Beauty,Central,Indore,5,4876.35,0.0,24381.75,19505.4,4876.35,Net Banking,Completed
O003272,2025-02-19,C00215,P0023,Fashion Product 023,Fashion,Central,Bhopal,2,3632.79,10.0,6539.02,5812.46,726.56,UPI,Completed
O003273,2025-06-23,C00483,P0005,Sports Product 005,Sports,Central,Bhopal,5,7082.09,0.0,35410.45,16541.8,18868.65,Net Banking,Completed
O003274,2025-06-17,C00416,P0083,Fashion Product 083,Fashion,Central,Indore,2,3893.45,0.0,7786.9,6229.52,1557.38,Wallet,Completed
O003275,2025-07-05,C00011,P0002,Home Product 002,Home,North,Jaipur,5,4453.12,20.0,17812.48,17812.5,-0.02,Net Banking,Completed
O003276,2025-07-12,C00023,P0007,Home Product 007,Home,North,Jaipur,1,5553.32,15.0,4720.32,4181.25,539.07,Net Banking,Completed
O003277,2025-09-19,C00231,P0021,Electronics Product 021,Electronics,West,Mumbai,5,4281.14,15.0,18194.85,17124.55,1070.3,Card,Completed
O003278,2025-06-03,C00226,P0068,Fashion Product 068,Fashion,West,Mumbai,2,6082.72,5.0,11557.17,9732.36,1824.81,Cash,Completed
O003279,2025-04-06,C00363,P0068,Fashion Product 068,Fashion,North,Delhi,1,6082.72,15.0,5170.31,4866.18,304.13,UPI,Pending
O003280,2025-06-16,C00466,P0047,Home Product 047,Home,South,Hyderabad,1,4959.99,5.0,4711.99,3967.99,744.0,Cash,Completed
O003281,2025-11-08,C00390,P0002,Home Product 002,Home,West,Pune,1,4453.12,5.0,4230.46,3562.5,667.96,UPI,Completed
O003282,2025-04-24,C00235,P0079,Beauty Product 079,Beauty,South,Bengaluru,4,6934.89,10.0,24965.6,18727.44,6238.16,Net Banking,Completed
O003283,2025-01-08,C00437,P0066,Electronics Product 066,Electronics,South,Chennai,2,5295.06,0.0,10590.12,2203.04,8387.08,Net Banking,Completed
O003284,2025-12-22,C00109,P0045,Sports Product 045,Sports,South,Hyderabad,3,3762.55,10.0,10158.89,9030.12,1128.77,Wallet,Pending
O003285,2025-03-13,C00022,P0018,Fashion Product 018,Fashion,South,Bengaluru,4,6795.4,10.0,24463.44,1139.88,23323.56,Wallet,Completed
O003286,2025-08-08,C00346,P0093,Fashion Product 093,Fashion,Central,Bhopal,2,4536.21,0.0,9072.42,3520.92,5551.5,UPI,Completed
O003287,2025-10-19,C00437,P0055,Sports Product 055,Sports,South,Chennai,5,1679.4,5.0,7977.15,6717.6,1259.55,Net Banking,Completed
O003288,2025-04-10,C00482,P0050,Sports Product 050,Sports,South,Bengaluru,2,4011.29,15.0,6819.19,5446.38,1372.81,Net Banking,Completed
O003289,2025-05-04,C00365,P0070,Sports Product 070,Sports,West,Ahmedabad,4,4336.1,10.0,15609.96,13875.52,1734.44,Card,Completed
O003290,2025-04-13,C00387,P0045,Sports Product 045,Sports,East,Bhubaneswar,2,3762.55,10.0,6772.59,6020.08,752.51,Card,Completed
O003291,2025-02-24,C00109,P0017,Home Product 017,Home,South,Hyderabad,1,4364.81,20.0,3491.85,3491.85,-0.0,UPI,Completed
O003292,2025-02-25,C00461,P0015,Sports Product 015,Sports,West,Mumbai,2,4470.33,5.0,8493.63,7152.52,1341.11,Card,Completed
O003293,2025-03-09,C00396,P0033,Fashion Product 033,Fashion,South,Bengaluru,1,2460.76,5.0,2337.72,1968.61,369.11,Cash,Completed
O003294,2025-06-16,C00182,P0011,Electronics Product 011,Electronics,North,Delhi,5,8240.08,5.0,39140.38,18938.1,20202.28,Cash,Completed
O003295,2025-07-13,C00207,P0078,Fashion Product 078,Fashion,Central,Bhopal,3,8229.86,15.0,20986.14,6722.37,14263.77,Cash,Cancelled
O003296,2025-01-06,C00183,P0003,Fashion Product 003,Fashion,North,Delhi,3,6788.51,5.0,19347.25,11596.23,7751.02,Card,Completed
O003297,2025-11-05,C00241,P0091,Electronics Product 091,Electronics,North,Chandigarh,5,1897.13,20.0,7588.52,2565.65,5022.87,Card,Completed
O003298,2025-09-04,C00008,P0027,Home Product 027,Home,Central,Indore,5,6771.19,0.0,33855.95,14479.5,19376.45,Cash,Completed
O003299,2025-01-26,C00126,P0074,Beauty Product 074,Beauty,Central,Bhopal,2,2907.59,10.0,5233.66,4277.0,956.66,Card,Completed
O003300,2025-11-03,C00053,P0075,Sports Product 075,Sports,Central,Nagpur,4,8144.99,5.0,30950.96,13594.44,17356.52,Cash,Completed
O003301,2025-01-12,C00487,P0042,Home Product 042,Home,North,Jaipur,2,2781.36,5.0,5284.58,4450.18,834.4,UPI,Completed
O003302,2025-07-24,C00352,P0060,Sports Product 060,Sports,East,Bhubaneswar,1,7633.42,10.0,6870.08,4963.78,1906.3,Net Banking,Returned
O003303,2025-06-19,C00387,P0003,Fashion Product 003,Fashion,East,Bhubaneswar,2,6788.51,0.0,13577.02,7730.82,5846.2,UPI,Completed
O003304,2025-07-02,C00173,P0089,Beauty Product 089,Beauty,North,Jaipur,5,5780.76,10.0,26013.42,23123.05,2890.37,Card,Completed
O003305,2025-12-15,C00403,P0036,Electronics Product 036,Electronics,Central,Bhopal,3,4569.04,10.0,12336.41,10965.69,1370.72,Net Banking,Completed
O003306,2025-12-04,C00036,P0028,Fashion Product 028,Fashion,Central,Indore,1,7012.16,15.0,5960.34,2180.34,3780.0,UPI,Returned
O003307,2025-04-12,C00219,P0035,Sports Product 035,Sports,North,Jaipur,2,8253.41,10.0,14856.14,3025.76,11830.38,UPI,Completed
O003308,2025-07-30,C00486,P0031,Electronics Product 031,Electronics,West,Pune,5,6070.56,10.0,27317.52,4867.4,22450.12,UPI,Completed
O003309,2025-12-16,C00455,P0037,Home Product 037,Home,East,Kolkata,1,7720.82,10.0,6948.74,707.86,6240.88,Net Banking,Completed
O003310,2025-09-23,C00400,P0074,Beauty Product 074,Beauty,Central,Indore,4,2907.59,15.0,9885.81,8554.0,1331.81,Wallet,Completed
O003311,2025-11-20,C00023,P0012,Home Product 012,Home,North,Jaipur,3,4256.45,15.0,10853.95,6029.04,4824.91,UPI,Completed
O003312,2025-06-08,C00454,P0057,Home Product 057,Home,West,Mumbai,2,8123.2,0.0,16246.4,3512.82,12733.58,Net Banking,Completed
O003313,2025-04-14,C00407,P0003,Fashion Product 003,Fashion,East,Guwahati,1,6788.51,0.0,6788.51,3865.41,2923.1,Card,Completed
O003314,2025-07-05,C00404,P0061,Electronics Product 061,Electronics,East,Kolkata,1,7647.57,10.0,6882.81,4481.26,2401.55,Net Banking,Completed
O003315,2025-10-25,C00326,P0015,Sports Product 015,Sports,West,Ahmedabad,5,4470.33,10.0,20116.49,17881.3,2235.18,Card,Completed
O003316,2025-12-05,C00076,P0004,Beauty Product 004,Beauty,Central,Nagpur,4,3466.38,5.0,13172.24,9557.32,3614.92,Card,Completed
O003317,2025-09-07,C00411,P0097,Home Product 097,Home,North,Chandigarh,1,3422.29,10.0,3080.06,2737.83,342.23,Net Banking,Completed
O003318,2025-09-15,C00465,P0068,Fashion Product 068,Fashion,East,Bhubaneswar,5,6082.72,20.0,24330.88,24330.9,-0.02,Wallet,Completed
O003319,2025-07-06,C00106,P0014,Beauty Product 014,Beauty,South,Chennai,2,4289.52,10.0,7721.14,6863.24,857.9,Net Banking,Completed
O003320,2025-04-27,C00308,P0061,Electronics Product 061,Electronics,North,Jaipur,5,7647.57,5.0,36325.96,22406.3,13919.66,Net Banking,Pending
O003321,2025-06-03,C00038,P0081,Electronics Product 081,Electronics,South,Bengaluru,1,6874.54,5.0,6530.81,4189.79,2341.02,UPI,Cancelled
O003322,2025-07-01,C00392,P0022,Home Product 022,Home,North,Delhi,2,5577.75,15.0,9482.17,7767.48,1714.69,Card,Completed
O003323,2025-10-24,C00186,P0048,Fashion Product 048,Fashion,North,Jaipur,5,8002.61,10.0,36011.74,12904.3,23107.44,Cash,Completed
O003324,2025-07-22,C00024,P0075,Sports Product 075,Sports,North,Jaipur,1,8144.99,0.0,8144.99,3398.61,4746.38,Cash,Completed
O003325,2025-10-16,C00496,P0021,Electronics Product 021,Electronics,Central,Nagpur,2,4281.14,10.0,7706.05,6849.82,856.23,Cash,Completed
O003326,2025-01-10,C00354,P0011,Electronics Product 011,Electronics,South,Bengaluru,5,8240.08,10.0,37080.36,18938.1,18142.26,Wallet,Completed
O003327,2025-10-03,C00288,P0099,Beauty Product 099,Beauty,North,Jaipur,1,7721.23,10.0,6949.11,4256.98,2692.13,Card,Completed
O003328,2025-07-04,C00183,P0027,Home Product 027,Home,North,Delhi,4,6771.19,0.0,27084.76,11583.6,15501.16,UPI,Completed
O003329,2025-12-30,C00158,P0092,Home Product 092,Home,Central,Nagpur,4,5945.72,5.0,22593.74,12231.72,10362.02,UPI,Completed
O003330,2025-06-21,C00358,P0067,Home Product 067,Home,East,Guwahati,5,2982.59,20.0,11930.36,5915.3,6015.06,Net Banking,Completed
O003331,2025-06-24,C00447,P0052,Home Product 052,Home,North,Jaipur,4,3602.09,10.0,12967.52,11526.68,1440.84,Card,Completed
O003332,2025-02-16,C00434,P0055,Sports Product 055,Sports,North,Chandigarh,5,1679.4,10.0,7557.3,6717.6,839.7,Card,Cancelled
O003333,2025-10-21,C00019,P0020,Sports Product 020,Sports,North,Chandigarh,2,3689.4,0.0,7378.8,5903.04,1475.76,UPI,Completed
O003334,2025-09-13,C00495,P0100,Sports Product 100,Sports,East,Guwahati,1,6735.82,10.0,6062.24,4059.62,2002.62,Net Banking,Completed
O003335,2025-11-10,C00098,P0083,Fashion Product 083,Fashion,Central,Bhopal,3,3893.45,0.0,11680.35,9344.28,2336.07,Net Banking,Completed
O003336,2025-02-03,C00101,P0043,Fashion Product 043,Fashion,South,Hyderabad,1,2271.05,20.0,1816.84,1816.84,0.0,Net Banking,Pending
O003337,2025-03-19,C00413,P0064,Beauty Product 064,Beauty,South,Bengaluru,5,7994.51,20.0,31978.04,7483.45,24494.59,Cash,Completed
O003338,2025-11-16,C00286,P0075,Sports Product 075,Sports,West,Ahmedabad,5,8144.99,10.0,36652.46,16993.05,19659.41,UPI,Completed
O003339,2025-01-16,C00229,P0028,Fashion Product 028,Fashion,East,Bhubaneswar,2,7012.16,10.0,12621.89,4360.68,8261.21,Net Banking,Completed
O003340,2025-07-04,C00427,P0079,Beauty Product 079,Beauty,North,Jaipur,2,6934.89,0.0,13869.78,9363.72,4506.06,Net Banking,Completed
O003341,2025-05-28,C00375,P0086,Electronics Product 086,Electronics,Central,Indore,3,7032.55,15.0,17933.0,11380.71,6552.29,Card,Completed
O003342,2025-12-08,C00126,P0085,Sports Product 085,Sports,Central,Bhopal,4,3007.51,5.0,11428.54,9624.04,1804.5,Wallet,Completed
O003343,2025-11-08,C00360,P0094,Beauty Product 094,Beauty,North,Chandigarh,4,5366.1,0.0,21464.4,17171.52,4292.88,Net Banking,Completed
O003344,2025-11-23,C00267,P0064,Beauty Product 064,Beauty,Central,Nagpur,3,7994.51,10.0,21585.18,4490.07,17095.11,Cash,Completed
O003345,2025-04-16,C00005,P0080,Sports Product 080,Sports,West,Pune,5,4972.04,5.0,23617.19,19888.15,3729.04,Cash,Completed
O003346,2025-08-02,C00405,P0057,Home Product 057,Home,West,Mumbai,2,8123.2,15.0,13809.44,3512.82,10296.62,Card,Cancelled
O003347,2025-09-12,C00300,P0002,Home Product 002,Home,East,Guwahati,2,4453.12,10.0,8015.62,7125.0,890.62,UPI,Completed
O003348,2025-12-19,C00285,P0010,Sports Product 010,Sports,North,Delhi,5,1734.32,10.0,7804.44,2290.35,5514.09,Card,Pending
O003349,2025-01-03,C00352,P0037,Home Product 037,Home,East,Bhubaneswar,4,7720.82,0.0,30883.28,2831.44,28051.84,Wallet,Completed
O003350,2025-12-22,C00491,P0067,Home Product 067,Home,East,Guwahati,4,2982.59,5.0,11333.84,4732.24,6601.6,Wallet,Returned
O003351,2025-05-10,C00203,P0041,Electronics Product 041,Electronics,North,Chandigarh,3,5698.77,10.0,15386.68,9073.41,6313.27,UPI,Completed
O003352,2025-02-16,C00287,P0099,Beauty Product 099,Beauty,South,Hyderabad,2,7721.23,15.0,13126.09,8513.96,4612.13,Card,Returned
O003353,2025-08-13,C00256,P0072,Home Product 072,Home,West,Mumbai,4,6223.26,5.0,23648.39,16278.36,7370.03,Wallet,Completed
O003354,2025-10-12,C00074,P0040,Sports Product 040,Sports,North,Delhi,5,4584.31,0.0,22921.55,18337.25,4584.3,Card,Completed
O003355,2025-02-17,C00164,P0055,Sports Product 055,Sports,Central,Nagpur,1,1679.4,5.0,1595.43,1343.52,251.91,UPI,Completed
O003356,2025-01-15,C00012,P0064,Beauty Product 064,Beauty,East,Kolkata,5,7994.51,20.0,31978.04,7483.45,24494.59,UPI,Cancelled
O003357,2025-11-23,C00036,P0009,Beauty Product 009,Beauty,Central,Indore,2,4934.15,0.0,9868.3,7894.64,1973.66,UPI,Pending
O003358,2025-12-06,C00355,P0031,Electronics Product 031,Electronics,North,Delhi,4,6070.56,5.0,23068.13,3893.92,19174.21,Cash,Completed
O003359,2025-02-26,C00363,P0072,Home Product 072,Home,North,Delhi,4,6223.26,10.0,22403.74,16278.36,6125.38,UPI,Completed
O003360,2025-11-26,C00399,P0082,Home Product 082,Home,North,Jaipur,1,5348.13,15.0,4545.91,2771.16,1774.75,Wallet,Completed
O003361,2025-11-28,C00079,P0033,Fashion Product 033,Fashion,South,Bengaluru,4,2460.76,5.0,9350.89,7874.44,1476.45,Net Banking,Completed
O003362,2025-12-30,C00009,P0017,Home Product 017,Home,North,Chandigarh,5,4364.81,15.0,18550.44,17459.25,1091.19,Wallet,Completed
O003363,2025-03-20,C00118,P0063,Fashion Product 063,Fashion,South,Chennai,2,2531.09,15.0,4302.85,4049.74,253.11,Net Banking,Completed
O003364,2025-07-30,C00468,P0042,Home Product 042,Home,West,Mumbai,2,2781.36,0.0,5562.72,4450.18,1112.54,UPI,Completed
O003365,2025-12-28,C00496,P0061,Electronics Product 061,Electronics,Central,Nagpur,4,7647.57,5.0,29060.77,17925.04,11135.73,Card,Completed
O003366,2025-11-25,C00478,P0082,Home Product 082,Home,East,Bhubaneswar,4,5348.13,10.0,19253.27,11084.64,8168.63,Card,Completed
O003367,2025-08-09,C00007,P0042,Home Product 042,Home,East,Bhubaneswar,3,2781.36,10.0,7509.67,6675.27,834.4,Card,Completed
O003368,2025-03-13,C00302,P0065,Sports Product 065,Sports,East,Kolkata,5,7148.9,5.0,33957.28,4165.5,29791.78,Card,Completed
O003369,2025-01-31,C00091,P0023,Fashion Product 023,Fashion,South,Bengaluru,2,3632.79,20.0,5812.46,5812.46,0.0,Card,Completed
O003370,2025-04-05,C00077,P0043,Fashion Product 043,Fashion,South,Bengaluru,1,2271.05,0.0,2271.05,1816.84,454.21,Wallet,Completed
O003371,2025-01-24,C00199,P0010,Sports Product 010,Sports,North,Delhi,2,1734.32,5.0,3295.21,916.14,2379.07,Cash,Completed
O003372,2025-03-13,C00242,P0044,Beauty Product 044,Beauty,South,Bengaluru,1,3801.64,0.0,3801.64,3041.31,760.33,UPI,Completed
O003373,2025-01-28,C00372,P0019,Beauty Product 019,Beauty,South,Bengaluru,1,6745.83,5.0,6408.54,3599.54,2809.0,Net Banking,Completed
O003374,2025-10-05,C00120,P0093,Fashion Product 093,Fashion,South,Chennai,1,4536.21,10.0,4082.59,1760.46,2322.13,Card,Completed
O003375,2025-08-03,C00455,P0050,Sports Product 050,Sports,East,Kolkata,4,4011.29,15.0,13638.39,10892.76,2745.63,,Returned
O003376,2025-07-08,C00433,P0098,Fashion Product 098,Fashion,West,Mumbai,3,7898.73,10.0,21326.57,1490.46,19836.11,Net Banking,Cancelled
O003377,2025-10-22,C00086,P0041,Electronics Product 041,Electronics,North,Jaipur,3,5698.77,5.0,16241.49,9073.41,7168.08,Card,Completed
O003378,2025-05-30,C00486,P0001,Electronics Product 001,Electronics,West,Pune,3,4907.86,15.0,12515.04,11778.87,736.17,UPI,Pending
O003379,2025-05-27,C00107,P0019,Beauty Product 019,Beauty,North,Delhi,1,6745.83,10.0,6071.25,3599.54,2471.71,Wallet,Completed
O003380,2025-03-17,C00235,P0040,Sports Product 040,Sports,South,Bengaluru,3,4584.31,5.0,13065.28,11002.35,2062.93,Card,Pending
O003381,2025-06-11,C00442,P0019,Beauty Product 019,Beauty,East,Kolkata,2,6745.83,15.0,11467.91,7199.08,4268.83,UPI,Completed
O003382,2025-03-05,C00057,P0072,Home Product 072,Home,West,Ahmedabad,5,6223.26,15.0,26448.86,20347.95,6100.91,Wallet,Pending
O003383,2025-08-03,C00029,P0080,Sports Product 080,Sports,West,Pune,3,4972.04,20.0,11932.9,11932.89,0.01,Card,Completed
O003384,2025-12-30,C00389,P0018,Fashion Product 018,Fashion,West,Mumbai,4,6795.4,5.0,25822.52,1139.88,24682.64,UPI,Completed
O003385,2025-07-14,C00094,P0061,Electronics Product 061,Electronics,North,Chandigarh,2,7647.57,15.0,13000.87,8962.52,4038.35,Card,Completed
O003386,2025-04-19,C00005,P0015,Sports Product 015,Sports,West,Pune,4,4470.33,15.0,15199.12,14305.04,894.08,Card,Completed
O003387,2025-09-08,C00458,P0084,Beauty Product 084,Beauty,East,Guwahati,5,5715.45,10.0,25719.53,11364.7,14354.83,Wallet,Completed
O003388,2025-10-26,C00093,P0083,Fashion Product 083,Fashion,North,Chandigarh,2,3893.45,10.0,7008.21,6229.52,778.69,UPI,Completed
O003389,2025-06-21,C00144,P0058,Fashion Product 058,Fashion,South,Bengaluru,3,3370.65,10.0,9100.76,8089.56,1011.2,Wallet,Completed
O003390,2025-04-02,C00435,P0037,Home Product 037,Home,South,Chennai,2,7720.82,15.0,13125.39,1415.72,11709.67,Card,Completed
O003391,2025-09-17,C00440,P0060,Sports Product 060,Sports,Central,Bhopal,5,7633.42,10.0,34350.39,24818.9,9531.49,UPI,Completed
O003392,2025-03-10,C00197,P0028,Fashion Product 028,Fashion,East,Kolkata,5,7012.16,0.0,35060.8,10901.7,24159.1,UPI,Completed
O003393,2025-12-30,C00270,P0063,Fashion Product 063,Fashion,Central,Indore,5,2531.09,10.0,11389.91,10124.35,1265.56,Cash,Completed
O003394,2025-04-26,C00493,P0094,Beauty Product 094,Beauty,West,Pune,1,5366.1,10.0,4829.49,4292.88,536.61,,Completed
O003395,2025-05-08,C00455,P0091,Electronics Product 091,Electronics,East,Kolkata,1,1897.13,15.0,1612.56,513.13,1099.43,Cash,Completed
O003396,2025-09-22,C00490,P0051,Electronics Product 051,Electronics,East,Kolkata,2,7669.29,5.0,14571.65,8349.78,6221.87,Card,Completed
O003397,2025-01-05,C00254,P0067,Home Product 067,Home,Central,Bhopal,3,2982.59,15.0,7605.6,3549.18,4056.42,Wallet,Completed
O003398,2025-03-15,C00323,P0028,Fashion Product 028,Fashion,South,Chennai,2,7012.16,10.0,12621.89,4360.68,8261.21,Card,Completed
O003399,2025-02-15,C00449,P0056,Electronics Product 056,Electronics,West,Mumbai,5,7138.32,5.0,33907.02,10059.4,23847.62,Net Banking,Completed
O003400,2025-05-23,C00061,P0011,Electronics Product 011,Electronics,East,Guwahati,3,8240.08,5.0,23484.23,11362.86,12121.37,Net Banking,Pending
O003401,2025-07-21,C00225,P0090,Sports Product 090,Sports,East,Guwahati,3,1423.92,10.0,3844.58,2938.98,905.6,UPI,Completed
O003402,2025-03-07,C00267,P0005,Sports Product 005,Sports,Central,Nagpur,3,7082.09,15.0,18059.33,9925.08,8134.25,Net Banking,Completed
O003403,2025-05-06,C00087,P0051,Electronics Product 051,Electronics,Central,Bhopal,1,7669.29,0.0,7669.29,4174.89,3494.4,Card,Pending
O003404,2025-10-09,C00197,P0094,Beauty Product 094,Beauty,East,Kolkata,5,5366.1,15.0,22805.92,21464.4,1341.52,Card,Completed
O003405,2025-12-09,C00328,P0010,Sports Product 010,Sports,East,Guwahati,4,1734.32,5.0,6590.42,1832.28,4758.14,Net Banking,Completed
O003406,2025-01-06,C00025,P0050,Sports Product 050,Sports,East,Guwahati,5,4011.29,0.0,20056.45,13615.95,6440.5,UPI,Returned
O003407,2025-08-17,C00417,P0090,Sports Product 090,Sports,West,Pune,5,1423.92,0.0,7119.6,4898.3,2221.3,Net Banking,Completed
O003408,2025-01-10,C00084,P0023,Fashion Product 023,Fashion,Central,Nagpur,2,3632.79,0.0,7265.58,5812.46,1453.12,Wallet,Completed
O003409,2025-07-09,C00394,P0077,Home Product 077,Home,North,Chandigarh,3,4076.73,20.0,9784.15,9784.14,0.01,Cash,Cancelled
O003410,2025-11-17,C00096,P0045,Sports Product 045,Sports,North,Chandigarh,3,3762.55,5.0,10723.27,9030.12,1693.15,Card,Completed
O003411,2025-10-18,C00419,P0011,Electronics Product 011,Electronics,East,Bhubaneswar,2,8240.08,15.0,14008.14,7575.24,6432.9,Card,Completed
O003412,2025-03-26,C00461,P0092,Home Product 092,Home,West,Mumbai,1,5945.72,10.0,5351.15,3057.93,2293.22,Card,Completed
O003413,2025-04-05,C00241,P0049,Beauty Product 049,Beauty,North,Chandigarh,2,3123.84,5.0,5935.3,4998.14,937.16,UPI,Completed
O003414,2025-10-13,C00230,P0053,Fashion Product 053,Fashion,East,Bhubaneswar,4,5775.38,5.0,21946.44,6343.44,15603.0,Cash,Completed
O003415,2025-10-26,C00206,P0043,Fashion Product 043,Fashion,South,Hyderabad,2,2271.05,15.0,3860.79,3633.68,227.11,Cash,Cancelled
O003416,2025-04-13,C00237,P0069,Beauty Product 069,Beauty,West,Ahmedabad,3,2337.25,10.0,6310.57,948.6,5361.98,Card,Completed
O003417,2025-01-02,C00290,P0024,Beauty Product 024,Beauty,South,Chennai,3,2905.51,10.0,7844.88,6973.23,871.65,Cash,Completed
O003418,2025-06-11,C00148,P0015,Sports Product 015,Sports,East,Kolkata,1,4470.33,5.0,4246.81,3576.26,670.55,Net Banking,Returned
O003419,2025-08-14,C00278,P0059,Beauty Product 059,Beauty,North,Chandigarh,1,1289.86,0.0,1289.86,1031.89,257.97,Cash,Completed
O003420,2025-06-11,C00204,P0030,Sports Product 030,Sports,Central,,4,3054.9,0.0,12219.6,9775.68,2443.92,UPI,Pending
O003421,2025-12-07,C00037,P0099,Beauty Product 099,Beauty,Central,Bhopal,3,7721.23,20.0,18530.95,12770.94,5760.01,Wallet,Returned
O003422,2025-10-24,C00164,P0063,Fashion Product 063,Fashion,Central,Nagpur,2,2531.09,20.0,4049.74,4049.74,0.0,Cash,Completed
O003423,2025-10-14,C00111,P0019,Beauty Product 019,Beauty,West,Ahmedabad,5,6745.83,5.0,32042.69,17997.7,14044.99,UPI,Completed
O003424,2025-01-08,C00114,P0021,Electronics Product 021,Electronics,South,Chennai,1,4281.14,5.0,4067.08,3424.91,642.17,Card,Completed
O003425,2025-11-07,C00457,P0043,Fashion Product 043,Fashion,West,Ahmedabad,5,2271.05,0.0,11355.25,9084.2,2271.05,Wallet,Completed
O003426,2025-10-02,C00237,P0085,Sports Product 085,Sports,West,Ahmedabad,4,3007.51,15.0,10225.53,9624.04,601.49,Card,Completed
O003427,2025-05-25,C00328,P0091,Electronics Product 091,Electronics,East,Guwahati,3,1897.13,20.0,4553.11,1539.39,3013.72,Cash,Completed
O003428,2025-08-03,C00070,P0072,Home Product 072,Home,South,Chennai,4,6223.26,15.0,21159.08,16278.36,4880.72,UPI,Completed
O003429,2025-10-28,C00024,P0028,Fashion Product 028,Fashion,North,Jaipur,5,7012.16,10.0,31554.72,10901.7,20653.02,Cash,Completed
O003430,2025-11-26,C00410,P0020,Sports Product 020,Sports,North,Jaipur,3,3689.4,10.0,9961.38,8854.56,1106.82,UPI,Completed
O003431,2025-07-20,C00410,P0068,Fashion Product 068,Fashion,North,Jaipur,5,6082.72,15.0,25851.56,24330.9,1520.66,Net Banking,Completed
O003432,2025-01-16,C00039,P0081,Electronics Product 081,Electronics,East,Bhubaneswar,1,6874.54,15.0,5843.36,4189.79,1653.57,UPI,Completed
O003433,2025-08-14,C00168,P0007,Home Product 007,Home,South,Chennai,1,5553.32,10.0,4997.99,4181.25,816.74,UPI,Completed
O003434,2025-09-05,C00475,P0069,Beauty Product 069,Beauty,South,Chennai,3,2337.25,0.0,7011.75,948.6,6063.15,UPI,Completed
O003435,2025-01-22,C00241,P0031,Electronics Product 031,Electronics,North,Chandigarh,5,6070.56,15.0,25799.88,4867.4,20932.48,Card,Completed
O003436,2025-10-25,C00061,P0096,Electronics Product 096,Electronics,East,Guwahati,2,2784.06,10.0,5011.31,4454.5,556.81,UPI,Completed
O003437,2025-03-15,C00371,P0065,Sports Product 065,Sports,East,Bhubaneswar,4,7148.9,10.0,25736.04,3332.4,22403.64,Wallet,Returned
O003438,2025-11-21,C00406,P0056,Electronics Product 056,Electronics,East,Kolkata,2,7138.32,15.0,12135.14,4023.76,8111.38,Card,Completed
O003439,2025-07-20,C00120,P0072,Home Product 072,Home,South,Chennai,5,6223.26,15.0,26448.86,20347.95,6100.91,Card,Completed
O003440,2025-04-28,C00130,P0078,Fashion Product 078,Fashion,South,Hyderabad,1,8229.86,10.0,7406.87,2240.79,5166.08,UPI,Completed
O003441,2025-01-22,C00415,P0011,Electronics Product 011,Electronics,South,Chennai,3,8240.08,0.0,24720.24,11362.86,13357.38,Wallet,Completed
O003442,2025-01-07,C00135,P0073,Fashion Product 073,Fashion,South,Bengaluru,1,1490.03,10.0,1341.03,872.52,468.51,UPI,Completed
O003443,2025-09-27,C00008,P0006,Electronics Product 006,Electronics,Central,Indore,3,4936.68,10.0,13329.04,3988.14,9340.9,UPI,Completed
O003444,2025-05-18,C00117,P0034,Beauty Product 034,Beauty,South,Hyderabad,2,7768.65,10.0,13983.57,9638.02,4345.55,Wallet,Completed
O003445,2025-11-02,C00258,P0035,Sports Product 035,Sports,West,Pune,3,8253.41,0.0,24760.23,4538.64,20221.59,Card,Pending
O003446,2025-03-25,C00263,P0069,Beauty Product 069,Beauty,South,Bengaluru,1,2337.25,,2103.53,316.2,1787.33,Card,Completed
O003447,2025-12-02,C00061,P0080,Sports Product 080,Sports,East,Guwahati,5,4972.04,10.0,22374.18,19888.15,2486.03,Card,Cancelled
O003448,2025-12-09,C00448,P0074,Beauty Product 074,Beauty,North,Delhi,5,2907.59,10.0,13084.16,10692.5,2391.66,Card,Completed
O003449,2025-02-07,C00430,P0071,Electronics Product 071,Electronics,East,Kolkata,2,5148.93,15.0,8753.18,7095.5,1657.68,UPI,Pending
O003450,2025-08-24,C00363,P0040,Sports Product 040,Sports,North,Delhi,1,4584.31,5.0,4355.09,3667.45,687.64,Card,Completed
O003451,2025-12-09,C00043,P0018,Fashion Product 018,Fashion,East,Guwahati,1,6795.4,5.0,6455.63,284.97,6170.66,Wallet,Pending
O003452,2025-04-28,C00055,P0099,Beauty Product 099,Beauty,North,Jaipur,4,7721.23,0.0,30884.92,17027.92,13857.0,Card,Completed
O003453,2025-01-25,C00365,P0037,Home Product 037,Home,West,Ahmedabad,1,7720.82,10.0,6948.74,707.86,6240.88,UPI,Completed
O003454,2025-11-15,C00219,P0093,Fashion Product 093,Fashion,North,Jaipur,5,4536.21,0.0,22681.05,8802.3,13878.75,Wallet,Completed
O003455,2025-06-22,C00347,P0019,Beauty Product 019,Beauty,South,Bengaluru,5,6745.83,10.0,30356.24,17997.7,12358.53,Card,Completed
O003456,2025-01-10,C00103,P0076,Electronics Product 076,Electronics,North,Chandigarh,5,5803.55,10.0,26115.98,23214.2,2901.78,UPI,Completed
O003457,2025-11-02,C00017,P0060,Sports Product 060,Sports,North,Delhi,4,7633.42,10.0,27480.31,19855.12,7625.19,Cash,Cancelled
O003458,2025-09-05,C00071,P0012,Home Product 012,Home,East,Guwahati,2,4256.45,20.0,6810.32,4019.36,2790.96,Card,Completed
O003459,2025-01-26,C00164,P0039,Beauty Product 039,Beauty,Central,Nagpur,2,7352.91,10.0,13235.24,2179.34,11055.9,Card,Pending
O003460,2025-04-05,C00479,P0040,Sports Product 040,Sports,West,Ahmedabad,4,4584.31,5.0,17420.38,14669.8,2750.58,UPI,Pending
O003461,2025-01-07,C00005,P0054,Beauty Product 054,Beauty,West,Pune,5,4876.35,5.0,23162.66,19505.4,3657.26,Card,Completed
O003462,2025-12-14,C00427,P0093,Fashion Product 093,Fashion,North,Jaipur,4,4536.21,15.0,15423.11,7041.84,8381.27,UPI,Completed
O003463,2025-01-10,C00280,P0043,Fashion Product 043,Fashion,South,Chennai,4,2271.05,5.0,8629.99,7267.36,1362.63,Net Banking,Completed
O003464,2025-10-17,C00028,P0016,Electronics Product 016,Electronics,East,Kolkata,4,5090.79,0.0,20363.16,16290.52,4072.64,Net Banking,Returned
O003465,2025-07-06,C00469,P0049,Beauty Product 049,Beauty,North,Jaipur,4,3123.84,10.0,11245.82,9996.28,1249.54,Cash,Completed
O003466,2025-08-01,C00428,P0053,Fashion Product 053,Fashion,West,Pune,3,5775.38,0.0,17326.14,4757.58,12568.56,Net Banking,Completed
O003467,2025-10-23,C00105,P0009,Beauty Product 009,Beauty,North,Jaipur,4,4934.15,0.0,19736.6,15789.28,3947.32,Wallet,Cancelled
O003468,2025-11-22,C00391,P0015,Sports Product 015,Sports,North,Chandigarh,1,4470.33,15.0,3799.78,3576.26,223.52,Card,Completed
O003469,2025-02-16,C00225,P0042,Home Product 042,Home,East,Guwahati,1,2781.36,0.0,2781.36,2225.09,556.27,Card,Completed
O003470,2025-01-07,C00014,P0082,Home Product 082,Home,North,Jaipur,1,5348.13,5.0,5080.72,2771.16,2309.56,Cash,Completed
O003471,2025-02-15,C00430,P0051,Electronics Product 051,Electronics,East,Kolkata,3,7669.29,10.0,20707.08,12524.67,8182.41,Card,Pending
O003472,2025-09-06,C00490,P0061,Electronics Product 061,Electronics,East,Kolkata,3,7647.57,15.0,19501.3,13443.78,6057.52,UPI,Completed
O003473,2025-07-26,C00051,P0048,Fashion Product 048,Fashion,South,Chennai,4,8002.61,10.0,28809.4,10323.44,18485.96,UPI,Returned
O003474,2025-01-31,C00320,P0002,Home Product 002,Home,Central,Nagpur,5,4453.12,5.0,21152.32,17812.5,3339.82,UPI,Completed
O003475,2025-03-27,C00261,P0056,Electronics Product 056,Electronics,South,Bengaluru,5,7138.32,10.0,32122.44,10059.4,22063.04,Net Banking,Completed
O003476,2025-07-15,C00449,P0002,Home Product 002,Home,West,Mumbai,1,4453.12,10.0,4007.81,3562.5,445.31,Net Banking,Completed
O003477,2025-09-23,C00330,P0059,Beauty Product 059,Beauty,East,Guwahati,1,1289.86,10.0,1160.87,1031.89,128.98,Net Banking,Completed
O003478,2025-05-05,C00004,P0062,Home Product 062,Home,North,Jaipur,1,6676.1,5.0,6342.3,1750.66,4591.64,Card,Completed
O003479,2025-12-12,C00186,P0086,Electronics Product 086,Electronics,North,Jaipur,4,7032.55,10.0,25317.18,15174.28,10142.9,Net Banking,Completed
O003480,2025-12-28,C00444,P0084,Beauty Product 084,Beauty,South,Bengaluru,1,5715.45,0.0,5715.45,2272.94,3442.51,Card,Pending
O003481,2025-10-06,C00191,P0002,Home Product 002,Home,East,Kolkata,4,4453.12,15.0,15140.61,14250.0,890.61,Cash,Pending
O003482,2025-06-15,C00019,P0072,Home Product 072,Home,North,Chandigarh,5,6223.26,10.0,28004.67,20347.95,7656.72,Wallet,Completed
O003483,2025-11-16,C00170,P0026,Electronics Product 026,Electronics,North,Delhi,3,2848.75,15.0,7264.31,4759.71,2504.6,Cash,Completed
O003484,2025-09-22,C00274,P0057,Home Product 057,Home,Central,Nagpur,4,8123.2,10.0,29243.52,7025.64,22217.88,Net Banking,Pending
O003485,2025-07-09,C00217,P0029,Beauty Product 029,Beauty,East,Kolkata,3,1220.38,5.0,3478.08,1073.64,2404.44,Card,Completed
O003486,2025-06-11,C00452,P0033,Fashion Product 033,Fashion,West,Ahmedabad,3,2460.76,0.0,7382.28,5905.83,1476.45,Cash,Completed
O003487,2025-10-30,C00240,P0062,Home Product 062,Home,South,Bengaluru,1,6676.1,10.0,6008.49,1750.66,4257.83,Wallet,Completed
O003488,2025-07-22,C00351,P0058,Fashion Product 058,Fashion,West,Mumbai,2,3370.65,5.0,6404.23,5393.04,1011.19,Net Banking,Pending
O003489,2025-03-08,C00068,P0045,Sports Product 045,Sports,Central,Indore,3,3762.55,20.0,9030.12,9030.12,0.0,Card,Completed
O003490,2025-12-30,C00126,P0038,Fashion Product 038,Fashion,Central,Bhopal,3,2947.65,15.0,7516.51,3633.69,3882.82,Cash,Completed
O003491,2025-01-25,C00488,P0089,Beauty Product 089,Beauty,East,Bhubaneswar,3,5780.76,20.0,13873.82,13873.83,-0.01,UPI,Returned
O003492,2025-09-10,C00387,P0094,Beauty Product 094,Beauty,East,Bhubaneswar,1,5366.1,0.0,5366.1,4292.88,1073.22,Wallet,Completed
O003493,2025-08-27,C00411,P0044,Beauty Product 044,Beauty,North,Chandigarh,1,3801.64,5.0,3611.56,3041.31,570.25,Wallet,Completed
O003494,2025-08-02,C00095,P0059,Beauty Product 059,Beauty,West,Ahmedabad,4,1289.86,5.0,4901.47,4127.56,773.91,UPI,Completed
O003495,2025-01-19,C00186,P0085,Sports Product 085,Sports,North,Jaipur,3,3007.51,10.0,8120.28,7218.03,902.25,Card,Completed
O003496,2025-06-29,C00487,P0030,Sports Product 030,Sports,North,Jaipur,5,3054.9,10.0,13747.05,12219.6,1527.45,Cash,Completed
O003497,2025-11-21,C00055,P0006,Electronics Product 006,Electronics,North,Jaipur,1,4936.68,10.0,4443.01,1329.38,3113.63,Net Banking,Completed
O003498,2025-03-29,C00445,P0047,Home Product 047,Home,North,Delhi,1,4959.99,5.0,4711.99,3967.99,744.0,UPI,Completed
O003499,2025-09-09,C00249,P0006,Electronics Product 006,Electronics,North,Jaipur,4,4936.68,10.0,17772.05,5317.52,12454.53,Wallet,Completed
O003500,2025-11-09,C00220,P0007,Home Product 007,Home,Central,Nagpur,4,5553.32,10.0,19991.95,16725.0,3266.95,Net Banking,Completed
O003501,2025-12-13,C00234,P0084,Beauty Product 084,Beauty,East,Guwahati,1,5715.45,5.0,5429.68,2272.94,3156.74,UPI,Completed
O003502,2025-07-07,C00249,P0064,Beauty Product 064,Beauty,North,Jaipur,1,7994.51,0.0,7994.51,1496.69,6497.82,Card,Completed
O003503,2025-04-25,C00133,P0068,Fashion Product 068,Fashion,North,Jaipur,4,6082.72,5.0,23114.34,19464.72,3649.62,Cash,Completed
O003504,2025-09-12,C00132,P0032,Home Product 032,Home,North,Jaipur,5,2912.1,0.0,14560.5,10299.25,4261.25,Wallet,Pending
O003505,2025-06-26,C00175,P0013,Fashion Product 013,Fashion,West,Ahmedabad,1,4305.64,5.0,4090.36,867.13,3223.23,Wallet,Completed
O003506,2025-08-17,C00379,P0027,Home Product 027,Home,North,Delhi,3,6771.19,15.0,17266.53,8687.7,8578.83,Cash,Completed
O003507,2025-09-27,C00484,P0075,Sports Product 075,Sports,West,Mumbai,2,8144.99,15.0,13846.48,6797.22,7049.26,Net Banking,Pending
O003508,2025-09-16,C00323,P0087,Home Product 087,Home,South,Chennai,1,5255.47,10.0,4729.92,566.15,4163.77,Card,Returned
O003509,2025-03-30,C00153,P0071,Electronics Product 071,Electronics,South,Chennai,2,5148.93,15.0,8753.18,7095.5,1657.68,Cash,Cancelled
O003510,2025-10-03,C00127,P0069,Beauty Product 069,Beauty,East,Kolkata,4,2337.25,15.0,7946.65,1264.8,6681.85,Cash,Completed
O003511,2025-07-17,C00370,P0036,Electronics Product 036,Electronics,North,Jaipur,2,4569.04,15.0,7767.37,7310.46,456.91,Wallet,Completed
O003512,2025-12-05,C00493,P0014,Beauty Product 014,Beauty,West,Pune,5,4289.52,15.0,18230.46,17158.1,1072.36,Wallet,Pending
O003513,2025-08-29,C00483,P0068,Fashion Product 068,Fashion,Central,Bhopal,1,6082.72,10.0,5474.45,4866.18,608.27,Card,Pending
O003514,2025-11-21,C00450,P0054,Beauty Product 054,Beauty,East,Bhubaneswar,2,4876.35,0.0,9752.7,7802.16,1950.54,Wallet,Completed
O003515,2025-12-23,C00054,P0070,Sports Product 070,Sports,North,Delhi,5,4336.1,10.0,19512.45,17344.4,2168.05,UPI,Completed
O003516,2025-12-29,C00159,P0085,Sports Product 085,Sports,East,Bhubaneswar,4,3007.51,15.0,10225.53,9624.04,601.49,Cash,Completed
O003517,2025-09-29,C00465,P0027,Home Product 027,Home,East,Bhubaneswar,5,6771.19,5.0,32163.15,14479.5,17683.65,UPI,Completed
O003518,2025-08-06,C00409,P0070,Sports Product 070,Sports,South,Hyderabad,4,4336.1,5.0,16477.18,13875.52,2601.66,Wallet,Completed
O003519,2025-02-12,C00025,P0060,Sports Product 060,Sports,East,Guwahati,2,7633.42,10.0,13740.16,9927.56,3812.6,Card,Completed
O003520,2025-05-21,C00181,P0088,Fashion Product 088,Fashion,North,Delhi,5,5208.94,15.0,22137.99,20835.75,1302.24,Wallet,Completed
O003521,2025-06-23,C00014,P0065,Sports Product 065,Sports,North,Jaipur,5,7148.9,10.0,32170.05,4165.5,28004.55,Cash,Pending
O003522,2025-10-12,C00255,P0041,Electronics Product 041,Electronics,West,Ahmedabad,5,5698.77,10.0,25644.47,15122.35,10522.12,Wallet,Completed
O003523,2025-08-03,C00086,P0014,Beauty Product 014,Beauty,North,Jaipur,4,4289.52,5.0,16300.18,13726.48,2573.7,Wallet,Completed
O003524,2025-06-09,C00280,P0075,Sports Product 075,Sports,South,Chennai,2,8144.99,10.0,14660.98,6797.22,7863.76,Wallet,Pending
O003525,2025-02-23,C00087,P0039,Beauty Product 039,Beauty,Central,Bhopal,1,7352.91,15.0,6249.97,1089.67,5160.3,Wallet,Returned
O003526,2025-09-18,C00360,P0031,Electronics Product 031,Electronics,North,Chandigarh,4,6070.56,5.0,23068.13,3893.92,19174.21,UPI,Completed
O003527,2025-06-07,C00276,P0098,Fashion Product 098,Fashion,East,Bhubaneswar,3,7898.73,20.0,18956.95,1490.46,17466.49,Card,Completed
O003528,2025-01-14,C00352,P0092,Home Product 092,Home,East,Bhubaneswar,5,5945.72,5.0,28242.17,15289.65,12952.52,Wallet,Completed
O003529,2025-04-14,C00449,P0024,Beauty Product 024,Beauty,West,Mumbai,2,2905.51,10.0,5229.92,4648.82,581.1,Card,Completed
O003530,2025-11-17,C00069,P0031,Electronics Product 031,Electronics,West,Ahmedabad,1,6070.56,5.0,5767.03,973.48,4793.55,Net Banking,Completed
O003531,2025-02-13,C00499,P0075,Sports Product 075,Sports,West,Ahmedabad,4,8144.99,15.0,27692.97,13594.44,14098.53,Cash,Cancelled
O003532,2025-05-28,C00483,P0057,Home Product 057,Home,Central,Bhopal,5,8123.2,0.0,40616.0,8782.05,31833.95,Wallet,Completed
O003533,2025-07-06,C00475,P0068,Fashion Product 068,Fashion,South,Chennai,3,6082.72,10.0,16423.34,14598.54,1824.8,Cash,Pending
O003534,2025-01-31,C00028,P0072,Home Product 072,Home,East,Kolkata,4,6223.26,15.0,21159.08,16278.36,4880.72,Card,Completed
O003535,2025-03-02,C00288,P0060,Sports Product 060,Sports,North,Jaipur,1,7633.42,10.0,6870.08,4963.78,1906.3,Cash,Completed
O003536,2025-12-09,C00216,P0072,Home Product 072,Home,North,Jaipur,3,6223.26,5.0,17736.29,12208.77,5527.52,UPI,Completed
O003537,2025-08-03,C00286,P0057,Home Product 057,Home,West,Ahmedabad,2,8123.2,0.0,16246.4,3512.82,12733.58,Net Banking,Completed
O003538,2025-03-18,C00324,P0033,Fashion Product 033,Fashion,West,Pune,5,2460.76,5.0,11688.61,9843.05,1845.56,Net Banking,Completed
O003539,2025-03-03,C00435,P0052,Home Product 052,Home,South,Chennai,4,3602.09,5.0,13687.94,11526.68,2161.26,Card,Returned
O003540,2025-06-04,C00007,P0010,Sports Product 010,Sports,East,Bhubaneswar,5,1734.32,10.0,7804.44,2290.35,5514.09,Card,Completed
O003541,2025-09-21,C00225,P0059,Beauty Product 059,Beauty,East,Guwahati,1,1289.86,0.0,1289.86,1031.89,257.97,Card,Completed
O003542,2025-09-23,C00257,P0074,Beauty Product 074,Beauty,West,Pune,1,2907.59,0.0,2907.59,2138.5,769.09,Cash,Completed
O003543,2025-03-13,C00112,P0003,Fashion Product 003,Fashion,Central,Bhopal,3,6788.51,10.0,18328.98,11596.23,6732.75,Wallet,Completed
O003544,2025-09-22,C00479,P0046,Electronics Product 046,Electronics,West,Ahmedabad,4,8168.47,5.0,31040.19,1433.28,29606.91,UPI,Pending
O003545,2025-11-23,C00229,P0024,Beauty Product 024,Beauty,East,Bhubaneswar,4,2905.51,10.0,10459.84,9297.64,1162.2,Cash,Completed
O003546,2025-03-24,C00110,P0028,Fashion Product 028,Fashion,North,Delhi,1,7012.16,15.0,5960.34,2180.34,3780.0,Net Banking,Completed
O003547,2025-01-10,C00258,P0060,Sports Product 060,Sports,West,Pune,1,7633.42,5.0,7251.75,4963.78,2287.97,Wallet,Completed
O003548,2025-12-16,C00092,P0027,Home Product 027,Home,East,Guwahati,2,6771.19,15.0,11511.02,5791.8,5719.22,,Cancelled
O003549,2025-07-10,C00220,P0072,Home Product 072,Home,Central,Nagpur,5,6223.26,20.0,24893.04,20347.95,4545.09,Wallet,Completed
O003550,2025-10-10,C00079,P0099,Beauty Product 099,Beauty,South,Bengaluru,2,7721.23,0.0,15442.46,8513.96,6928.5,Card,Completed
O003551,2025-04-27,C00499,P0063,Fashion Product 063,Fashion,West,Ahmedabad,1,2531.09,15.0,2151.43,2024.87,126.56,UPI,Completed
O003552,2025-04-19,C00026,P0079,Beauty Product 079,Beauty,Central,Indore,3,6934.89,0.0,20804.67,14045.58,6759.09,Wallet,Completed
O003553,2025-03-23,C00366,P0051,Electronics Product 051,Electronics,South,Bengaluru,4,7669.29,5.0,29143.3,16699.56,12443.74,Wallet,Completed
O003554,2025-03-20,C00240,P0025,Sports Product 025,Sports,South,Bengaluru,3,5379.58,5.0,15331.8,12910.98,2420.82,Card,Completed
O003555,2025-06-21,C00014,P0097,Home Product 097,Home,North,Jaipur,5,3422.29,0.0,17111.45,13689.15,3422.3,Card,Returned
O003556,2025-02-08,C00030,P0022,Home Product 022,Home,East,Guwahati,4,5577.75,10.0,20079.9,15534.96,4544.94,UPI,Completed
O003557,2025-11-03,C00126,P0073,Fashion Product 073,Fashion,Central,Bhopal,4,1490.03,0.0,5960.12,3490.08,2470.04,Net Banking,Returned
O003558,2025-07-06,C00068,P0080,Sports Product 080,Sports,Central,Indore,5,4972.04,15.0,21131.17,19888.15,1243.02,Card,Completed
O003559,2025-11-30,C00113,P0066,Electronics Product 066,Electronics,South,Bengaluru,2,5295.06,15.0,9001.6,2203.04,6798.56,Wallet,Completed
O003560,2025-07-02,C00237,P0065,Sports Product 065,Sports,West,Ahmedabad,4,7148.9,0.0,28595.6,3332.4,25263.2,Net Banking,Pending
O003561,2025-04-21,C00197,P0082,Home Product 082,Home,East,Kolkata,2,5348.13,0.0,10696.26,5542.32,5153.94,Cash,Completed
O003562,2025-07-07,C00126,P0072,Home Product 072,Home,Central,Bhopal,5,6223.26,0.0,31116.3,20347.95,10768.35,Card,Completed
O003563,2025-02-26,C00393,P0023,Fashion Product 023,Fashion,South,Bengaluru,4,3632.79,10.0,13078.04,11624.92,1453.12,Wallet,Returned
O003564,2025-10-27,C00058,P0085,Sports Product 085,Sports,Central,Bhopal,4,3007.51,5.0,11428.54,9624.04,1804.5,Card,Cancelled
O003565,2025-09-20,C00061,P0010,Sports Product 010,Sports,East,Guwahati,2,1734.32,15.0,2948.34,916.14,2032.2,Cash,Completed
O003566,2025-02-23,C00146,P0088,Fashion Product 088,Fashion,North,Jaipur,4,5208.94,20.0,16668.61,16668.6,0.01,Net Banking,Completed
O003567,2025-07-31,C00227,P0076,Electronics Product 076,Electronics,East,Kolkata,3,5803.55,10.0,15669.59,13928.52,1741.07,UPI,Returned
O003568,2025-07-15,C00308,P0039,Beauty Product 039,Beauty,North,Jaipur,4,7352.91,15.0,24999.89,4358.68,20641.21,Net Banking,Pending
O003569,2025-03-15,C00041,P0004,Beauty Product 004,Beauty,West,Ahmedabad,3,3466.38,15.0,8839.27,7167.99,1671.28,UPI,Cancelled
O003570,2025-02-14,C00370,P0005,Sports Product 005,Sports,North,Jaipur,4,7082.09,10.0,25495.52,13233.44,12262.08,Wallet,Completed
O003571,2025-10-04,C00147,P0031,Electronics Product 031,Electronics,West,Mumbai,2,6070.56,0.0,12141.12,1946.96,10194.16,Net Banking,Completed
O003572,2025-04-07,C00338,P0047,Home Product 047,Home,Central,Bhopal,3,4959.99,15.0,12647.97,11903.97,744.0,Net Banking,Completed
O003573,2025-07-08,C00040,P0042,Home Product 042,Home,South,Chennai,5,2781.36,10.0,12516.12,11125.45,1390.67,Wallet,Returned
O003574,2025-04-01,C00133,P0066,Electronics Product 066,Electronics,North,Jaipur,4,5295.06,10.0,19062.22,4406.08,14656.14,UPI,Pending
O003575,2025-08-26,C00378,P0055,Sports Product 055,Sports,East,Guwahati,5,1679.4,0.0,8397.0,6717.6,1679.4,UPI,Cancelled
O003576,2025-01-18,C00319,P0063,Fashion Product 063,Fashion,East,Guwahati,5,2531.09,0.0,12655.45,10124.35,2531.1,UPI,Completed
O003577,2025-05-11,C00201,P0044,Beauty Product 044,Beauty,West,Mumbai,2,3801.64,10.0,6842.95,6082.62,760.33,UPI,Completed
O003578,2025-07-19,C00391,P0048,Fashion Product 048,Fashion,North,Chandigarh,2,8002.61,15.0,13604.44,5161.72,8442.72,Card,Pending
O003579,2025-06-09,C00408,P0087,Home Product 087,Home,Central,Indore,5,5255.47,20.0,21021.88,2830.75,18191.13,UPI,Completed
O003580,2025-08-11,C00437,P0050,Sports Product 050,Sports,South,Chennai,5,4011.29,10.0,18050.81,13615.95,4434.85,Wallet,Returned
O003581,2025-03-07,C00126,P0039,Beauty Product 039,Beauty,Central,Bhopal,2,7352.91,20.0,11764.66,2179.34,9585.32,Net Banking,Completed
O003582,2025-06-10,C00403,P0060,Sports Product 060,Sports,Central,Bhopal,5,7633.42,15.0,32442.03,24818.9,7623.13,Net Banking,Completed
O003583,2025-10-03,C00081,P0065,Sports Product 065,Sports,Central,Nagpur,2,7148.9,5.0,13582.91,1666.2,11916.71,Cash,Completed
O003584,2025-05-02,C00436,P0003,Fashion Product 003,Fashion,East,Kolkata,2,6788.51,10.0,12219.32,7730.82,4488.5,Net Banking,Completed
O003585,2025-02-27,C00492,P0014,Beauty Product 014,Beauty,North,Chandigarh,2,4289.52,5.0,8150.09,6863.24,1286.85,Card,Returned
O003586,2025-11-05,C00057,P0095,Sports Product 095,Sports,West,Ahmedabad,5,2495.1,0.0,12475.5,6872.7,5602.8,Wallet,Completed
O003587,2025-10-11,C00309,P0073,Fashion Product 073,Fashion,West,Ahmedabad,3,1490.03,15.0,3799.58,2617.56,1182.02,Net Banking,Returned
O003588,2025-09-05,C00434,P0039,Beauty Product 039,Beauty,North,Chandigarh,4,7352.91,5.0,27941.06,4358.68,23582.38,UPI,Pending
O003589,2025-10-18,C00052,P0010,Sports Product 010,Sports,South,Chennai,3,1734.32,0.0,5202.96,1374.21,3828.75,Card,Returned
O003590,2025-10-11,C00212,P0011,Electronics Product 011,Electronics,South,Hyderabad,2,8240.08,20.0,13184.13,7575.24,5608.89,UPI,Completed
O003591,2025-09-29,C00220,P0069,Beauty Product 069,Beauty,Central,Nagpur,2,2337.25,15.0,3973.32,632.4,3340.92,Wallet,Completed
O003592,2025-07-05,C00331,P0044,Beauty Product 044,Beauty,North,Delhi,2,3801.64,15.0,6462.79,6082.62,380.17,Wallet,Completed
O003593,2025-01-08,C00007,P0070,Sports Product 070,Sports,East,Bhubaneswar,2,4336.1,10.0,7804.98,6937.76,867.22,Wallet,Completed
O003594,2025-08-06,C00291,P0079,Beauty Product 079,Beauty,East,Bhubaneswar,5,6934.89,15.0,29473.28,23409.3,6063.98,Net Banking,Cancelled
O003595,2025-04-10,C00072,P0032,Home Product 032,Home,East,Bhubaneswar,4,2912.1,10.0,10483.56,8239.4,2244.16,Net Banking,Cancelled
O003596,2025-10-09,C00400,P0014,Beauty Product 014,Beauty,Central,Indore,3,4289.52,15.0,10938.28,10294.86,643.42,Cash,Completed
O003597,2025-06-20,C00414,P0030,Sports Product 030,Sports,North,Chandigarh,5,3054.9,10.0,13747.05,12219.6,1527.45,Card,Pending
O003598,2025-11-26,C00331,P0006,Electronics Product 006,Electronics,North,Delhi,2,4936.68,15.0,8392.36,2658.76,5733.6,Wallet,Completed
O003599,2025-08-05,C00334,P0092,Home Product 092,Home,East,Kolkata,3,5945.72,20.0,14269.73,9173.79,5095.94,UPI,Completed
O003600,2025-07-20,C00416,P0094,Beauty Product 094,Beauty,Central,Indore,4,5366.1,10.0,19317.96,17171.52,2146.44,Cash,Completed
O003601,2025-12-01,C00044,P0021,Electronics Product 021,Electronics,Central,Indore,2,4281.14,5.0,8134.17,6849.82,1284.35,Cash,Pending
O003602,2025-06-22,C00393,P0042,Home Product 042,Home,South,Bengaluru,2,2781.36,5.0,5284.58,4450.18,834.4,Cash,Completed
O003603,2025-05-17,C00339,P0001,Electronics Product 001,Electronics,Central,Indore,5,4907.86,10.0,22085.37,19631.45,2453.92,Cash,Returned
O003604,2025-05-16,C00178,P0020,Sports Product 020,Sports,West,Ahmedabad,1,3689.4,10.0,3320.46,2951.52,368.94,Cash,Completed
O003605,2025-11-15,C00072,P0081,Electronics Product 081,Electronics,East,Bhubaneswar,1,6874.54,15.0,5843.36,4189.79,1653.57,Cash,Completed
O003606,2025-10-03,C00215,P0063,Fashion Product 063,Fashion,Central,Bhopal,2,2531.09,15.0,4302.85,4049.74,253.11,UPI,Completed
O003607,2025-03-01,C00075,P0056,Electronics Product 056,Electronics,South,Chennai,5,7138.32,15.0,30337.86,10059.4,20278.46,Card,Completed
O003608,2025-06-29,C00067,P0079,Beauty Product 079,Beauty,Central,Indore,1,6934.89,10.0,6241.4,4681.86,1559.54,Cash,Completed
O003609,2025-05-16,C00101,P0004,Beauty Product 004,Beauty,South,Hyderabad,4,3466.38,10.0,12478.97,9557.32,2921.65,UPI,Cancelled
O003610,2025-08-24,C00227,P0017,Home Product 017,Home,East,Kolkata,3,4364.81,10.0,11784.99,10475.55,1309.44,Wallet,Completed
O003611,2025-01-20,C00426,P0057,Home Product 057,Home,East,Kolkata,4,8123.2,0.0,32492.8,7025.64,25467.16,Card,Completed
O003612,2025-09-17,C00089,P0058,Fashion Product 058,Fashion,North,Delhi,2,3370.65,5.0,6404.23,5393.04,1011.19,Net Banking,Cancelled
O003613,2025-09-28,C00170,P0002,Home Product 002,Home,North,Delhi,5,4453.12,0.0,22265.6,17812.5,4453.1,Card,Pending
O003614,2025-03-24,C00309,P0006,Electronics Product 006,Electronics,West,Ahmedabad,1,4936.68,10.0,4443.01,1329.38,3113.63,UPI,Completed
O003615,2025-02-24,C00045,P0011,Electronics Product 011,Electronics,Central,Nagpur,5,8240.08,0.0,41200.4,18938.1,22262.3,UPI,Cancelled
O003616,2025-08-17,C00389,P0096,Electronics Product 096,Electronics,West,Mumbai,5,2784.06,15.0,11832.25,11136.25,696.0,Cash,Completed
O003617,2025-04-04,C00493,P0086,Electronics Product 086,Electronics,West,Pune,5,7032.55,0.0,35162.75,18967.85,16194.9,Card,Completed
O003618,2025-12-09,C00070,P0075,Sports Product 075,Sports,South,Chennai,1,8144.99,5.0,7737.74,3398.61,4339.13,UPI,Completed
O003619,2025-10-10,C00449,P0022,Home Product 022,Home,West,Mumbai,1,5577.75,5.0,5298.86,3883.74,1415.12,Net Banking,Completed
O003620,2025-12-14,C00295,P0030,Sports Product 030,Sports,West,Mumbai,1,3054.9,5.0,2902.15,2443.92,458.23,Cash,Completed
O003621,2025-07-14,C00178,P0032,Home Product 032,Home,West,Ahmedabad,1,2912.1,20.0,2329.68,2059.85,269.83,Cash,Completed
O003622,2025-12-08,C00461,P0031,Electronics Product 031,Electronics,West,Mumbai,3,6070.56,15.0,15479.93,2920.44,12559.49,Card,Completed
O003623,2025-01-06,C00416,P0046,Electronics Product 046,Electronics,Central,Indore,3,8168.47,10.0,22054.87,1074.96,20979.91,Cash,Returned
O003624,2025-04-16,C00168,P0043,Fashion Product 043,Fashion,South,Chennai,5,2271.05,10.0,10219.73,9084.2,1135.53,Wallet,Completed
O003625,2025-01-01,C00328,P0007,Home Product 007,Home,East,Guwahati,5,5553.32,20.0,22213.28,20906.25,1307.03,Net Banking,Completed
O003626,2025-09-04,C00450,P0022,Home Product 022,Home,East,Bhubaneswar,1,5577.75,15.0,4741.09,3883.74,857.35,UPI,Completed
O003627,2025-07-05,C00337,P0050,Sports Product 050,Sports,North,Chandigarh,2,4011.29,5.0,7621.45,5446.38,2175.07,,Completed
O003628,2025-04-15,C00113,P0089,Beauty Product 089,Beauty,South,Bengaluru,2,5780.76,15.0,9827.29,9249.22,578.07,Cash,Completed
O003629,2025-04-22,C00327,P0064,Beauty Product 064,Beauty,Central,Indore,5,7994.51,0.0,39972.55,7483.45,32489.1,Net Banking,Completed
O003630,2025-08-23,C00039,P0001,Electronics Product 001,Electronics,East,Bhubaneswar,4,4907.86,20.0,15705.15,15705.16,-0.01,Card,Pending
O003631,2025-03-07,C00466,P0034,Beauty Product 034,Beauty,South,Hyderabad,4,7768.65,20.0,24859.68,19276.04,5583.64,UPI,Completed
O003632,2025-07-07,C00199,P0048,Fashion Product 048,Fashion,North,Delhi,4,8002.61,15.0,27208.87,10323.44,16885.43,Wallet,Cancelled
O003633,2025-08-12,C00102,P0071,Electronics Product 071,Electronics,North,Chandigarh,2,5148.93,10.0,9268.07,7095.5,2172.57,Card,Completed
O003634,2025-03-29,C00030,P0027,Home Product 027,Home,East,Guwahati,2,6771.19,0.0,13542.38,5791.8,7750.58,Card,Completed
O003635,2025-03-25,C00111,P0004,Beauty Product 004,Beauty,West,Ahmedabad,5,3466.38,5.0,16465.31,11946.65,4518.66,UPI,Completed
O003636,2025-05-09,C00011,P0043,Fashion Product 043,Fashion,North,Jaipur,3,2271.05,5.0,6472.49,5450.52,1021.97,Wallet,Cancelled
O003637,2025-08-04,C00082,P0058,Fashion Product 058,Fashion,West,Pune,3,3370.65,10.0,9100.76,8089.56,1011.2,Cash,Completed
O003638,2025-04-03,C00154,P0071,Electronics Product 071,Electronics,East,Kolkata,2,5148.93,0.0,10297.86,7095.5,3202.36,UPI,Cancelled
O003639,2025-05-19,C00471,P0045,Sports Product 045,Sports,North,Chandigarh,3,3762.55,10.0,10158.89,9030.12,1128.77,Net Banking,Completed
O003640,2025-07-17,C00243,P0021,Electronics Product 021,Electronics,Central,Nagpur,5,4281.14,5.0,20335.42,17124.55,3210.87,Wallet,Completed
O003641,2025-03-09,C00114,P0074,Beauty Product 074,Beauty,South,Chennai,1,2907.59,5.0,2762.21,2138.5,623.71,Net Banking,Completed
O003642,2025-07-27,C00430,P0091,Electronics Product 091,Electronics,East,Kolkata,4,1897.13,0.0,7588.52,2052.52,5536.0,Wallet,Completed
O003643,2025-02-20,C00106,P0062,Home Product 062,Home,South,Chennai,4,6676.1,5.0,25369.18,7002.64,18366.54,Net Banking,Cancelled
O003644,2025-02-21,C00238,P0017,Home Product 017,Home,East,Bhubaneswar,3,4364.81,5.0,12439.71,10475.55,1964.16,Cash,Completed
O003645,2025-03-28,C00054,P0042,Home Product 042,Home,North,Delhi,3,2781.36,10.0,7509.67,6675.27,834.4,Cash,Completed
O003646,2025-04-15,C00143,P0014,Beauty Product 014,Beauty,North,Chandigarh,4,4289.52,20.0,13726.46,13726.48,-0.02,UPI,Completed
O003647,2025-01-11,C00231,P0071,Electronics Product 071,Electronics,West,Mumbai,4,5148.93,5.0,19565.93,14191.0,5374.93,Net Banking,Completed
O003648,2025-12-17,C00285,P0067,Home Product 067,Home,North,Delhi,1,2982.59,10.0,2684.33,1183.06,1501.27,Cash,Completed
O003649,2025-04-23,C00333,P0020,Sports Product 020,Sports,Central,Bhopal,4,3689.4,0.0,14757.6,11806.08,2951.52,Cash,Completed
O003650,2025-10-20,C00474,P0040,Sports Product 040,Sports,South,Hyderabad,4,4584.31,15.0,15586.65,14669.8,916.85,Cash,Pending
O003651,2025-11-25,C00079,P0034,Beauty Product 034,Beauty,South,Bengaluru,2,7768.65,0.0,15537.3,9638.02,5899.28,UPI,Completed
O003652,2025-10-19,C00149,P0062,Home Product 062,Home,North,Chandigarh,1,6676.1,5.0,6342.3,1750.66,4591.64,Wallet,Cancelled
O003653,2025-10-30,C00099,P0083,Fashion Product 083,Fashion,East,Bhubaneswar,5,3893.45,5.0,18493.89,15573.8,2920.09,Cash,Pending
O003654,2025-02-06,C00225,P0046,Electronics Product 046,Electronics,East,Guwahati,2,8168.47,5.0,15520.09,716.64,14803.45,Net Banking,Completed
O003655,2025-05-16,C00399,P0024,Beauty Product 024,Beauty,North,Jaipur,4,2905.51,5.0,11040.94,9297.64,1743.3,Cash,Completed
O003656,2025-09-29,C00273,P0003,Fashion Product 003,Fashion,Central,Bhopal,4,6788.51,5.0,25796.34,15461.64,10334.7,Net Banking,Returned
O003657,2025-07-29,C00320,P0032,Home Product 032,Home,Central,Nagpur,4,2912.1,10.0,10483.56,8239.4,2244.16,Cash,Returned
O003658,2025-01-03,C00451,P0064,Beauty Product 064,Beauty,North,Delhi,2,7994.51,5.0,15189.57,2993.38,12196.19,Wallet,Pending
O003659,2025-07-26,C00333,P0038,Fashion Product 038,Fashion,Central,Bhopal,1,2947.65,5.0,2800.27,1211.23,1589.04,Net Banking,Completed
O003660,2025-10-20,C00226,P0023,Fashion Product 023,Fashion,West,Mumbai,4,3632.79,5.0,13804.6,11624.92,2179.68,UPI,Completed
O003661,2025-10-29,C00232,P0028,Fashion Product 028,Fashion,North,Delhi,1,7012.16,15.0,5960.34,2180.34,3780.0,UPI,Cancelled
O003662,2025-05-20,C00478,P0022,Home Product 022,Home,East,Bhubaneswar,3,5577.75,10.0,15059.93,11651.22,3408.71,Card,Completed
O003663,2025-03-28,C00027,P0013,Fashion Product 013,Fashion,East,Guwahati,4,4305.64,10.0,15500.3,3468.52,12031.78,Net Banking,Completed
O003664,2025-04-23,C00420,P0078,Fashion Product 078,Fashion,Central,Indore,3,8229.86,15.0,20986.14,6722.37,14263.77,Wallet,Cancelled
O003665,2025-04-18,C00213,P0043,Fashion Product 043,Fashion,East,Guwahati,2,2271.05,5.0,4314.99,3633.68,681.32,Net Banking,Completed
O003666,2025-05-07,C00169,P0078,Fashion Product 078,Fashion,West,Mumbai,1,8229.86,0.0,8229.86,2240.79,5989.07,Net Banking,Completed
O003667,2025-04-20,C00073,P0052,Home Product 052,Home,West,Pune,1,3602.09,0.0,3602.09,2881.67,720.42,Cash,Completed
O003668,2025-06-16,C00217,P0031,Electronics Product 031,Electronics,East,Kolkata,1,6070.56,0.0,6070.56,973.48,5097.08,Card,Completed
O003669,2025-01-15,C00035,P0085,Sports Product 085,Sports,Central,Indore,2,3007.51,5.0,5714.27,4812.02,902.25,Net Banking,Completed
O003670,2025-04-11,C00431,P0009,Beauty Product 009,Beauty,West,Mumbai,2,4934.15,20.0,7894.64,7894.64,-0.0,Cash,Completed
O003671,2025-04-25,C00041,P0075,Sports Product 075,Sports,West,Ahmedabad,1,8144.99,10.0,7330.49,3398.61,3931.88,UPI,Completed
O003672,2025-02-25,C00049,P0094,Beauty Product 094,Beauty,West,Ahmedabad,5,5366.1,0.0,26830.5,21464.4,5366.1,UPI,Completed
O003673,2025-11-16,C00199,P0071,Electronics Product 071,Electronics,North,Delhi,4,5148.93,5.0,19565.93,14191.0,5374.93,Card,Completed
O003674,2025-09-03,C00124,P0055,Sports Product 055,Sports,East,Kolkata,4,1679.4,10.0,6045.84,5374.08,671.76,Wallet,Completed
O003675,2025-11-28,C00314,P0007,Home Product 007,Home,Central,Nagpur,1,5553.32,10.0,4997.99,4181.25,816.74,Wallet,Completed
O003676,2025-07-24,C00359,P0013,Fashion Product 013,Fashion,East,Bhubaneswar,2,4305.64,20.0,6889.02,1734.26,5154.76,Cash,Completed
O003677,2025-02-09,C00043,P0064,Beauty Product 064,Beauty,East,Guwahati,4,7994.51,0.0,31978.04,5986.76,25991.28,Net Banking,Completed
O003678,2025-11-26,C00224,P0029,Beauty Product 029,Beauty,South,Hyderabad,4,1220.38,20.0,3905.22,1431.52,2473.7,UPI,Completed
O003679,2025-06-16,C00324,P0093,Fashion Product 093,Fashion,West,Pune,1,4536.21,15.0,3855.78,1760.46,2095.32,Cash,Completed
O003680,2025-09-07,C00079,P0029,Beauty Product 029,Beauty,South,Bengaluru,5,1220.38,0.0,6101.9,1789.4,4312.5,Card,Cancelled
O003681,2025-05-19,C00369,P0038,Fashion Product 038,Fashion,West,Pune,4,2947.65,20.0,9432.48,4844.92,4587.56,Cash,Completed
O003682,2025-06-29,C00224,P0064,Beauty Product 064,Beauty,South,Hyderabad,5,7994.51,15.0,33976.67,7483.45,26493.22,Cash,Completed
O003683,2025-06-28,C00193,P0094,Beauty Product 094,Beauty,West,Mumbai,3,5366.1,5.0,15293.39,12878.64,2414.75,Card,Returned
O003684,2025-04-14,C00052,P0027,Home Product 027,Home,South,Chennai,5,6771.19,10.0,30470.35,14479.5,15990.85,UPI,Completed
O003685,2025-07-21,C00344,P0096,Electronics Product 096,Electronics,North,Chandigarh,5,2784.06,10.0,12528.27,11136.25,1392.02,Card,Completed
O003686,2025-09-25,C00319,P0072,Home Product 072,Home,East,Guwahati,4,6223.26,15.0,21159.08,16278.36,4880.72,UPI,Pending
O003687,2025-01-08,C00315,P0040,Sports Product 040,Sports,North,Delhi,1,4584.31,0.0,4584.31,3667.45,916.86,Net Banking,Completed
O003688,2025-02-17,C00351,P0072,Home Product 072,Home,West,Mumbai,5,6223.26,5.0,29560.49,20347.95,9212.53,Card,Completed
O003689,2025-11-03,C00330,P0006,Electronics Product 006,Electronics,East,Guwahati,5,4936.68,20.0,19746.72,6646.9,13099.82,Net Banking,Completed
O003690,2025-07-27,C00437,P0086,Electronics Product 086,Electronics,South,Chennai,5,7032.55,5.0,33404.61,18967.85,14436.76,UPI,Completed
O003691,2025-12-21,C00137,P0093,Fashion Product 093,Fashion,South,Bengaluru,2,4536.21,10.0,8165.18,3520.92,4644.26,UPI,Completed
O003692,2025-08-09,C00008,P0079,Beauty Product 079,Beauty,Central,Indore,1,6934.89,15.0,5894.66,4681.86,1212.8,Cash,Completed
O003693,2025-08-26,C00135,P0096,Electronics Product 096,Electronics,South,Bengaluru,1,2784.06,10.0,2505.65,2227.25,278.4,Wallet,Completed
O003694,2025-11-24,C00140,P0012,Home Product 012,Home,West,Mumbai,1,4256.45,10.0,3830.8,2009.68,1821.12,,Completed
O003695,2025-08-29,C00438,P0033,Fashion Product 033,Fashion,North,Delhi,2,2460.76,10.0,4429.37,3937.22,492.15,Wallet,Completed
O003696,2025-04-30,C00115,P0029,Beauty Product 029,Beauty,Central,Indore,3,1220.38,15.0,3111.97,1073.64,2038.33,Cash,Completed
O003697,2025-07-12,C00478,P0084,Beauty Product 084,Beauty,East,Bhubaneswar,4,5715.45,15.0,19432.53,9091.76,10340.77,UPI,Completed
O003698,2025-03-27,C00307,P0068,Fashion Product 068,Fashion,Central,Nagpur,1,6082.72,5.0,5778.58,4866.18,912.4,Cash,Completed
O003699,2025-05-02,C00349,P0032,Home Product 032,Home,Central,Indore,5,2912.1,5.0,13832.47,10299.25,3533.22,Wallet,Returned
O003700,2025-09-05,C00248,P0055,Sports Product 055,Sports,East,Bhubaneswar,4,1679.4,5.0,6381.72,5374.08,1007.64,Cash,Completed
O003701,2025-02-24,C00082,P0097,Home Product 097,Home,West,Pune,1,3422.29,10.0,3080.06,2737.83,342.23,Wallet,Pending
O003702,2025-09-02,C00329,P0025,Sports Product 025,Sports,East,Bhubaneswar,2,5379.58,15.0,9145.29,8607.32,537.97,UPI,Returned
O003703,2025-08-01,C00323,P0004,Beauty Product 004,Beauty,South,Chennai,1,3466.38,20.0,2773.1,2389.33,383.77,Wallet,Cancelled
O003704,2025-04-23,C00412,P0008,Fashion Product 008,Fashion,West,Pune,5,8265.58,10.0,37195.11,9670.0,27525.11,UPI,Completed
O003705,2025-01-17,C00202,P0004,Beauty Product 004,Beauty,North,Delhi,4,3466.38,10.0,12478.97,9557.32,2921.65,Cash,Returned
O003706,2025-09-14,C00309,P0064,Beauty Product 064,Beauty,West,Ahmedabad,5,7994.51,10.0,35975.3,7483.45,28491.85,UPI,Completed
O003707,2025-10-28,C00206,P0010,Sports Product 010,Sports,South,Hyderabad,4,1734.32,20.0,5549.82,1832.28,3717.54,UPI,Completed
O003708,2025-09-23,C00020,P0044,Beauty Product 044,Beauty,South,Bengaluru,2,3801.64,5.0,7223.12,6082.62,1140.5,Card,Completed
O003709,2025-06-03,C00491,P0100,Sports Product 100,Sports,East,Guwahati,1,6735.82,,6399.03,4059.62,2339.41,UPI,Completed
O003710,2025-08-26,C00281,P0005,Sports Product 005,Sports,West,Mumbai,4,7082.09,0.0,28328.36,13233.44,15094.92,UPI,Cancelled
O003711,2025-05-31,C00490,P0034,Beauty Product 034,Beauty,East,Kolkata,5,7768.65,10.0,34958.93,24095.05,10863.88,UPI,Returned
O003712,2025-05-11,C00226,P0049,Beauty Product 049,Beauty,West,Mumbai,4,3123.84,20.0,9996.29,9996.28,0.01,Net Banking,Completed
O003713,2025-04-30,C00035,P0008,Fashion Product 008,Fashion,Central,Indore,1,8265.58,15.0,7025.74,1934.0,5091.74,Wallet,Completed
O003714,2025-03-18,C00018,P0070,Sports Product 070,Sports,South,Bengaluru,5,4336.1,20.0,17344.4,17344.4,0.0,Cash,Completed
O003715,2025-12-19,C00371,P0023,Fashion Product 023,Fashion,East,Bhubaneswar,4,3632.79,0.0,14531.16,11624.92,2906.24,Cash,Completed
O003716,2025-08-31,C00054,P0069,Beauty Product 069,Beauty,North,Delhi,5,2337.25,15.0,9933.31,1581.0,8352.31,Net Banking,Completed
O003717,2025-03-05,C00248,P0091,Electronics Product 091,Electronics,East,Bhubaneswar,1,1897.13,5.0,1802.27,513.13,1289.14,UPI,Completed
O003718,2025-11-11,C00484,P0071,Electronics Product 071,Electronics,West,Mumbai,4,5148.93,5.0,19565.93,14191.0,5374.93,Cash,Completed
O003719,2025-02-25,C00338,P0018,Fashion Product 018,Fashion,Central,Bhopal,4,6795.4,10.0,24463.44,1139.88,23323.56,Net Banking,Completed
O003720,2025-08-05,C00218,P0065,Sports Product 065,Sports,South,Hyderabad,4,7148.9,10.0,25736.04,3332.4,22403.64,Net Banking,Completed
O003721,2025-03-02,C00090,P0058,Fashion Product 058,Fashion,South,Bengaluru,3,3370.65,0.0,10111.95,8089.56,2022.39,Cash,Completed
O003722,2025-05-12,C00286,P0067,Home Product 067,Home,West,Ahmedabad,5,2982.59,15.0,12676.01,5915.3,6760.71,UPI,Pending
O003723,2025-08-28,C00121,P0053,Fashion Product 053,Fashion,North,Jaipur,4,5775.38,0.0,23101.52,6343.44,16758.08,Cash,Returned
O003724,2025-12-30,C00497,P0075,Sports Product 075,Sports,South,Bengaluru,1,8144.99,5.0,7737.74,3398.61,4339.13,Wallet,Completed
O003725,2025-11-22,C00240,P0060,Sports Product 060,Sports,South,Bengaluru,4,7633.42,10.0,27480.31,19855.12,7625.19,Card,Completed
O003726,2025-03-27,C00218,P0079,Beauty Product 079,Beauty,South,Hyderabad,3,6934.89,15.0,17683.97,14045.58,3638.39,Wallet,Completed
O003727,2025-02-04,C00112,P0037,Home Product 037,Home,Central,Bhopal,1,7720.82,5.0,7334.78,707.86,6626.92,Cash,Completed
O003728,2025-11-26,C00128,P0047,Home Product 047,Home,Central,Nagpur,4,4959.99,10.0,17855.96,15871.96,1984.0,,Pending
O003729,2025-12-03,C00119,P0089,Beauty Product 089,Beauty,North,Jaipur,2,5780.76,0.0,11561.52,9249.22,2312.3,Card,Completed
O003730,2025-04-12,C00157,P0086,Electronics Product 086,Electronics,Central,Bhopal,2,7032.55,0.0,14065.1,7587.14,6477.96,Cash,Completed
O003731,2025-01-07,C00428,P0070,Sports Product 070,Sports,West,Pune,1,4336.1,10.0,3902.49,3468.88,433.61,Card,Completed
O003732,2025-08-24,C00342,P0076,Electronics Product 076,Electronics,South,Chennai,4,5803.55,10.0,20892.78,18571.36,2321.42,Card,Completed
O003733,2025-01-28,C00484,P0041,Electronics Product 041,Electronics,West,Mumbai,1,5698.77,5.0,5413.83,3024.47,2389.36,UPI,Completed
O003734,2025-01-15,C00310,P0088,Fashion Product 088,Fashion,South,Hyderabad,5,5208.94,0.0,26044.7,20835.75,5208.95,Wallet,Completed
O003735,2025-12-08,C00366,P0037,Home Product 037,Home,South,Bengaluru,5,7720.82,0.0,38604.1,3539.3,35064.8,Wallet,Completed
O003736,2025-06-30,C00097,P0015,Sports Product 015,Sports,East,Bhubaneswar,2,4470.33,10.0,8046.59,7152.52,894.07,Card,Completed
O003737,2025-02-10,C00142,P0083,Fashion Product 083,Fashion,North,Chandigarh,5,3893.45,0.0,19467.25,15573.8,3893.45,Wallet,Returned
O003738,2025-08-27,C00058,P0090,Sports Product 090,Sports,Central,Bhopal,4,1423.92,20.0,4556.54,3918.64,637.9,Net Banking,Completed
O003739,2025-05-15,C00359,P0083,Fashion Product 083,Fashion,East,Bhubaneswar,1,3893.45,0.0,3893.45,3114.76,778.69,Wallet,Completed
O003740,2025-07-15,C00223,P0046,Electronics Product 046,Electronics,North,Delhi,3,8168.47,10.0,22054.87,1074.96,20979.91,Wallet,Completed
O003741,2025-11-24,C00390,P0045,Sports Product 045,Sports,West,Pune,2,3762.55,20.0,6020.08,6020.08,0.0,Wallet,Completed
O003742,2025-03-28,C00314,P0035,Sports Product 035,Sports,Central,Nagpur,1,8253.41,20.0,6602.73,1512.88,5089.85,Card,Completed
O003743,2025-08-24,C00322,P0024,Beauty Product 024,Beauty,Central,Bhopal,1,2905.51,0.0,2905.51,2324.41,581.1,Card,Completed
O003744,2025-10-29,C00080,P0072,Home Product 072,Home,East,Kolkata,4,6223.26,5.0,23648.39,16278.36,7370.03,UPI,Completed
O003745,2025-06-04,C00396,P0099,Beauty Product 099,Beauty,South,Bengaluru,5,7721.23,0.0,38606.15,21284.9,17321.25,Card,Completed
O003746,2025-12-20,C00116,P0041,Electronics Product 041,Electronics,West,Pune,4,5698.77,15.0,19375.82,12097.88,7277.94,Card,Completed
O003747,2025-06-13,C00001,P0049,Beauty Product 049,Beauty,East,Bhubaneswar,1,3123.84,0.0,3123.84,2499.07,624.77,UPI,Completed
O003748,2025-06-17,C00474,P0085,Sports Product 085,Sports,South,Hyderabad,1,3007.51,5.0,2857.13,2406.01,451.12,Card,Returned
O003749,2025-11-18,C00136,P0008,Fashion Product 008,Fashion,East,Kolkata,2,8265.58,20.0,13224.93,3868.0,9356.93,Card,Completed
O003750,2025-08-20,C00494,P0069,Beauty Product 069,Beauty,West,Mumbai,3,2337.25,10.0,6310.57,948.6,5361.98,Wallet,Completed
O003751,2025-11-13,C00443,P0069,Beauty Product 069,Beauty,West,Mumbai,5,2337.25,5.0,11101.94,1581.0,9520.94,Net Banking,Completed
O003752,2025-10-15,C00157,P0036,Electronics Product 036,Electronics,Central,Bhopal,4,4569.04,5.0,17362.35,14620.92,2741.43,Card,Completed
O003753,2025-09-17,C00433,P0038,Fashion Product 038,Fashion,West,Mumbai,3,2947.65,0.0,8842.95,3633.69,5209.26,Cash,Completed
O003754,2025-03-29,C00234,P0086,Electronics Product 086,Electronics,East,Guwahati,5,7032.55,10.0,31646.48,18967.85,12678.62,Cash,Returned
O003755,2025-05-26,C00030,P0076,Electronics Product 076,Electronics,East,Guwahati,2,5803.55,10.0,10446.39,9285.68,1160.71,Net Banking,Completed
O003756,2025-11-11,C00204,P0005,Sports Product 005,Sports,Central,Bhopal,2,7082.09,10.0,12747.76,6616.72,6131.04,Wallet,Completed
O003757,2025-08-13,C00377,P0084,Beauty Product 084,Beauty,East,Bhubaneswar,4,5715.45,5.0,21718.71,9091.76,12626.95,Card,Completed
O003758,2025-04-12,C00421,P0001,Electronics Product 001,Electronics,East,Kolkata,3,4907.86,10.0,13251.22,11778.87,1472.35,Cash,Completed
O003759,2025-04-30,C00417,P0028,Fashion Product 028,Fashion,West,Pune,3,7012.16,15.0,17881.01,6541.02,11339.99,Cash,Completed
O003760,2025-10-10,C00178,P0007,Home Product 007,Home,West,Ahmedabad,4,5553.32,10.0,19991.95,16725.0,3266.95,Wallet,Returned
O003761,2025-03-06,C00106,P0005,Sports Product 005,Sports,South,Chennai,3,7082.09,5.0,20183.96,9925.08,10258.88,Card,Pending
O003762,2025-02-10,C00397,P0087,Home Product 087,Home,East,Guwahati,4,5255.47,15.0,17868.6,2264.6,15604.0,Wallet,Completed
O003763,2025-10-06,C00196,P0013,Fashion Product 013,Fashion,East,Guwahati,2,4305.64,15.0,7319.59,1734.26,5585.33,Card,Completed
O003764,2025-04-15,C00019,P0038,Fashion Product 038,Fashion,North,Chandigarh,3,2947.65,15.0,7516.51,3633.69,3882.82,Net Banking,Completed
O003765,2025-10-06,C00214,P0051,Electronics Product 051,Electronics,North,Jaipur,1,7669.29,0.0,7669.29,4174.89,3494.4,Net Banking,Completed
O003766,2025-12-30,C00298,P0057,Home Product 057,Home,East,Guwahati,4,8123.2,20.0,25994.24,7025.64,18968.6,UPI,Completed
O003767,2025-07-11,C00371,P0066,Electronics Product 066,Electronics,East,Bhubaneswar,3,5295.06,20.0,12708.14,3304.56,9403.58,,Pending
O003768,2025-11-12,C00117,P0068,Fashion Product 068,Fashion,South,Hyderabad,2,6082.72,15.0,10340.62,9732.36,608.26,Card,Completed
O003769,2025-11-06,C00298,P0014,Beauty Product 014,Beauty,East,Guwahati,5,4289.52,20.0,17158.08,17158.1,-0.02,Card,Pending
O003770,2025-03-19,C00463,P0012,Home Product 012,Home,South,Hyderabad,1,4256.45,10.0,3830.8,2009.68,1821.12,Cash,Completed
O003771,2025-12-29,C00045,P0069,Beauty Product 069,Beauty,Central,Nagpur,2,2337.25,10.0,4207.05,632.4,3574.65,Wallet,Completed
O003772,2025-09-29,C00243,P0067,Home Product 067,Home,Central,Nagpur,3,2982.59,15.0,7605.6,3549.18,4056.42,Wallet,Completed
O003773,2025-02-09,C00180,P0041,Electronics Product 041,Electronics,North,Jaipur,3,5698.77,15.0,14531.86,9073.41,5458.45,Net Banking,Completed
O003774,2025-01-03,C00036,P0030,Sports Product 030,Sports,Central,Indore,5,3054.9,15.0,12983.32,12219.6,763.72,Net Banking,Pending
O003775,2025-04-09,C00074,P0062,Home Product 062,Home,North,Delhi,5,6676.1,10.0,30042.45,8753.3,21289.15,Wallet,Completed
O003776,2025-01-06,C00490,P0025,Sports Product 025,Sports,East,Kolkata,5,5379.58,10.0,24208.11,21518.3,2689.81,Cash,Cancelled
O003777,2025-05-11,C00061,P0003,Fashion Product 003,Fashion,East,Guwahati,4,6788.51,10.0,24438.64,15461.64,8977.0,Cash,Completed
O003778,2025-12-29,C00130,P0099,Beauty Product 099,Beauty,South,Hyderabad,5,7721.23,20.0,30884.92,21284.9,9600.02,Wallet,Completed
O003779,2025-06-24,C00394,P0004,Beauty Product 004,Beauty,North,Chandigarh,2,3466.38,15.0,5892.85,4778.66,1114.19,Cash,Pending
O003780,2025-01-09,C00202,P0088,Fashion Product 088,Fashion,North,Delhi,4,5208.94,15.0,17710.4,16668.6,1041.8,UPI,Completed
O003781,2025-06-29,C00408,P0030,Sports Product 030,Sports,Central,Indore,1,3054.9,15.0,2596.66,2443.92,152.74,Wallet,Completed
O003782,2025-03-21,C00114,P0065,Sports Product 065,Sports,South,Chennai,2,7148.9,10.0,12868.02,1666.2,11201.82,Cash,Returned
O003783,2025-11-08,C00312,P0046,Electronics Product 046,Electronics,East,Kolkata,5,8168.47,10.0,36758.11,1791.6,34966.51,Cash,Completed
O003784,2025-02-02,C00274,P0081,Electronics Product 081,Electronics,Central,Nagpur,1,6874.54,10.0,6187.09,4189.79,1997.3,UPI,Completed
O003785,2025-10-08,C00045,P0073,Fashion Product 073,Fashion,Central,Nagpur,2,1490.03,10.0,2682.05,1745.04,937.01,Cash,Completed
O003786,2025-06-12,C00419,P0007,Home Product 007,Home,East,Bhubaneswar,3,5553.32,20.0,13327.97,12543.75,784.22,UPI,Completed
O003787,2025-01-07,C00324,P0032,Home Product 032,Home,West,Pune,1,2912.1,0.0,2912.1,2059.85,852.25,Wallet,Completed
O003788,2025-09-03,C00225,P0076,Electronics Product 076,Electronics,East,Guwahati,1,5803.55,20.0,4642.84,4642.84,0.0,UPI,Completed
O003789,2025-06-15,C00143,P0079,Beauty Product 079,Beauty,North,Chandigarh,2,6934.89,15.0,11789.31,9363.72,2425.59,Cash,Returned
O003790,2025-10-08,C00424,P0070,Sports Product 070,Sports,East,Kolkata,1,4336.1,15.0,3685.69,3468.88,216.81,UPI,Completed
O003791,2025-08-13,C00221,P0008,Fashion Product 008,Fashion,North,Delhi,4,8265.58,15.0,28102.97,7736.0,20366.97,UPI,Completed
O003792,2025-10-14,C00163,P0001,Electronics Product 001,Electronics,Central,Indore,4,4907.86,0.0,19631.44,15705.16,3926.28,Card,Completed
O003793,2025-06-17,C00290,P0033,Fashion Product 033,Fashion,South,Chennai,1,2460.76,15.0,2091.65,1968.61,123.04,UPI,Completed
O003794,2025-01-03,C00348,P0007,Home Product 007,Home,North,Jaipur,4,5553.32,0.0,22213.28,16725.0,5488.28,Card,Completed
O003795,2025-02-17,C00424,P0064,Beauty Product 064,Beauty,East,Kolkata,5,7994.51,15.0,33976.67,7483.45,26493.22,Cash,Completed
O003796,2025-06-17,C00182,P0080,Sports Product 080,Sports,North,Delhi,5,4972.04,10.0,22374.18,19888.15,2486.03,Net Banking,Completed
O003797,2025-05-25,C00355,P0038,Fashion Product 038,Fashion,North,Delhi,1,2947.65,5.0,2800.27,1211.23,1589.04,Net Banking,Returned
O003798,2025-10-17,C00197,P0030,Sports Product 030,Sports,East,Kolkata,5,3054.9,0.0,15274.5,12219.6,3054.9,Card,Completed
O003799,2025-05-30,C00327,P0095,Sports Product 095,Sports,Central,Indore,3,2495.1,20.0,5988.24,4123.62,1864.62,Net Banking,Completed
O003800,2025-11-10,C00051,P0072,Home Product 072,Home,South,Chennai,2,6223.26,5.0,11824.19,8139.18,3685.01,Wallet,Completed
O003801,2025-03-10,C00430,P0092,Home Product 092,Home,East,Kolkata,1,5945.72,5.0,5648.43,3057.93,2590.5,Wallet,Completed
O003802,2025-05-21,C00265,P0049,Beauty Product 049,Beauty,North,Chandigarh,5,3123.84,10.0,14057.28,12495.35,1561.93,Cash,Completed
O003803,2025-10-03,C00018,P0089,Beauty Product 089,Beauty,South,Bengaluru,3,5780.76,0.0,17342.28,13873.83,3468.45,Cash,Cancelled
O003804,2025-02-15,C00299,P0028,Fashion Product 028,Fashion,Central,Nagpur,4,7012.16,10.0,25243.78,8721.36,16522.42,Cash,Pending
O003805,2025-04-27,C00092,P0091,Electronics Product 091,Electronics,East,Guwahati,1,1897.13,10.0,1707.42,513.13,1194.29,Net Banking,Pending
O003806,2025-10-01,C00452,P0080,Sports Product 080,Sports,West,Ahmedabad,1,4972.04,5.0,4723.44,3977.63,745.81,Wallet,Completed
O003807,2025-08-03,C00178,P0042,Home Product 042,Home,West,Ahmedabad,1,2781.36,10.0,2503.22,2225.09,278.13,Cash,Completed
O003808,2025-10-11,C00487,P0051,Electronics Product 051,Electronics,North,Jaipur,3,7669.29,0.0,23007.87,12524.67,10483.2,Wallet,Pending
O003809,2025-07-07,C00433,P0039,Beauty Product 039,Beauty,West,Mumbai,5,7352.91,5.0,34926.32,5448.35,29477.97,Card,Cancelled
O003810,2025-11-09,C00398,P0086,Electronics Product 086,Electronics,South,Bengaluru,4,7032.55,20.0,22504.16,15174.28,7329.88,Card,Completed
O003811,2025-11-16,C00188,P0025,Sports Product 025,Sports,South,Bengaluru,5,5379.58,10.0,24208.11,21518.3,2689.81,Card,Completed
O003812,2025-12-21,C00029,P0035,Sports Product 035,Sports,West,Pune,1,8253.41,0.0,8253.41,1512.88,6740.53,Cash,Returned
O003813,2025-02-14,C00058,P0019,Beauty Product 019,Beauty,Central,Bhopal,2,6745.83,15.0,11467.91,7199.08,4268.83,Cash,Completed
O003814,2025-08-04,C00279,P0002,Home Product 002,Home,West,Mumbai,5,4453.12,0.0,22265.6,17812.5,4453.1,Net Banking,Pending
O003815,2025-02-11,C00159,P0029,Beauty Product 029,Beauty,East,Bhubaneswar,1,1220.38,0.0,1220.38,357.88,862.5,Card,Completed
O003816,2025-03-25,C00338,P0097,Home Product 097,Home,Central,Bhopal,4,3422.29,0.0,13689.16,10951.32,2737.84,UPI,Completed
O003817,2025-04-20,C00323,P0023,Fashion Product 023,Fashion,South,Chennai,4,3632.79,5.0,13804.6,11624.92,2179.68,Wallet,Pending
O003818,2025-08-24,C00045,P0089,Beauty Product 089,Beauty,Central,Nagpur,3,5780.76,10.0,15608.05,13873.83,1734.22,Net Banking,Completed
O003819,2025-06-06,C00430,P0062,Home Product 062,Home,East,Kolkata,1,6676.1,15.0,5674.69,1750.66,3924.03,Card,Returned
O003820,2025-11-11,C00126,P0049,Beauty Product 049,Beauty,Central,Bhopal,5,3123.84,0.0,15619.2,12495.35,3123.85,Cash,Completed
O003821,2025-04-19,C00289,P0039,Beauty Product 039,Beauty,South,Bengaluru,3,7352.91,15.0,18749.92,3269.01,15480.91,Card,Completed
O003822,2025-08-13,C00052,P0015,Sports Product 015,Sports,South,Chennai,5,4470.33,20.0,17881.32,17881.3,0.02,Wallet,Returned
O003823,2025-10-05,C00280,P0002,Home Product 002,Home,South,Chennai,1,4453.12,10.0,4007.81,3562.5,445.31,Net Banking,Completed
O003824,2025-12-23,C00218,P0025,Sports Product 025,Sports,South,Hyderabad,1,5379.58,5.0,5110.6,4303.66,806.94,Net Banking,Cancelled
O003825,2025-03-31,C00347,P0031,Electronics Product 031,Electronics,South,Bengaluru,3,6070.56,15.0,15479.93,2920.44,12559.49,Cash,Completed
O003826,2025-09-25,C00465,P0068,Fashion Product 068,Fashion,East,Bhubaneswar,1,6082.72,0.0,6082.72,4866.18,1216.54,Wallet,Returned
O003827,2025-01-31,C00276,P0046,Electronics Product 046,Electronics,East,Bhubaneswar,2,8168.47,10.0,14703.25,716.64,13986.61,UPI,Cancelled
O003828,2025-07-17,C00197,P0083,Fashion Product 083,Fashion,East,Kolkata,2,3893.45,20.0,6229.52,6229.52,0.0,Net Banking,Completed
O003829,2025-05-31,C00145,P0061,Electronics Product 061,Electronics,East,Guwahati,4,7647.57,5.0,29060.77,17925.04,11135.73,Cash,Completed
O003830,2025-12-15,C00461,P0082,Home Product 082,Home,West,Mumbai,4,5348.13,15.0,18183.64,11084.64,7099.0,UPI,Completed
O003831,2025-10-09,C00364,P0062,Home Product 062,Home,South,Chennai,2,6676.1,15.0,11349.37,3501.32,7848.05,Net Banking,Cancelled
O003832,2025-12-04,C00341,P0063,Fashion Product 063,Fashion,North,Jaipur,2,2531.09,10.0,4555.96,4049.74,506.22,Cash,Completed
O003833,2025-11-06,C00041,P0087,Home Product 087,Home,West,Ahmedabad,2,5255.47,0.0,10510.94,1132.3,9378.64,UPI,Pending
O003834,2025-05-30,C00286,P0089,Beauty Product 089,Beauty,West,Ahmedabad,3,5780.76,10.0,15608.05,13873.83,1734.22,Wallet,Completed
O003835,2025-09-24,C00436,P0021,Electronics Product 021,Electronics,East,Kolkata,1,4281.14,5.0,4067.08,3424.91,642.17,UPI,Completed
O003836,2025-01-12,C00129,P0085,Sports Product 085,Sports,East,Kolkata,5,3007.51,10.0,13533.8,12030.05,1503.75,Wallet,Completed
O003837,2025-07-23,C00190,P0008,Fashion Product 008,Fashion,East,,1,8265.58,10.0,7439.02,1934.0,5505.02,Cash,Completed
O003838,2025-01-18,C00056,P0092,Home Product 092,Home,West,Ahmedabad,4,5945.72,15.0,20215.45,12231.72,7983.73,UPI,Completed
O003839,2025-09-21,C00270,P0078,Fashion Product 078,Fashion,Central,Indore,4,8229.86,10.0,29627.5,8963.16,20664.34,Net Banking,Completed
O003840,2025-12-18,C00284,P0008,Fashion Product 008,Fashion,North,Delhi,4,8265.58,5.0,31409.2,7736.0,23673.2,Cash,Completed
O003841,2025-11-02,C00275,P0096,Electronics Product 096,Electronics,West,Mumbai,4,2784.06,20.0,8908.99,8909.0,-0.01,Wallet,Cancelled
O003842,2025-03-27,C00427,P0031,Electronics Product 031,Electronics,North,Jaipur,5,6070.56,15.0,25799.88,4867.4,20932.48,Cash,Completed
O003843,2025-12-28,C00167,P0096,Electronics Product 096,Electronics,West,Ahmedabad,3,2784.06,10.0,7516.96,6681.75,835.21,Cash,Completed
O003844,2025-07-20,C00375,P0042,Home Product 042,Home,Central,Indore,1,2781.36,5.0,2642.29,2225.09,417.2,Net Banking,Returned
O003845,2025-09-03,C00308,P0081,Electronics Product 081,Electronics,North,Jaipur,5,6874.54,5.0,32654.06,20948.95,11705.11,Net Banking,Completed
O003846,2025-10-08,C00204,P0058,Fashion Product 058,Fashion,Central,Bhopal,1,3370.65,10.0,3033.59,2696.52,337.07,Card,Returned
O003847,2025-08-21,C00419,P0037,Home Product 037,Home,East,Bhubaneswar,2,7720.82,15.0,13125.39,1415.72,11709.67,Cash,Completed
O003848,2025-04-26,C00365,P0090,Sports Product 090,Sports,West,Ahmedabad,2,1423.92,5.0,2705.45,1959.32,746.13,Wallet,Completed
O003849,2025-08-11,C00133,P0098,Fashion Product 098,Fashion,North,Jaipur,1,7898.73,20.0,6318.98,496.82,5822.16,Net Banking,Completed
O003850,2025-08-27,C00344,P0078,Fashion Product 078,Fashion,North,Chandigarh,1,8229.86,10.0,7406.87,2240.79,5166.08,Card,Completed
O003851,2025-11-09,C00265,P0085,Sports Product 085,Sports,North,Chandigarh,1,3007.51,0.0,3007.51,2406.01,601.5,Cash,Completed
O003852,2025-06-25,C00451,P0063,Fashion Product 063,Fashion,North,Delhi,5,2531.09,5.0,12022.68,10124.35,1898.33,UPI,Returned
O003853,2025-07-02,C00283,P0016,Electronics Product 016,Electronics,Central,Bhopal,5,5090.79,10.0,22908.56,20363.15,2545.4,Wallet,Completed
O003854,2025-07-03,C00293,P0093,Fashion Product 093,Fashion,South,Hyderabad,3,4536.21,5.0,12928.2,5281.38,7646.82,Cash,Pending
O003855,2025-02-11,C00173,P0048,Fashion Product 048,Fashion,North,Jaipur,5,8002.61,0.0,40013.05,12904.3,27108.75,Net Banking,Returned
O003856,2025-02-02,C00020,P0039,Beauty Product 039,Beauty,South,Bengaluru,3,7352.91,5.0,20955.79,3269.01,17686.78,Card,Completed
O003857,2025-01-08,C00361,P0039,Beauty Product 039,Beauty,East,Kolkata,3,7352.91,10.0,19852.86,3269.01,16583.85,Card,Completed
O003858,2025-08-31,C00454,P0051,Electronics Product 051,Electronics,West,Mumbai,3,7669.29,0.0,23007.87,12524.67,10483.2,Card,Completed
O003859,2025-06-02,C00146,P0006,Electronics Product 006,Electronics,North,Jaipur,5,4936.68,15.0,20980.89,6646.9,14333.99,Net Banking,Completed
O003860,2025-11-12,C00215,P0012,Home Product 012,Home,Central,Bhopal,4,4256.45,10.0,15323.22,8038.72,7284.5,Wallet,Returned
O003861,2025-09-13,C00496,P0070,Sports Product 070,Sports,Central,Nagpur,1,4336.1,10.0,3902.49,3468.88,433.61,Cash,Completed
O003862,2025-02-21,C00472,P0052,Home Product 052,Home,South,Hyderabad,1,3602.09,10.0,3241.88,2881.67,360.21,Card,Completed
O003863,2025-02-06,C00328,P0005,Sports Product 005,Sports,East,Guwahati,4,7082.09,5.0,26911.94,13233.44,13678.5,UPI,Pending
O003864,2025-05-14,C00271,P0099,Beauty Product 099,Beauty,South,Chennai,3,7721.23,20.0,18530.95,12770.94,5760.01,Net Banking,Completed
O003865,2025-12-02,C00474,P0084,Beauty Product 084,Beauty,South,Hyderabad,3,5715.45,10.0,15431.71,6818.82,8612.89,Wallet,Returned
O003866,2025-01-18,C00119,P0066,Electronics Product 066,Electronics,North,Jaipur,3,5295.06,0.0,15885.18,3304.56,12580.62,Net Banking,Pending
O003867,2025-03-10,C00399,P0048,Fashion Product 048,Fashion,North,Jaipur,2,8002.61,0.0,16005.22,5161.72,10843.5,Cash,Completed
O003868,2025-01-11,C00389,P0031,Electronics Product 031,Electronics,West,Mumbai,1,6070.56,5.0,5767.03,973.48,4793.55,Net Banking,Completed
O003869,2025-05-31,C00052,P0014,Beauty Product 014,Beauty,South,Chennai,1,4289.52,0.0,4289.52,3431.62,857.9,Net Banking,Completed
O003870,2025-12-27,C00148,P0070,Sports Product 070,Sports,East,Kolkata,1,4336.1,10.0,3902.49,3468.88,433.61,Cash,Completed
O003871,2025-09-06,C00055,P0005,Sports Product 005,Sports,North,Jaipur,3,7082.09,5.0,20183.96,9925.08,10258.88,UPI,Returned
O003872,2025-06-29,C00395,P0055,Sports Product 055,Sports,South,Bengaluru,3,1679.4,10.0,4534.38,4030.56,503.82,Net Banking,Completed
O003873,2025-02-22,C00284,P0092,Home Product 092,Home,North,Delhi,4,5945.72,10.0,21404.59,12231.72,9172.87,UPI,Returned
O003874,2025-05-10,C00455,P0064,Beauty Product 064,Beauty,East,Kolkata,1,7994.51,20.0,6395.61,1496.69,4898.92,Cash,Completed
O003875,2025-07-10,C00442,P0050,Sports Product 050,Sports,East,Kolkata,3,4011.29,5.0,11432.18,8169.57,3262.61,Cash,Returned
O003876,2025-04-11,C00352,P0007,Home Product 007,Home,East,Bhubaneswar,4,5553.32,15.0,18881.29,16725.0,2156.29,UPI,Completed
O003877,2025-09-14,C00262,P0030,Sports Product 030,Sports,West,Ahmedabad,2,3054.9,5.0,5804.31,4887.84,916.47,Card,Returned
O003878,2025-12-23,C00449,P0050,Sports Product 050,Sports,West,Mumbai,5,4011.29,10.0,18050.81,13615.95,4434.85,Wallet,Completed
O003879,2025-03-16,C00002,P0035,Sports Product 035,Sports,East,Guwahati,4,8253.41,10.0,29712.28,6051.52,23660.76,Wallet,Completed
O003880,2025-04-02,C00491,P0054,Beauty Product 054,Beauty,East,Guwahati,1,4876.35,20.0,3901.08,3901.08,0.0,Wallet,Returned
O003881,2025-02-15,C00265,P0075,Sports Product 075,Sports,North,,2,8144.99,10.0,14660.98,6797.22,7863.76,Card,Cancelled
O003882,2025-09-22,C00333,P0033,Fashion Product 033,Fashion,Central,Bhopal,2,2460.76,10.0,4429.37,3937.22,492.15,UPI,Completed
O003883,2025-06-18,C00412,P0018,Fashion Product 018,Fashion,West,Pune,1,6795.4,10.0,6115.86,284.97,5830.89,UPI,Returned
O003884,2025-04-14,C00008,P0085,Sports Product 085,Sports,Central,Indore,4,3007.51,10.0,10827.04,9624.04,1203.0,Cash,Completed
O003885,2025-03-21,C00142,P0079,Beauty Product 079,Beauty,North,Chandigarh,5,6934.89,15.0,29473.28,23409.3,6063.98,Net Banking,Completed
O003886,2025-01-26,C00352,P0053,Fashion Product 053,Fashion,East,Bhubaneswar,2,5775.38,5.0,10973.22,3171.72,7801.5,Wallet,Completed
O003887,2025-06-23,C00418,P0095,Sports Product 095,Sports,West,Pune,3,2495.1,10.0,6736.77,4123.62,2613.15,Cash,Completed
O003888,2025-09-06,C00460,P0078,Fashion Product 078,Fashion,North,Jaipur,1,8229.86,10.0,7406.87,2240.79,5166.08,Cash,Completed
O003889,2025-03-27,C00009,P0033,Fashion Product 033,Fashion,North,Chandigarh,3,2460.76,5.0,7013.17,5905.83,1107.34,UPI,Pending
O003890,2025-01-01,C00489,P0093,Fashion Product 093,Fashion,North,Chandigarh,5,4536.21,20.0,18144.84,8802.3,9342.54,Wallet,Completed
O003891,2025-06-22,C00255,P0032,Home Product 032,Home,West,Ahmedabad,4,2912.1,0.0,11648.4,8239.4,3409.0,Wallet,Completed
O003892,2025-09-03,C00300,P0100,Sports Product 100,Sports,East,Guwahati,3,6735.82,10.0,18186.71,12178.86,6007.85,Net Banking,Completed
O003893,2025-05-06,C00230,P0092,Home Product 092,Home,East,Bhubaneswar,3,5945.72,5.0,16945.3,9173.79,7771.51,Cash,Completed
O003894,2025-04-02,C00102,P0060,Sports Product 060,Sports,North,Chandigarh,3,7633.42,15.0,19465.22,14891.34,4573.88,Wallet,Completed
O003895,2025-02-26,C00026,P0007,Home Product 007,Home,Central,Indore,5,5553.32,5.0,26378.27,20906.25,5472.02,UPI,Completed
O003896,2025-09-29,C00435,P0063,Fashion Product 063,Fashion,South,Chennai,5,2531.09,0.0,12655.45,10124.35,2531.1,Card,Cancelled
O003897,2025-11-10,C00157,P0030,Sports Product 030,Sports,Central,Bhopal,4,3054.9,10.0,10997.64,9775.68,1221.96,Wallet,Completed
O003898,2025-10-08,C00382,P0040,Sports Product 040,Sports,East,Kolkata,5,4584.31,10.0,20629.4,18337.25,2292.15,Net Banking,Returned
O003899,2025-07-08,C00432,P0093,Fashion Product 093,Fashion,South,Bengaluru,3,4536.21,10.0,12247.77,5281.38,6966.39,Wallet,Pending
O003900,2025-09-21,C00182,P0066,Electronics Product 066,Electronics,North,Delhi,4,5295.06,0.0,21180.24,4406.08,16774.16,Card,Completed
O003901,2025-05-25,C00281,P0095,Sports Product 095,Sports,West,Mumbai,5,2495.1,10.0,11227.95,6872.7,4355.25,UPI,Completed
O003902,2025-01-09,C00391,P0048,Fashion Product 048,Fashion,North,Chandigarh,4,8002.61,0.0,32010.44,10323.44,21687.0,Card,Completed
O003903,2025-05-14,C00448,P0041,Electronics Product 041,Electronics,North,Delhi,5,5698.77,0.0,28493.85,15122.35,13371.5,Net Banking,Completed
O003904,2025-09-14,C00005,P0027,Home Product 027,Home,West,Pune,2,6771.19,0.0,13542.38,5791.8,7750.58,Card,Completed
O003905,2025-08-24,C00047,P0054,Beauty Product 054,Beauty,North,Jaipur,3,4876.35,5.0,13897.6,11703.24,2194.36,Net Banking,Completed
O003906,2025-12-27,C00305,P0099,Beauty Product 099,Beauty,South,Chennai,4,7721.23,5.0,29340.67,17027.92,12312.75,Net Banking,Pending
O003907,2025-12-30,C00334,P0084,Beauty Product 084,Beauty,East,Kolkata,2,5715.45,10.0,10287.81,4545.88,5741.93,Card,Completed
O003908,2025-03-30,C00178,P0069,Beauty Product 069,Beauty,West,Ahmedabad,4,2337.25,5.0,8881.55,1264.8,7616.75,Card,Returned
O003909,2025-01-04,C00171,P0049,Beauty Product 049,Beauty,West,Mumbai,1,3123.84,0.0,3123.84,2499.07,624.77,Cash,Returned
O003910,2025-04-10,C00083,P0015,Sports Product 015,Sports,South,Hyderabad,1,4470.33,0.0,4470.33,3576.26,894.07,UPI,Completed
O003911,2025-10-24,C00483,P0070,Sports Product 070,Sports,Central,Bhopal,3,4336.1,20.0,10406.64,10406.64,0.0,Net Banking,Completed
O003912,2025-02-05,C00429,P0004,Beauty Product 004,Beauty,North,Jaipur,4,3466.38,5.0,13172.24,9557.32,3614.92,Wallet,Completed
O003913,2025-02-28,C00214,P0090,Sports Product 090,Sports,North,Jaipur,2,1423.92,0.0,2847.84,1959.32,888.52,Net Banking,Cancelled
O003914,2025-07-25,C00073,P0011,Electronics Product 011,Electronics,West,Pune,2,8240.08,20.0,13184.13,7575.24,5608.89,Cash,Returned
O003915,2025-08-29,C00253,P0013,Fashion Product 013,Fashion,West,Pune,5,4305.64,0.0,21528.2,4335.65,17192.55,Card,Pending
O003916,2025-12-24,C00196,P0009,Beauty Product 009,Beauty,East,Guwahati,1,4934.15,5.0,4687.44,3947.32,740.12,Wallet,Cancelled
O003917,2025-10-02,C00465,P0081,Electronics Product 081,Electronics,East,Bhubaneswar,4,6874.54,15.0,23373.44,16759.16,6614.28,Cash,Completed
O003918,2025-03-19,C00297,P0056,Electronics Product 056,Electronics,North,Chandigarh,2,7138.32,15.0,12135.14,4023.76,8111.38,UPI,Completed
O003919,2025-01-14,C00054,P0068,Fashion Product 068,Fashion,North,Delhi,5,6082.72,10.0,27372.24,24330.9,3041.34,Net Banking,Completed
O003920,2025-08-19,C00358,P0062,Home Product 062,Home,East,Guwahati,2,6676.1,5.0,12684.59,3501.32,9183.27,UPI,Completed
O003921,2025-07-21,C00170,P0098,Fashion Product 098,Fashion,North,Delhi,4,7898.73,10.0,28435.43,1987.28,26448.15,Card,Completed
O003922,2025-12-02,C00073,P0089,Beauty Product 089,Beauty,West,Pune,1,5780.76,5.0,5491.72,4624.61,867.11,Wallet,Completed
O003923,2025-07-29,C00163,P0072,Home Product 072,Home,Central,Indore,3,6223.26,5.0,17736.29,12208.77,5527.52,Card,Returned
O003924,2025-07-02,C00476,P0007,Home Product 007,Home,Central,Indore,5,5553.32,15.0,23601.61,20906.25,2695.36,UPI,Returned
O003925,2025-04-21,C00455,P0021,Electronics Product 021,Electronics,East,Kolkata,4,4281.14,20.0,13699.65,13699.64,0.01,Card,Completed
O003926,2025-02-01,C00151,P0005,Sports Product 005,Sports,North,Delhi,4,7082.09,20.0,22662.69,13233.44,9429.25,UPI,Completed
O003927,2025-11-15,C00039,P0018,Fashion Product 018,Fashion,East,Bhubaneswar,3,6795.4,20.0,16308.96,854.91,15454.05,Net Banking,Returned
O003928,2025-10-28,C00244,P0080,Sports Product 080,Sports,North,Delhi,4,4972.04,15.0,16904.94,15910.52,994.42,Net Banking,Completed
O003929,2025-03-01,C00117,P0051,Electronics Product 051,Electronics,South,Hyderabad,4,7669.29,10.0,27609.44,16699.56,10909.88,Net Banking,Completed
O003930,2025-09-14,C00396,P0049,Beauty Product 049,Beauty,South,Bengaluru,4,3123.84,15.0,10621.06,9996.28,624.78,Net Banking,Returned
O003931,2025-05-13,C00141,P0037,Home Product 037,Home,Central,Nagpur,2,7720.82,0.0,15441.64,1415.72,14025.92,Card,Completed
O003932,2025-06-09,C00302,P0017,Home Product 017,Home,East,Kolkata,1,4364.81,15.0,3710.09,3491.85,218.24,Wallet,Completed
O003933,2025-11-05,C00242,P0080,Sports Product 080,Sports,South,Bengaluru,5,4972.04,20.0,19888.16,19888.15,0.01,UPI,Completed
O003934,2025-11-03,C00326,P0045,Sports Product 045,Sports,West,,2,3762.55,10.0,6772.59,6020.08,752.51,Net Banking,Completed
O003935,2025-03-11,C00310,P0041,Electronics Product 041,Electronics,South,Hyderabad,4,5698.77,10.0,20515.57,12097.88,8417.69,UPI,Completed
O003936,2025-04-22,C00214,P0016,Electronics Product 016,Electronics,North,Jaipur,2,5090.79,15.0,8654.34,8145.26,509.08,Net Banking,Completed
O003937,2025-10-26,C00477,P0069,Beauty Product 069,Beauty,North,Delhi,4,2337.25,10.0,8414.1,1264.8,7149.3,Cash,Completed
O003938,2025-11-30,C00361,P0004,Beauty Product 004,Beauty,East,Kolkata,1,3466.38,0.0,3466.38,2389.33,1077.05,Cash,Pending
O003939,2025-01-29,C00190,P0032,Home Product 032,Home,East,Guwahati,1,2912.1,0.0,2912.1,2059.85,852.25,Net Banking,Completed
O003940,2025-10-31,C00467,P0013,Fashion Product 013,Fashion,East,Bhubaneswar,2,4305.64,0.0,8611.28,1734.26,6877.02,UPI,Returned
O003941,2025-06-28,C00307,P0028,Fashion Product 028,Fashion,Central,Nagpur,2,7012.16,5.0,13323.1,4360.68,8962.42,Card,Completed
O003942,2025-08-03,C00018,P0050,Sports Product 050,Sports,South,Bengaluru,3,4011.29,10.0,10830.48,8169.57,2660.91,Wallet,Returned
O003943,2025-01-28,C00135,P0090,Sports Product 090,Sports,South,Bengaluru,4,1423.92,5.0,5410.9,3918.64,1492.26,Wallet,Completed
O003944,2025-09-05,C00481,P0048,Fashion Product 048,Fashion,Central,Indore,4,8002.61,0.0,32010.44,10323.44,21687.0,UPI,Completed
O003945,2025-09-04,C00421,P0067,Home Product 067,Home,East,Kolkata,3,2982.59,5.0,8500.38,3549.18,4951.2,Cash,Completed
O003946,2025-08-30,C00018,P0037,Home Product 037,Home,South,Bengaluru,3,7720.82,5.0,22004.34,2123.58,19880.76,Wallet,Pending
O003947,2025-10-15,C00088,P0005,Sports Product 005,Sports,North,Jaipur,3,7082.09,10.0,19121.64,9925.08,9196.56,Card,Completed
O003948,2025-12-11,C00434,P0049,Beauty Product 049,Beauty,North,Chandigarh,4,3123.84,0.0,12495.36,9996.28,2499.08,UPI,Completed
O003949,2025-11-06,C00423,P0054,Beauty Product 054,Beauty,South,Chennai,1,4876.35,15.0,4144.9,3901.08,243.82,Wallet,Completed
O003950,2025-09-29,C00089,P0024,Beauty Product 024,Beauty,North,Delhi,5,2905.51,15.0,12348.42,11622.05,726.37,Wallet,Completed
O003951,2025-12-24,C00096,P0025,Sports Product 025,Sports,North,Chandigarh,1,5379.58,15.0,4572.64,4303.66,268.98,UPI,Pending
O003952,2025-09-03,C00409,P0047,Home Product 047,Home,South,Hyderabad,2,4959.99,5.0,9423.98,7935.98,1488.0,Wallet,Completed
O003953,2025-09-02,C00296,P0085,Sports Product 085,Sports,East,Kolkata,1,3007.51,10.0,2706.76,2406.01,300.75,,Completed
O003954,2025-07-17,C00484,P0060,Sports Product 060,Sports,West,Mumbai,3,7633.42,5.0,21755.25,14891.34,6863.91,UPI,Cancelled
O003955,2025-10-07,C00329,P0064,Beauty Product 064,Beauty,East,Bhubaneswar,3,7994.51,10.0,21585.18,4490.07,17095.11,Cash,Completed
O003956,2025-01-26,C00204,P0047,Home Product 047,Home,Central,Bhopal,4,4959.99,15.0,16863.97,15871.96,992.01,Net Banking,Returned
O003957,2025-07-04,C00267,P0082,Home Product 082,Home,Central,Nagpur,3,5348.13,10.0,14439.95,8313.48,6126.47,Cash,Returned
O003958,2025-06-04,C00385,P0017,Home Product 017,Home,West,Mumbai,3,4364.81,5.0,12439.71,10475.55,1964.16,Wallet,Completed
O003959,2025-11-29,C00193,P0081,Electronics Product 081,Electronics,West,,5,6874.54,15.0,29216.79,20948.95,8267.84,Wallet,Completed
O003960,2025-01-27,C00402,P0088,Fashion Product 088,Fashion,West,Pune,3,5208.94,15.0,13282.8,12501.45,781.35,Card,Completed
O003961,2025-08-23,C00440,P0011,Electronics Product 011,Electronics,Central,Bhopal,5,8240.08,20.0,32960.32,18938.1,14022.22,Wallet,Completed
O003962,2025-03-09,C00461,P0096,Electronics Product 096,Electronics,West,Mumbai,2,2784.06,20.0,4454.5,4454.5,-0.0,Card,Completed
O003963,2025-11-18,C00012,P0009,Beauty Product 009,Beauty,East,Kolkata,2,4934.15,15.0,8388.05,7894.64,493.41,Card,Completed
O003964,2025-11-07,C00132,P0052,Home Product 052,Home,North,Jaipur,3,3602.09,0.0,10806.27,8645.01,2161.26,UPI,Completed
O003965,2025-03-27,C00039,P0074,Beauty Product 074,Beauty,East,Bhubaneswar,4,2907.59,10.0,10467.32,8554.0,1913.32,Net Banking,Completed
O003966,2025-11-14,C00240,P0030,Sports Product 030,Sports,South,Bengaluru,5,3054.9,10.0,13747.05,12219.6,1527.45,Cash,Completed
O003967,2025-06-30,C00302,P0050,Sports Product 050,Sports,East,Kolkata,5,4011.29,15.0,17047.98,13615.95,3432.03,Wallet,Completed
O003968,2025-12-20,C00175,P0010,Sports Product 010,Sports,West,Ahmedabad,3,1734.32,15.0,4422.52,1374.21,3048.31,Cash,Completed
O003969,2025-09-23,C00363,P0100,Sports Product 100,Sports,North,Delhi,5,6735.82,10.0,30311.19,20298.1,10013.09,Net Banking,Completed
O003970,2025-01-13,C00009,P0038,Fashion Product 038,Fashion,North,Chandigarh,4,2947.65,5.0,11201.07,4844.92,6356.15,Card,Completed
O003971,2025-03-15,C00216,P0051,Electronics Product 051,Electronics,North,Jaipur,2,7669.29,15.0,13037.79,8349.78,4688.01,UPI,Pending
O003972,2025-05-27,C00451,P0015,Sports Product 015,Sports,North,Delhi,2,4470.33,10.0,8046.59,7152.52,894.07,Cash,Pending
O003973,2025-03-18,C00478,P0092,Home Product 092,Home,East,Bhubaneswar,5,5945.72,5.0,28242.17,15289.65,12952.52,Card,Completed
O003974,2025-02-18,C00430,P0037,Home Product 037,Home,East,Kolkata,4,7720.82,15.0,26250.79,2831.44,23419.35,Wallet,Completed
O003975,2025-12-23,C00091,P0075,Sports Product 075,Sports,South,Bengaluru,2,8144.99,20.0,13031.98,6797.22,6234.76,UPI,Completed
O003976,2025-11-13,C00307,P0056,Electronics Product 056,Electronics,Central,Nagpur,3,7138.32,20.0,17131.97,6035.64,11096.33,UPI,Completed
O003977,2025-06-08,C00256,P0087,Home Product 087,Home,West,Mumbai,5,5255.47,5.0,24963.48,2830.75,22132.73,UPI,Pending
O003978,2025-03-20,C00431,P0045,Sports Product 045,Sports,West,Mumbai,2,3762.55,5.0,7148.85,6020.08,1128.77,Net Banking,Returned
O003979,2025-03-08,C00351,P0067,Home Product 067,Home,West,Mumbai,1,2982.59,,2535.2,1183.06,1352.14,Net Banking,Completed
O003980,2025-11-30,C00308,P0053,Fashion Product 053,Fashion,North,Jaipur,4,5775.38,10.0,20791.37,6343.44,14447.93,Card,Completed
O003981,2025-05-01,C00334,P0080,Sports Product 080,Sports,East,Kolkata,5,4972.04,15.0,21131.17,19888.15,1243.02,Card,Completed
O003982,2025-01-05,C00450,P0007,Home Product 007,Home,East,Bhubaneswar,4,5553.32,0.0,22213.28,16725.0,5488.28,Net Banking,Completed
O003983,2025-05-25,C00168,P0061,Electronics Product 061,Electronics,South,Chennai,1,7647.57,10.0,6882.81,4481.26,2401.55,Net Banking,Completed
O003984,2025-06-15,C00408,P0055,Sports Product 055,Sports,Central,Indore,5,1679.4,0.0,8397.0,6717.6,1679.4,Card,Completed
O003985,2025-08-15,C00332,P0078,Fashion Product 078,Fashion,West,Ahmedabad,3,8229.86,10.0,22220.62,6722.37,15498.25,Wallet,Completed
O003986,2025-05-04,C00207,P0016,Electronics Product 016,Electronics,Central,Bhopal,3,5090.79,5.0,14508.75,12217.89,2290.86,Card,Completed
O003987,2025-12-02,C00199,P0081,Electronics Product 081,Electronics,North,Delhi,1,6874.54,5.0,6530.81,4189.79,2341.02,Card,Completed
O003988,2025-08-23,C00262,P0086,Electronics Product 086,Electronics,West,Ahmedabad,4,7032.55,0.0,28130.2,15174.28,12955.92,Net Banking,Completed
O003989,2025-12-26,C00353,P0094,Beauty Product 094,Beauty,South,Hyderabad,3,5366.1,10.0,14488.47,12878.64,1609.83,Cash,Completed
O003990,2025-05-14,C00384,P0037,Home Product 037,Home,Central,Nagpur,1,7720.82,0.0,7720.82,707.86,7012.96,Cash,Completed
O003991,2025-08-26,C00197,P0019,Beauty Product 019,Beauty,East,Kolkata,5,6745.83,0.0,33729.15,17997.7,15731.45,UPI,Pending
O003992,2025-05-13,C00011,P0086,Electronics Product 086,Electronics,North,Jaipur,1,7032.55,0.0,7032.55,3793.57,3238.98,Wallet,Completed
O003993,2025-09-12,C00134,P0036,Electronics Product 036,Electronics,Central,Nagpur,4,4569.04,10.0,16448.54,14620.92,1827.62,Cash,Completed
O003994,2025-09-29,C00231,P0042,Home Product 042,Home,West,Mumbai,2,2781.36,15.0,4728.31,4450.18,278.13,Card,Completed
O003995,2025-04-28,C00468,P0066,Electronics Product 066,Electronics,West,Mumbai,3,5295.06,5.0,15090.92,3304.56,11786.36,Wallet,Completed
O003996,2025-12-08,C00341,P0099,Beauty Product 099,Beauty,North,Jaipur,5,7721.23,20.0,30884.92,21284.9,9600.02,UPI,Completed
O003997,2025-11-09,C00077,P0054,Beauty Product 054,Beauty,South,Bengaluru,3,4876.35,0.0,14629.05,11703.24,2925.81,UPI,Completed
O003998,2025-11-22,C00129,P0096,Electronics Product 096,Electronics,East,Kolkata,5,2784.06,10.0,12528.27,11136.25,1392.02,Cash,Completed
O003999,2025-03-21,C00201,P0011,Electronics Product 011,Electronics,West,Mumbai,1,8240.08,0.0,8240.08,3787.62,4452.46,Cash,Completed
O004000,2025-09-19,C00370,P0072,Home Product 072,Home,North,Jaipur,5,6223.26,10.0,28004.67,20347.95,7656.72,UPI,Completed
O004001,2025-02-08,C00371,P0049,Beauty Product 049,Beauty,East,Bhubaneswar,1,3123.84,10.0,2811.46,2499.07,312.39,Card,Completed
O004002,2025-02-08,C00319,P0035,Sports Product 035,Sports,East,Guwahati,3,8253.41,5.0,23522.22,4538.64,18983.58,Cash,Completed
O004003,2025-12-21,C00466,P0047,Home Product 047,Home,South,Hyderabad,2,4959.99,15.0,8431.98,7935.98,496.0,Card,Completed
O004004,2025-02-25,C00373,P0002,Home Product 002,Home,South,Chennai,3,4453.12,10.0,12023.42,10687.5,1335.92,Cash,Pending
O004005,2025-11-11,C00181,P0095,Sports Product 095,Sports,North,Delhi,4,2495.1,10.0,8982.36,5498.16,3484.2,Wallet,Completed
O004006,2025-06-06,C00181,P0043,Fashion Product 043,Fashion,North,Delhi,5,2271.05,10.0,10219.73,9084.2,1135.53,Net Banking,Completed
O004007,2025-04-21,C00426,P0033,Fashion Product 033,Fashion,East,Kolkata,4,2460.76,10.0,8858.74,7874.44,984.3,Wallet,Returned
O004008,2025-01-27,C00303,P0015,Sports Product 015,Sports,North,Delhi,1,4470.33,20.0,3576.26,3576.26,0.0,UPI,Returned
O004009,2025-09-03,C00185,P0045,Sports Product 045,Sports,East,Kolkata,5,3762.55,10.0,16931.48,15050.2,1881.28,Wallet,Completed
O004010,2025-09-20,C00391,P0081,Electronics Product 081,Electronics,North,Chandigarh,1,6874.54,5.0,6530.81,4189.79,2341.02,Wallet,Completed
O004011,2025-06-19,C00315,P0061,Electronics Product 061,Electronics,North,Delhi,3,7647.57,20.0,18354.17,13443.78,4910.39,Card,Completed
O004012,2025-10-22,C00265,P0086,Electronics Product 086,Electronics,North,Chandigarh,3,7032.55,0.0,21097.65,11380.71,9716.94,Card,Returned
O004013,2025-04-28,C00232,P0027,Home Product 027,Home,North,Delhi,5,6771.19,5.0,32163.15,14479.5,17683.65,UPI,Completed
O004014,2025-07-20,C00357,P0022,Home Product 022,Home,Central,Nagpur,3,5577.75,0.0,16733.25,11651.22,5082.03,Cash,Completed
O004015,2025-04-15,C00326,P0015,Sports Product 015,Sports,West,Ahmedabad,2,4470.33,15.0,7599.56,7152.52,447.04,Cash,Completed
O004016,2025-07-31,C00345,P0076,Electronics Product 076,Electronics,West,Mumbai,3,5803.55,15.0,14799.05,13928.52,870.53,Cash,Cancelled
O004017,2025-02-19,C00271,P0017,Home Product 017,Home,South,Chennai,1,4364.81,20.0,3491.85,3491.85,-0.0,Card,Pending
O004018,2025-06-23,C00279,P0014,Beauty Product 014,Beauty,West,Mumbai,1,4289.52,15.0,3646.09,3431.62,214.47,UPI,Completed
O004019,2025-07-19,C00201,P0059,Beauty Product 059,Beauty,West,,4,1289.86,0.0,5159.44,4127.56,1031.88,UPI,Completed
O004020,2025-07-22,C00219,P0054,Beauty Product 054,Beauty,North,Jaipur,4,4876.35,15.0,16579.59,15604.32,975.27,UPI,Completed
O004021,2025-06-12,C00258,P0047,Home Product 047,Home,West,Pune,5,4959.99,10.0,22319.95,19839.95,2480.01,Card,Completed
O004022,2025-08-23,C00015,P0033,Fashion Product 033,Fashion,West,Ahmedabad,2,2460.76,10.0,4429.37,3937.22,492.15,Cash,Pending
O004023,2025-07-06,C00180,P0025,Sports Product 025,Sports,North,Jaipur,4,5379.58,10.0,19366.49,17214.64,2151.85,Cash,Completed
O004024,2025-04-14,C00163,P0012,Home Product 012,Home,Central,Indore,4,4256.45,10.0,15323.22,8038.72,7284.5,Net Banking,Completed
O004025,2025-03-20,C00043,P0094,Beauty Product 094,Beauty,East,Guwahati,2,5366.1,10.0,9658.98,8585.76,1073.22,Net Banking,Completed
O004026,2025-08-24,C00418,P0071,Electronics Product 071,Electronics,West,Pune,4,5148.93,5.0,19565.93,14191.0,5374.93,Cash,Completed
O004027,2025-12-08,C00115,P0026,Electronics Product 026,Electronics,Central,Indore,4,2848.75,15.0,9685.75,6346.28,3339.47,Card,Pending
O004028,2025-10-02,C00252,P0024,Beauty Product 024,Beauty,East,Guwahati,4,2905.51,10.0,10459.84,9297.64,1162.2,Net Banking,Completed
O004029,2025-08-21,C00228,P0007,Home Product 007,Home,Central,Bhopal,1,5553.32,20.0,4442.66,4181.25,261.41,UPI,Completed
O004030,2025-12-02,C00201,P0082,Home Product 082,Home,West,Mumbai,3,5348.13,5.0,15242.17,8313.48,6928.69,Wallet,Completed
O004031,2025-11-24,C00191,P0004,Beauty Product 004,Beauty,East,Kolkata,1,3466.38,5.0,3293.06,2389.33,903.73,Cash,Completed
O004032,2025-07-04,C00262,P0033,Fashion Product 033,Fashion,West,Ahmedabad,3,2460.76,10.0,6644.05,5905.83,738.22,Wallet,Completed
O004033,2025-02-09,C00280,P0038,Fashion Product 038,Fashion,South,Chennai,3,2947.65,20.0,7074.36,3633.69,3440.67,UPI,Completed
O004034,2025-08-19,C00022,P0007,Home Product 007,Home,South,Bengaluru,1,5553.32,5.0,5275.65,4181.25,1094.4,Cash,Completed
O004035,2025-08-15,C00208,P0055,Sports Product 055,Sports,East,Bhubaneswar,5,1679.4,10.0,7557.3,6717.6,839.7,Cash,Pending
O004036,2025-04-11,C00395,P0026,Electronics Product 026,Electronics,South,Bengaluru,2,2848.75,10.0,5127.75,3173.14,1954.61,Net Banking,Completed
O004037,2025-11-06,C00145,P0085,Sports Product 085,Sports,East,Guwahati,3,3007.51,0.0,9022.53,7218.03,1804.5,Wallet,Returned
O004038,2025-11-13,C00500,P0006,Electronics Product 006,Electronics,Central,Indore,1,4936.68,5.0,4689.85,1329.38,3360.47,UPI,Completed
O004039,2025-05-01,C00214,P0051,Electronics Product 051,Electronics,North,Jaipur,1,7669.29,0.0,7669.29,4174.89,3494.4,Cash,Completed
O004040,2025-06-23,C00443,P0050,Sports Product 050,Sports,West,Mumbai,4,4011.29,5.0,15242.9,10892.76,4350.14,Card,Completed
O004041,2025-03-13,C00169,P0095,Sports Product 095,Sports,West,Mumbai,2,2495.1,20.0,3992.16,2749.08,1243.08,,Completed
O004042,2025-03-06,C00445,P0085,Sports Product 085,Sports,North,Delhi,2,3007.51,15.0,5112.77,4812.02,300.75,Net Banking,Completed
O004043,2025-04-07,C00155,P0009,Beauty Product 009,Beauty,West,Pune,3,4934.15,15.0,12582.08,11841.96,740.12,Wallet,Completed
O004044,2025-05-14,C00137,P0057,Home Product 057,Home,South,Bengaluru,5,8123.2,0.0,40616.0,8782.05,31833.95,Net Banking,Completed
O004045,2025-04-10,C00070,P0079,Beauty Product 079,Beauty,South,Chennai,4,6934.89,10.0,24965.6,18727.44,6238.16,Card,Completed
O004046,2025-02-25,C00235,P0027,Home Product 027,Home,South,Bengaluru,5,6771.19,10.0,30470.35,14479.5,15990.85,Card,Completed
O004047,2025-06-12,C00187,P0001,Electronics Product 001,Electronics,West,Ahmedabad,4,4907.86,10.0,17668.3,15705.16,1963.14,Card,Completed
O004048,2025-08-15,C00251,P0041,Electronics Product 041,Electronics,North,Jaipur,4,5698.77,5.0,21655.33,12097.88,9557.45,Wallet,Completed
O004049,2025-04-29,C00109,P0008,Fashion Product 008,Fashion,South,,3,8265.58,20.0,19837.39,5802.0,14035.39,Wallet,Completed
O004050,2025-07-14,C00236,P0060,Sports Product 060,Sports,North,Chandigarh,5,7633.42,5.0,36258.74,24818.9,11439.84,Card,Completed
O004051,2025-04-09,C00408,P0096,Electronics Product 096,Electronics,Central,Indore,5,2784.06,15.0,11832.25,11136.25,696.0,Wallet,Completed
O004052,2025-09-14,C00168,P0087,Home Product 087,Home,South,Chennai,5,5255.47,15.0,22335.75,2830.75,19505.0,Card,Completed
O004053,2025-08-25,C00390,P0034,Beauty Product 034,Beauty,West,Pune,4,7768.65,20.0,24859.68,19276.04,5583.64,Cash,Completed
O004054,2025-12-16,C00149,P0079,Beauty Product 079,Beauty,North,Chandigarh,4,6934.89,0.0,27739.56,18727.44,9012.12,UPI,Pending
O004055,2025-01-20,C00425,P0043,Fashion Product 043,Fashion,South,Bengaluru,4,2271.05,15.0,7721.57,7267.36,454.21,Cash,Completed
O004056,2025-11-07,C00424,P0051,Electronics Product 051,Electronics,East,Kolkata,4,7669.29,0.0,30677.16,16699.56,13977.6,Wallet,Returned
O004057,2025-05-04,C00034,P0098,Fashion Product 098,Fashion,South,Hyderabad,5,7898.73,15.0,33569.6,2484.1,31085.5,Cash,Completed
O004058,2025-01-25,C00277,P0052,Home Product 052,Home,West,Ahmedabad,5,3602.09,5.0,17109.93,14408.35,2701.58,Cash,Completed
O004059,2025-09-09,C00478,P0085,Sports Product 085,Sports,East,Bhubaneswar,5,3007.51,10.0,13533.8,12030.05,1503.75,Net Banking,Completed
O004060,2025-03-04,C00484,P0085,Sports Product 085,Sports,West,Mumbai,4,3007.51,20.0,9624.03,9624.04,-0.01,Net Banking,Completed
O004061,2025-03-06,C00140,P0042,Home Product 042,Home,West,Mumbai,1,2781.36,10.0,2503.22,2225.09,278.13,Cash,Completed
O004062,2025-12-23,C00088,P0062,Home Product 062,Home,North,Jaipur,1,6676.1,0.0,6676.1,1750.66,4925.44,Net Banking,Completed
O004063,2025-03-22,C00189,P0090,Sports Product 090,Sports,West,Mumbai,1,1423.92,0.0,1423.92,979.66,444.26,UPI,Pending
O004064,2025-07-19,C00177,P0017,Home Product 017,Home,West,Ahmedabad,4,4364.81,10.0,15713.32,13967.4,1745.92,Card,Pending
O004065,2025-03-15,C00418,P0065,Sports Product 065,Sports,West,Pune,2,7148.9,5.0,13582.91,1666.2,11916.71,Card,Returned
O004066,2025-02-15,C00032,P0043,Fashion Product 043,Fashion,East,Bhubaneswar,3,2271.05,10.0,6131.84,5450.52,681.32,Wallet,Completed
O004067,2025-01-01,C00457,P0081,Electronics Product 081,Electronics,West,Ahmedabad,3,6874.54,10.0,18561.26,12569.37,5991.89,Card,Completed
O004068,2025-01-06,C00496,P0099,Beauty Product 099,Beauty,Central,Nagpur,3,7721.23,20.0,18530.95,12770.94,5760.01,Cash,Completed
O004069,2025-06-22,C00342,P0073,Fashion Product 073,Fashion,South,Chennai,2,1490.03,0.0,2980.06,1745.04,1235.02,Net Banking,Completed
O004070,2025-06-07,C00104,P0038,Fashion Product 038,Fashion,East,Bhubaneswar,5,2947.65,15.0,12527.51,6056.15,6471.36,Cash,Completed
O004071,2025-01-15,C00481,P0084,Beauty Product 084,Beauty,Central,Indore,2,5715.45,15.0,9716.26,4545.88,5170.38,Net Banking,Completed
O004072,2025-05-08,C00177,P0017,Home Product 017,Home,West,Ahmedabad,2,4364.81,0.0,8729.62,6983.7,1745.92,Cash,Completed
O004073,2025-04-10,C00245,P0008,Fashion Product 008,Fashion,West,Pune,5,8265.58,0.0,41327.9,9670.0,31657.9,Wallet,Completed
O004074,2025-07-27,C00497,P0057,Home Product 057,Home,South,Bengaluru,3,8123.2,10.0,21932.64,5269.23,16663.41,Cash,Completed
O004075,2025-12-29,C00421,P0002,Home Product 002,Home,East,Kolkata,3,4453.12,20.0,10687.49,10687.5,-0.01,Cash,Completed
O004076,2025-09-09,C00490,P0041,Electronics Product 041,Electronics,East,Kolkata,5,5698.77,15.0,24219.77,15122.35,9097.42,Wallet,Completed
O004077,2025-12-01,C00076,P0078,Fashion Product 078,Fashion,Central,Nagpur,5,8229.86,10.0,37034.37,11203.95,25830.42,UPI,Pending
O004078,2025-03-11,C00050,P0066,Electronics Product 066,Electronics,South,Hyderabad,3,5295.06,20.0,12708.14,3304.56,9403.58,Card,Completed
O004079,2025-03-20,C00088,P0099,Beauty Product 099,Beauty,North,Jaipur,2,7721.23,15.0,13126.09,8513.96,4612.13,Wallet,Completed
O004080,2025-10-01,C00409,P0033,Fashion Product 033,Fashion,South,Hyderabad,1,2460.76,15.0,2091.65,1968.61,123.04,Card,Completed
O004081,2025-04-23,C00202,P0096,Electronics Product 096,Electronics,North,Delhi,4,2784.06,15.0,9465.8,8909.0,556.8,UPI,Completed
O004082,2025-11-05,C00320,P0011,Electronics Product 011,Electronics,Central,Nagpur,2,8240.08,15.0,14008.14,7575.24,6432.9,UPI,Completed
O004083,2025-06-18,C00103,P0050,Sports Product 050,Sports,North,Chandigarh,2,4011.29,10.0,7220.32,5446.38,1773.94,UPI,Completed
O004084,2025-03-15,C00487,P0004,Beauty Product 004,Beauty,North,,1,3466.38,15.0,2946.42,2389.33,557.09,Wallet,Cancelled
O004085,2025-11-04,C00312,P0074,Beauty Product 074,Beauty,East,Kolkata,1,2907.59,10.0,2616.83,2138.5,478.33,Wallet,Completed
O004086,2025-07-20,C00348,P0079,Beauty Product 079,Beauty,North,Jaipur,1,6934.89,0.0,6934.89,4681.86,2253.03,Cash,Completed
O004087,2025-10-20,C00465,P0061,Electronics Product 061,Electronics,East,Bhubaneswar,5,7647.57,15.0,32502.17,22406.3,10095.87,Wallet,Returned
O004088,2025-06-14,C00093,P0073,Fashion Product 073,Fashion,North,Chandigarh,4,1490.03,0.0,5960.12,3490.08,2470.04,Wallet,Pending
O004089,2025-02-15,C00063,P0008,Fashion Product 008,Fashion,East,Guwahati,2,8265.58,20.0,13224.93,3868.0,9356.93,Card,Completed
O004090,2025-09-05,C00434,P0012,Home Product 012,Home,North,Chandigarh,4,4256.45,15.0,14471.93,8038.72,6433.21,Cash,Completed
O004091,2025-02-15,C00363,P0087,Home Product 087,Home,North,Delhi,2,5255.47,10.0,9459.85,1132.3,8327.55,Card,Completed
O004092,2025-08-30,C00468,P0092,Home Product 092,Home,West,Mumbai,4,5945.72,0.0,23782.88,12231.72,11551.16,Net Banking,Completed
O004093,2025-06-01,C00217,P0075,Sports Product 075,Sports,East,Kolkata,5,8144.99,0.0,40724.95,16993.05,23731.9,Cash,Completed
O004094,2025-10-16,C00325,P0069,Beauty Product 069,Beauty,North,Jaipur,2,2337.25,5.0,4440.77,632.4,3808.37,Card,Completed
O004095,2025-11-13,C00276,P0060,Sports Product 060,Sports,East,Bhubaneswar,4,7633.42,10.0,27480.31,19855.12,7625.19,Net Banking,Returned
O004096,2025-05-29,C00413,P0018,Fashion Product 018,Fashion,South,Bengaluru,1,6795.4,10.0,6115.86,284.97,5830.89,UPI,Cancelled
O004097,2025-11-18,C00050,P0093,Fashion Product 093,Fashion,South,Hyderabad,1,4536.21,5.0,4309.4,1760.46,2548.94,Net Banking,Completed
O004098,2025-02-10,C00377,P0061,Electronics Product 061,Electronics,East,Bhubaneswar,4,7647.57,10.0,27531.25,17925.04,9606.21,UPI,Completed
O004099,2025-02-09,C00093,P0027,Home Product 027,Home,North,Chandigarh,4,6771.19,15.0,23022.05,11583.6,11438.45,Net Banking,Completed
O004100,2025-12-28,C00254,P0037,Home Product 037,Home,Central,Bhopal,2,7720.82,10.0,13897.48,1415.72,12481.76,Card,Cancelled
O004101,2025-07-29,C00477,P0076,Electronics Product 076,Electronics,North,Delhi,5,5803.55,10.0,26115.98,23214.2,2901.78,UPI,Completed
O004102,2025-06-14,C00304,P0089,Beauty Product 089,Beauty,Central,Nagpur,3,5780.76,10.0,15608.05,13873.83,1734.22,Cash,Completed
O004103,2025-02-26,C00071,P0077,Home Product 077,Home,East,Guwahati,2,4076.73,15.0,6930.44,6522.76,407.68,UPI,Returned
O004104,2025-04-16,C00383,P0090,Sports Product 090,Sports,Central,Indore,3,1423.92,20.0,3417.41,2938.98,478.43,Cash,Completed
O004105,2025-09-07,C00446,P0079,Beauty Product 079,Beauty,South,Chennai,3,6934.89,15.0,17683.97,14045.58,3638.39,Card,Completed
O004106,2025-10-27,C00018,P0077,Home Product 077,Home,South,Bengaluru,5,4076.73,5.0,19364.47,16306.9,3057.57,UPI,Completed
O004107,2025-11-30,C00481,P0065,Sports Product 065,Sports,Central,Indore,3,7148.9,5.0,20374.36,2499.3,17875.06,Card,Completed
O004108,2025-05-29,C00145,P0034,Beauty Product 034,Beauty,East,Guwahati,1,7768.65,0.0,7768.65,4819.01,2949.64,UPI,Completed
O004109,2025-06-15,C00343,P0073,Fashion Product 073,Fashion,Central,Indore,1,1490.03,0.0,1490.03,872.52,617.51,UPI,Completed
O004110,2025-03-01,C00050,P0020,Sports Product 020,Sports,South,Hyderabad,5,3689.4,10.0,16602.3,14757.6,1844.7,UPI,Completed
O004111,2025-01-31,C00261,P0040,Sports Product 040,Sports,South,Bengaluru,1,4584.31,15.0,3896.66,3667.45,229.21,Card,Completed
O004112,2025-06-09,C00447,P0097,Home Product 097,Home,North,Jaipur,1,3422.29,10.0,3080.06,2737.83,342.23,Card,Completed
O004113,2025-07-30,C00481,P0016,Electronics Product 016,Electronics,Central,Indore,4,5090.79,10.0,18326.84,16290.52,2036.32,Net Banking,Pending
O004114,2025-02-07,C00265,P0022,Home Product 022,Home,North,Chandigarh,1,5577.75,5.0,5298.86,3883.74,1415.12,Card,Completed
O004115,2025-05-29,C00037,P0074,Beauty Product 074,Beauty,Central,Bhopal,4,2907.59,10.0,10467.32,8554.0,1913.32,Card,Cancelled
O004116,2025-08-22,C00423,P0065,Sports Product 065,Sports,South,Chennai,3,7148.9,10.0,19302.03,2499.3,16802.73,UPI,Completed
O004117,2025-10-23,C00429,P0077,Home Product 077,Home,North,Jaipur,4,4076.73,5.0,15491.57,13045.52,2446.05,UPI,Completed
O004118,2025-12-08,C00213,P0049,Beauty Product 049,Beauty,East,Guwahati,4,3123.84,0.0,12495.36,9996.28,2499.08,Cash,Pending
O004119,2025-05-04,C00067,P0045,Sports Product 045,Sports,Central,Indore,5,3762.55,10.0,16931.48,15050.2,1881.28,Card,Completed
O004120,2025-05-23,C00225,P0009,Beauty Product 009,Beauty,East,Guwahati,3,4934.15,0.0,14802.45,11841.96,2960.49,Card,Completed
O004121,2025-11-15,C00184,P0087,Home Product 087,Home,West,Mumbai,3,5255.47,5.0,14978.09,1698.45,13279.64,Cash,Completed
O004122,2025-09-10,C00226,P0003,Fashion Product 003,Fashion,West,Mumbai,3,6788.51,5.0,19347.25,11596.23,7751.02,Card,Completed
O004123,2025-04-10,C00259,P0066,Electronics Product 066,Electronics,South,Bengaluru,3,5295.06,15.0,13502.4,3304.56,10197.84,Cash,Completed
O004124,2025-09-07,C00034,P0037,Home Product 037,Home,South,Hyderabad,5,7720.82,5.0,36673.89,3539.3,33134.59,Net Banking,Pending
O004125,2025-02-27,C00179,P0044,Beauty Product 044,Beauty,East,Guwahati,3,3801.64,20.0,9123.94,9123.93,0.01,Net Banking,Completed
O004126,2025-06-13,C00149,P0048,Fashion Product 048,Fashion,North,Chandigarh,1,8002.61,0.0,8002.61,2580.86,5421.75,Card,Completed
O004127,2025-04-22,C00233,P0054,Beauty Product 054,Beauty,North,,3,4876.35,5.0,13897.6,11703.24,2194.36,Wallet,Completed
O004128,2025-12-28,C00084,P0003,Fashion Product 003,Fashion,Central,Nagpur,4,6788.51,5.0,25796.34,15461.64,10334.7,Card,Completed
O004129,2025-01-13,C00017,P0078,Fashion Product 078,Fashion,North,Delhi,1,8229.86,20.0,6583.89,2240.79,4343.1,Net Banking,Completed
O004130,2025-11-08,C00357,P0093,Fashion Product 093,Fashion,Central,Nagpur,3,4536.21,15.0,11567.34,5281.38,6285.96,Cash,Completed
O004131,2025-04-13,C00327,P0054,Beauty Product 054,Beauty,Central,Indore,1,4876.35,0.0,4876.35,3901.08,975.27,Net Banking,Completed
O004132,2025-01-14,C00130,P0079,Beauty Product 079,Beauty,South,Hyderabad,2,6934.89,0.0,13869.78,9363.72,4506.06,Card,Completed
O004133,2025-08-29,C00111,P0013,Fashion Product 013,Fashion,West,Ahmedabad,5,4305.64,10.0,19375.38,4335.65,15039.73,Wallet,Completed
O004134,2025-09-04,C00169,P0078,Fashion Product 078,Fashion,West,Mumbai,3,8229.86,10.0,22220.62,6722.37,15498.25,Net Banking,Completed
O004135,2025-02-21,C00319,P0009,Beauty Product 009,Beauty,East,Guwahati,5,4934.15,0.0,24670.75,19736.6,4934.15,Cash,Cancelled
O004136,2025-01-14,C00295,P0048,Fashion Product 048,Fashion,West,Mumbai,4,8002.61,10.0,28809.4,10323.44,18485.96,,Pending
O004137,2025-02-10,C00050,P0018,Fashion Product 018,Fashion,South,Hyderabad,1,6795.4,5.0,6455.63,284.97,6170.66,Cash,Completed
O004138,2025-05-29,C00177,P0013,Fashion Product 013,Fashion,West,Ahmedabad,4,4305.64,15.0,14639.18,3468.52,11170.66,Net Banking,Returned
O004139,2025-02-18,C00107,P0047,Home Product 047,Home,North,Delhi,3,4959.99,10.0,13391.97,11903.97,1488.0,Wallet,Completed
O004140,2025-09-13,C00346,P0018,Fashion Product 018,Fashion,Central,Bhopal,3,6795.4,15.0,17328.27,854.91,16473.36,Wallet,Completed
O004141,2025-01-29,C00076,P0021,Electronics Product 021,Electronics,Central,Nagpur,2,4281.14,10.0,7706.05,6849.82,856.23,Card,Completed
O004142,2025-10-15,C00061,P0023,Fashion Product 023,Fashion,East,Guwahati,2,3632.79,15.0,6175.74,5812.46,363.28,Cash,Completed
O004143,2025-11-15,C00278,P0081,Electronics Product 081,Electronics,North,Chandigarh,1,6874.54,10.0,6187.09,4189.79,1997.3,,Pending
O004144,2025-09-18,C00113,P0028,Fashion Product 028,Fashion,South,Bengaluru,3,7012.16,15.0,17881.01,6541.02,11339.99,Net Banking,Returned
O004145,2025-12-10,C00471,P0011,Electronics Product 011,Electronics,North,Chandigarh,4,8240.08,15.0,28016.27,15150.48,12865.79,Wallet,Completed
O004146,2025-12-08,C00317,P0095,Sports Product 095,Sports,North,Jaipur,1,2495.1,10.0,2245.59,1374.54,871.05,UPI,Pending
O004147,2025-01-17,C00137,P0082,Home Product 082,Home,South,Bengaluru,3,5348.13,15.0,13637.73,8313.48,5324.25,UPI,Completed
O004148,2025-05-05,C00227,P0025,Sports Product 025,Sports,East,Kolkata,3,5379.58,10.0,14524.87,12910.98,1613.89,Net Banking,Completed
O004149,2025-10-04,C00317,P0017,Home Product 017,Home,North,Jaipur,3,4364.81,10.0,11784.99,10475.55,1309.44,Cash,Completed
O004150,2025-05-04,C00053,P0019,Beauty Product 019,Beauty,Central,Nagpur,4,6745.83,15.0,22935.82,14398.16,8537.66,UPI,Pending
O004151,2025-09-26,C00471,P0018,Fashion Product 018,Fashion,North,Chandigarh,4,6795.4,15.0,23104.36,1139.88,21964.48,,Completed
O004152,2025-10-09,C00443,P0059,Beauty Product 059,Beauty,West,Mumbai,4,1289.86,10.0,4643.5,4127.56,515.94,Wallet,Completed
O004153,2025-12-29,C00064,P0023,Fashion Product 023,Fashion,South,Hyderabad,3,3632.79,10.0,9808.53,8718.69,1089.84,Net Banking,Completed
O004154,2025-05-01,C00370,P0090,Sports Product 090,Sports,North,Jaipur,2,1423.92,20.0,2278.27,1959.32,318.95,Card,Completed
O004155,2025-05-07,C00143,P0025,Sports Product 025,Sports,North,Chandigarh,5,5379.58,20.0,21518.32,21518.3,0.02,Cash,Completed
O004156,2025-01-09,C00479,P0069,Beauty Product 069,Beauty,West,Ahmedabad,3,2337.25,15.0,5959.99,948.6,5011.39,Cash,Completed
O004157,2025-04-14,C00293,P0089,Beauty Product 089,Beauty,South,Hyderabad,5,5780.76,10.0,26013.42,23123.05,2890.37,Wallet,Completed
O004158,2025-04-13,C00375,P0004,Beauty Product 004,Beauty,Central,Indore,1,3466.38,20.0,2773.1,2389.33,383.77,UPI,Completed
O004159,2025-06-14,C00463,P0043,Fashion Product 043,Fashion,South,Hyderabad,1,2271.05,15.0,1930.39,1816.84,113.55,UPI,Returned
O004160,2025-06-03,C00255,P0049,Beauty Product 049,Beauty,West,Ahmedabad,3,3123.84,15.0,7965.79,7497.21,468.58,Card,Completed
O004161,2025-11-08,C00407,P0063,Fashion Product 063,Fashion,East,Guwahati,5,2531.09,10.0,11389.91,10124.35,1265.56,Cash,Completed
O004162,2025-10-09,C00060,P0090,Sports Product 090,Sports,West,Ahmedabad,4,1423.92,20.0,4556.54,3918.64,637.9,Card,Completed
O004163,2025-09-23,C00188,P0090,Sports Product 090,Sports,South,Bengaluru,3,1423.92,15.0,3631.0,2938.98,692.02,UPI,Returned
O004164,2025-01-02,C00204,P0034,Beauty Product 034,Beauty,Central,Bhopal,2,7768.65,0.0,15537.3,9638.02,5899.28,Net Banking,Completed
O004165,2025-06-21,C00319,P0078,Fashion Product 078,Fashion,East,Guwahati,2,8229.86,5.0,15636.73,4481.58,11155.15,Net Banking,Completed
O004166,2025-09-23,C00196,P0099,Beauty Product 099,Beauty,East,Guwahati,5,7721.23,5.0,36675.84,21284.9,15390.94,Net Banking,Completed
O004167,2025-03-31,C00026,P0042,Home Product 042,Home,Central,,3,2781.36,0.0,8344.08,6675.27,1668.81,Cash,Completed
O004168,2025-06-04,C00080,P0001,Electronics Product 001,Electronics,East,Kolkata,4,4907.86,10.0,17668.3,15705.16,1963.14,Net Banking,Completed
O004169,2025-09-22,C00328,P0052,Home Product 052,Home,East,Guwahati,3,3602.09,15.0,9185.33,8645.01,540.32,UPI,Pending
O004170,2025-10-17,C00426,P0081,Electronics Product 081,Electronics,East,Kolkata,2,6874.54,10.0,12374.17,8379.58,3994.59,Cash,Returned
O004171,2025-11-08,C00349,P0084,Beauty Product 084,Beauty,Central,Indore,3,5715.45,10.0,15431.71,6818.82,8612.89,Wallet,Returned
O004172,2025-06-06,C00117,P0077,Home Product 077,Home,South,Hyderabad,3,4076.73,0.0,12230.19,9784.14,2446.05,Net Banking,Completed
O004173,2025-05-26,C00081,P0084,Beauty Product 084,Beauty,Central,Nagpur,1,5715.45,5.0,5429.68,2272.94,3156.74,UPI,Completed
O004174,2025-05-20,C00052,P0056,Electronics Product 056,Electronics,South,Chennai,4,7138.32,0.0,28553.28,8047.52,20505.76,Net Banking,Completed
O004175,2025-09-01,C00363,P0022,Home Product 022,Home,North,Delhi,1,5577.75,10.0,5019.98,3883.74,1136.24,Cash,Completed
O004176,2025-06-02,C00148,P0055,Sports Product 055,Sports,East,Kolkata,4,1679.4,0.0,6717.6,5374.08,1343.52,Net Banking,Completed
O004177,2025-05-26,C00237,P0078,Fashion Product 078,Fashion,West,Ahmedabad,3,8229.86,15.0,20986.14,6722.37,14263.77,UPI,Pending
O004178,2025-03-03,C00297,P0021,Electronics Product 021,Electronics,North,Chandigarh,1,4281.14,20.0,3424.91,3424.91,0.0,UPI,Completed
O004179,2025-06-24,C00130,P0004,Beauty Product 004,Beauty,South,Hyderabad,1,3466.38,10.0,3119.74,2389.33,730.41,Cash,Completed
O004180,2025-03-28,C00337,P0015,Sports Product 015,Sports,North,Chandigarh,1,4470.33,0.0,4470.33,3576.26,894.07,,Completed
O004181,2025-07-11,C00147,P0072,Home Product 072,Home,West,Mumbai,1,6223.26,20.0,4978.61,4069.59,909.02,Wallet,Completed
O004182,2025-11-20,C00398,P0067,Home Product 067,Home,South,Bengaluru,3,2982.59,10.0,8052.99,3549.18,4503.81,Net Banking,Pending
O004183,2025-10-10,C00123,P0057,Home Product 057,Home,East,Bhubaneswar,3,8123.2,20.0,19495.68,5269.23,14226.45,Cash,Returned
O004184,2025-06-24,C00017,P0073,Fashion Product 073,Fashion,North,Delhi,3,1490.03,10.0,4023.08,2617.56,1405.52,Wallet,Completed
O004185,2025-12-22,C00379,P0074,Beauty Product 074,Beauty,North,Delhi,1,2907.59,0.0,2907.59,2138.5,769.09,Net Banking,Completed
O004186,2025-12-23,C00432,P0023,Fashion Product 023,Fashion,South,Bengaluru,5,3632.79,15.0,15439.36,14531.15,908.21,Card,Completed
O004187,2025-06-11,C00142,P0015,Sports Product 015,Sports,North,Chandigarh,2,4470.33,15.0,7599.56,7152.52,447.04,Card,Completed
O004188,2025-10-05,C00032,P0092,Home Product 092,Home,East,Bhubaneswar,3,5945.72,20.0,14269.73,9173.79,5095.94,,Cancelled
O004189,2025-05-05,C00324,P0066,Electronics Product 066,Electronics,West,Pune,2,5295.06,5.0,10060.61,2203.04,7857.57,Net Banking,Completed
O004190,2025-11-16,C00144,P0070,Sports Product 070,Sports,South,Bengaluru,5,4336.1,15.0,18428.42,17344.4,1084.02,Wallet,Completed
O004191,2025-05-16,C00014,P0031,Electronics Product 031,Electronics,North,Jaipur,4,6070.56,20.0,19425.79,3893.92,15531.87,Wallet,Pending
O004192,2025-04-05,C00225,P0036,Electronics Product 036,Electronics,East,Guwahati,1,4569.04,20.0,3655.23,3655.23,0.0,Wallet,Completed
O004193,2025-02-18,C00475,P0069,Beauty Product 069,Beauty,South,Chennai,4,2337.25,15.0,7946.65,1264.8,6681.85,Card,Completed
O004194,2025-11-03,C00005,P0075,Sports Product 075,Sports,West,Pune,4,8144.99,15.0,27692.97,13594.44,14098.53,Cash,Completed
O004195,2025-04-19,C00294,P0035,Sports Product 035,Sports,North,Chandigarh,5,8253.41,10.0,37140.35,7564.4,29575.94,Net Banking,Cancelled
O004196,2025-10-24,C00120,P0047,Home Product 047,Home,South,Chennai,1,4959.99,15.0,4215.99,3967.99,248.0,UPI,Completed
O004197,2025-02-01,C00333,P0050,Sports Product 050,Sports,Central,Bhopal,5,4011.29,15.0,17047.98,13615.95,3432.03,UPI,Returned
O004198,2025-07-02,C00443,P0022,Home Product 022,Home,West,Mumbai,5,5577.75,15.0,23705.44,19418.7,4286.74,Card,Completed
O004199,2025-06-05,C00261,P0013,Fashion Product 013,Fashion,South,Bengaluru,4,4305.64,20.0,13778.05,3468.52,10309.53,Card,Completed
O004200,2025-06-09,C00228,P0022,Home Product 022,Home,Central,Bhopal,1,5577.75,10.0,5019.98,3883.74,1136.24,Card,Completed
O004201,2025-03-02,C00019,P0065,Sports Product 065,Sports,North,Chandigarh,4,7148.9,10.0,25736.04,3332.4,22403.64,Net Banking,Cancelled
O004202,2025-01-27,C00064,P0046,Electronics Product 046,Electronics,South,Hyderabad,1,8168.47,0.0,8168.47,358.32,7810.15,Net Banking,Completed
O004203,2025-05-07,C00057,P0050,Sports Product 050,Sports,West,Ahmedabad,2,4011.29,20.0,6418.06,5446.38,971.68,Cash,Completed
O004204,2025-06-21,C00479,P0026,Electronics Product 026,Electronics,West,Ahmedabad,5,2848.75,20.0,11395.0,7932.85,3462.15,UPI,Completed
O004205,2025-10-16,C00218,P0054,Beauty Product 054,Beauty,South,Hyderabad,2,4876.35,5.0,9265.07,7802.16,1462.91,Cash,Completed
O004206,2025-06-18,C00296,P0052,Home Product 052,Home,East,Kolkata,2,3602.09,10.0,6483.76,5763.34,720.42,Cash,Completed
O004207,2025-03-31,C00055,P0076,Electronics Product 076,Electronics,North,Jaipur,1,5803.55,15.0,4933.02,4642.84,290.18,Net Banking,Completed
O004208,2025-04-06,C00323,P0004,Beauty Product 004,Beauty,South,Chennai,1,3466.38,10.0,3119.74,2389.33,730.41,Cash,Completed
O004209,2025-08-11,C00317,P0061,Electronics Product 061,Electronics,North,Jaipur,3,7647.57,,20648.44,13443.78,7204.66,Cash,Pending
O004210,2025-06-08,C00360,P0020,Sports Product 020,Sports,North,Chandigarh,5,3689.4,10.0,16602.3,14757.6,1844.7,UPI,Pending
O004211,2025-11-25,C00392,P0038,Fashion Product 038,Fashion,North,Delhi,1,2947.65,5.0,2800.27,1211.23,1589.04,Wallet,Completed
O004212,2025-06-10,C00091,P0094,Beauty Product 094,Beauty,South,Bengaluru,1,5366.1,10.0,4829.49,4292.88,536.61,UPI,Completed
O004213,2025-07-26,C00318,P0059,Beauty Product 059,Beauty,West,Pune,1,1289.86,15.0,1096.38,1031.89,64.49,Cash,Returned
O004214,2025-01-24,C00301,P0025,Sports Product 025,Sports,Central,Nagpur,2,5379.58,0.0,10759.16,8607.32,2151.84,Net Banking,Completed
O004215,2025-03-12,C00495,P0057,Home Product 057,Home,East,Guwahati,4,8123.2,5.0,30868.16,7025.64,23842.52,,Completed
O004216,2025-11-06,C00401,P0043,Fashion Product 043,Fashion,South,Chennai,3,2271.05,0.0,6813.15,5450.52,1362.63,Cash,Completed
O004217,2025-05-06,C00404,P0034,Beauty Product 034,Beauty,East,Kolkata,5,7768.65,15.0,33016.76,24095.05,8921.71,Net Banking,Completed
O004218,2025-06-03,C00438,P0017,Home Product 017,Home,North,Delhi,1,4364.81,5.0,4146.57,3491.85,654.72,Card,Completed
O004219,2025-08-03,C00258,P0049,Beauty Product 049,Beauty,West,Pune,5,3123.84,15.0,13276.32,12495.35,780.97,Card,Completed
O004220,2025-01-22,C00454,P0008,Fashion Product 008,Fashion,West,Mumbai,1,8265.58,0.0,8265.58,1934.0,6331.58,UPI,Completed
O004221,2025-07-04,C00388,P0053,Fashion Product 053,Fashion,Central,Bhopal,1,5775.38,0.0,5775.38,1585.86,4189.52,UPI,Completed
O004222,2025-05-07,C00341,P0067,Home Product 067,Home,North,Jaipur,5,2982.59,5.0,14167.3,5915.3,8252.0,Cash,Completed
O004223,2025-02-24,C00364,P0034,Beauty Product 034,Beauty,South,Chennai,3,7768.65,10.0,20975.35,14457.03,6518.32,Card,Completed
O004224,2025-06-02,C00039,P0049,Beauty Product 049,Beauty,East,Bhubaneswar,2,3123.84,0.0,6247.68,4998.14,1249.54,Card,Completed
O004225,2025-06-12,C00356,P0068,Fashion Product 068,Fashion,Central,Indore,4,6082.72,20.0,19464.7,19464.72,-0.02,UPI,Cancelled
O004226,2025-03-09,C00268,P0048,Fashion Product 048,Fashion,East,Guwahati,3,8002.61,10.0,21607.05,7742.58,13864.47,Net Banking,Completed
O004227,2025-07-17,C00485,P0064,Beauty Product 064,Beauty,Central,Nagpur,2,7994.51,10.0,14390.12,2993.38,11396.74,Card,Completed
O004228,2025-09-29,C00440,P0007,Home Product 007,Home,Central,Bhopal,4,5553.32,10.0,19991.95,16725.0,3266.95,Cash,Completed
O004229,2025-04-08,C00070,P0003,Fashion Product 003,Fashion,South,Chennai,5,6788.51,20.0,27154.04,19327.05,7826.99,Wallet,Completed
O004230,2025-12-18,C00059,P0065,Sports Product 065,Sports,Central,Indore,2,7148.9,5.0,13582.91,1666.2,11916.71,UPI,Completed
O004231,2025-08-11,C00207,P0079,Beauty Product 079,Beauty,Central,Bhopal,4,6934.89,5.0,26352.58,18727.44,7625.14,UPI,Completed
O004232,2025-10-09,C00448,P0087,Home Product 087,Home,North,Delhi,3,5255.47,10.0,14189.77,1698.45,12491.32,Wallet,Cancelled
O004233,2025-01-26,C00234,P0060,Sports Product 060,Sports,East,Guwahati,3,7633.42,20.0,18320.21,14891.34,3428.87,Cash,Completed
O004234,2025-10-07,C00132,P0040,Sports Product 040,Sports,North,Jaipur,2,4584.31,0.0,9168.62,7334.9,1833.72,Net Banking,Completed
O004235,2025-05-03,C00195,P0085,Sports Product 085,Sports,West,Pune,2,3007.51,5.0,5714.27,4812.02,902.25,Card,Returned
O004236,2025-09-16,C00149,P0075,Sports Product 075,Sports,North,Chandigarh,5,8144.99,5.0,38688.7,16993.05,21695.65,Card,Completed
O004237,2025-10-20,C00439,P0046,Electronics Product 046,Electronics,Central,Bhopal,5,8168.47,0.0,40842.35,1791.6,39050.75,Card,Pending
O004238,2025-04-02,C00432,P0096,Electronics Product 096,Electronics,South,Bengaluru,4,2784.06,15.0,9465.8,8909.0,556.8,Wallet,Completed
O004239,2025-04-05,C00313,P0034,Beauty Product 034,Beauty,North,Jaipur,2,7768.65,0.0,15537.3,9638.02,5899.28,Cash,Completed
O004240,2025-01-22,C00228,P0075,Sports Product 075,Sports,Central,Bhopal,5,8144.99,15.0,34616.21,16993.05,17623.16,Net Banking,Completed
O004241,2025-08-09,C00319,P0016,Electronics Product 016,Electronics,East,Guwahati,3,5090.79,0.0,15272.37,12217.89,3054.48,Cash,Completed
O004242,2025-10-09,C00494,P0069,Beauty Product 069,Beauty,West,Mumbai,4,2337.25,10.0,8414.1,1264.8,7149.3,Card,Completed
O004243,2025-05-30,C00321,P0085,Sports Product 085,Sports,Central,Nagpur,5,3007.51,15.0,12781.92,12030.05,751.87,UPI,Completed
O004244,2025-02-28,C00139,P0073,Fashion Product 073,Fashion,Central,Bhopal,5,1490.03,5.0,7077.64,4362.6,2715.04,UPI,Completed
O004245,2025-04-26,C00393,P0042,Home Product 042,Home,South,Bengaluru,2,2781.36,0.0,5562.72,4450.18,1112.54,Wallet,Pending
O004246,2025-05-27,C00047,P0020,Sports Product 020,Sports,North,Jaipur,4,3689.4,20.0,11806.08,11806.08,0.0,Wallet,Completed
O004247,2025-11-30,C00498,P0083,Fashion Product 083,Fashion,South,Bengaluru,4,3893.45,10.0,14016.42,12459.04,1557.38,Net Banking,Returned
O004248,2025-02-15,C00044,P0029,Beauty Product 029,Beauty,Central,Indore,5,1220.38,0.0,6101.9,1789.4,4312.5,Card,Completed
O004249,2025-05-05,C00074,P0084,Beauty Product 084,Beauty,North,Delhi,5,5715.45,10.0,25719.53,11364.7,14354.83,Cash,Pending
O004250,2025-08-21,C00475,P0017,Home Product 017,Home,South,Chennai,3,4364.81,0.0,13094.43,10475.55,2618.88,Cash,Pending
O004251,2025-03-28,C00217,P0080,Sports Product 080,Sports,East,Kolkata,3,4972.04,15.0,12678.7,11932.89,745.81,UPI,Completed
O004252,2025-11-19,C00018,P0005,Sports Product 005,Sports,South,Bengaluru,4,7082.09,5.0,26911.94,13233.44,13678.5,Net Banking,Returned
O004253,2025-11-27,C00441,P0046,Electronics Product 046,Electronics,Central,Indore,5,8168.47,10.0,36758.11,1791.6,34966.51,UPI,Cancelled
O004254,2025-05-19,C00024,P0058,Fashion Product 058,Fashion,North,Jaipur,5,3370.65,0.0,16853.25,13482.6,3370.65,Cash,Completed
O004255,2025-09-29,C00037,P0047,Home Product 047,Home,Central,Bhopal,1,4959.99,5.0,4711.99,3967.99,744.0,Net Banking,Pending
O004256,2025-10-03,C00243,P0062,Home Product 062,Home,Central,Nagpur,5,6676.1,10.0,30042.45,8753.3,21289.15,Card,Completed
O004257,2025-09-06,C00473,P0043,Fashion Product 043,Fashion,South,Chennai,1,2271.05,0.0,2271.05,1816.84,454.21,Wallet,Completed
O004258,2025-03-09,C00012,P0098,Fashion Product 098,Fashion,East,Kolkata,4,7898.73,5.0,30015.17,1987.28,28027.89,Cash,Cancelled
O004259,2025-01-19,C00331,P0054,Beauty Product 054,Beauty,North,Delhi,5,4876.35,5.0,23162.66,19505.4,3657.26,Card,Completed
O004260,2025-05-07,C00105,P0092,Home Product 092,Home,North,Jaipur,5,5945.72,0.0,29728.6,15289.65,14438.95,Card,Completed
O004261,2025-02-17,C00379,P0054,Beauty Product 054,Beauty,North,Delhi,5,4876.35,15.0,20724.49,19505.4,1219.09,Card,Pending
O004262,2025-04-17,C00325,P0030,Sports Product 030,Sports,North,Jaipur,2,3054.9,5.0,5804.31,4887.84,916.47,Card,Completed
O004263,2025-08-21,C00377,P0001,Electronics Product 001,Electronics,East,Bhubaneswar,1,4907.86,10.0,4417.07,3926.29,490.78,UPI,Completed
O004264,2025-08-03,C00010,P0015,Sports Product 015,Sports,West,Mumbai,1,4470.33,15.0,3799.78,3576.26,223.52,UPI,Completed
O004265,2025-03-18,C00129,P0029,Beauty Product 029,Beauty,East,Kolkata,4,1220.38,20.0,3905.22,1431.52,2473.7,Card,Completed
O004266,2025-01-07,C00152,P0100,Sports Product 100,Sports,East,Guwahati,5,6735.82,10.0,30311.19,20298.1,10013.09,UPI,Completed
O004267,2025-03-24,C00401,P0091,Electronics Product 091,Electronics,South,Chennai,1,1897.13,,1897.13,513.13,1384.0,Net Banking,Completed
O004268,2025-06-15,C00479,P0081,Electronics Product 081,Electronics,West,Ahmedabad,1,6874.54,10.0,6187.09,4189.79,1997.3,Card,Completed
O004269,2025-10-11,C00461,P0096,Electronics Product 096,Electronics,West,Mumbai,4,2784.06,0.0,11136.24,8909.0,2227.24,UPI,Completed
O004270,2025-05-13,C00192,P0092,Home Product 092,Home,East,Kolkata,2,5945.72,10.0,10702.3,6115.86,4586.44,Cash,Completed
O004271,2025-04-15,C00192,P0023,Fashion Product 023,Fashion,East,Kolkata,4,3632.79,5.0,13804.6,11624.92,2179.68,Card,Completed
O004272,2025-07-20,C00100,P0001,Electronics Product 001,Electronics,South,Chennai,1,4907.86,20.0,3926.29,3926.29,-0.0,UPI,Completed
O004273,2025-01-27,C00150,P0063,Fashion Product 063,Fashion,Central,Nagpur,1,2531.09,15.0,2151.43,2024.87,126.56,Wallet,Returned
O004274,2025-03-24,C00055,P0082,Home Product 082,Home,North,Jaipur,1,5348.13,10.0,4813.32,2771.16,2042.16,Wallet,Pending
O004275,2025-01-14,C00275,P0013,Fashion Product 013,Fashion,West,Mumbai,3,4305.64,10.0,11625.23,2601.39,9023.84,Cash,Completed
O004276,2025-07-11,C00442,P0004,Beauty Product 004,Beauty,East,Kolkata,2,3466.38,15.0,5892.85,4778.66,1114.19,UPI,Pending
O004277,2025-06-11,C00386,P0019,Beauty Product 019,Beauty,West,Pune,1,6745.83,10.0,6071.25,3599.54,2471.71,Cash,Completed
O004278,2025-08-13,C00034,P0078,Fashion Product 078,Fashion,South,Hyderabad,2,8229.86,5.0,15636.73,4481.58,11155.15,Wallet,Completed
O004279,2025-05-24,C00098,P0030,Sports Product 030,Sports,Central,Bhopal,1,3054.9,0.0,3054.9,2443.92,610.98,,Completed
O004280,2025-11-13,C00027,P0029,Beauty Product 029,Beauty,East,Guwahati,1,1220.38,15.0,1037.32,357.88,679.44,Net Banking,Returned
O004281,2025-12-01,C00405,P0003,Fashion Product 003,Fashion,West,Mumbai,4,6788.51,10.0,24438.64,15461.64,8977.0,UPI,Completed
O004282,2025-02-10,C00142,P0086,Electronics Product 086,Electronics,North,Chandigarh,3,7032.55,5.0,20042.77,11380.71,8662.06,UPI,Completed
O004283,2025-12-01,C00025,P0067,Home Product 067,Home,East,Guwahati,3,2982.59,0.0,8947.77,3549.18,5398.59,Net Banking,Completed
O004284,2025-03-13,C00323,P0045,Sports Product 045,Sports,South,Chennai,1,3762.55,5.0,3574.42,3010.04,564.38,Net Banking,Completed
O004285,2025-04-01,C00170,P0082,Home Product 082,Home,North,Delhi,1,5348.13,5.0,5080.72,2771.16,2309.56,Cash,Completed
O004286,2025-07-12,C00237,P0094,Beauty Product 094,Beauty,West,Ahmedabad,3,5366.1,15.0,13683.56,12878.64,804.92,UPI,Pending
O004287,2025-01-11,C00380,P0067,Home Product 067,Home,East,Kolkata,4,2982.59,15.0,10140.81,4732.24,5408.57,Card,Completed
O004288,2025-05-13,C00410,P0063,Fashion Product 063,Fashion,North,Jaipur,1,2531.09,0.0,2531.09,2024.87,506.22,Card,Returned
O004289,2025-03-12,C00451,P0052,Home Product 052,Home,North,Delhi,4,3602.09,15.0,12247.11,11526.68,720.43,Card,Cancelled
O004290,2025-06-25,C00486,P0067,Home Product 067,Home,West,Pune,4,2982.59,5.0,11333.84,4732.24,6601.6,Wallet,Completed
O004291,2025-10-24,C00418,P0050,Sports Product 050,Sports,West,Pune,1,4011.29,5.0,3810.73,2723.19,1087.54,Wallet,Completed
O004292,2025-12-03,C00432,P0029,Beauty Product 029,Beauty,South,Bengaluru,2,1220.38,20.0,1952.61,715.76,1236.85,Cash,Pending
O004293,2025-03-19,C00040,P0035,Sports Product 035,Sports,South,Chennai,1,8253.41,20.0,6602.73,1512.88,5089.85,UPI,Cancelled
O004294,2025-07-18,C00265,P0077,Home Product 077,Home,North,Chandigarh,3,4076.73,10.0,11007.17,9784.14,1223.03,Wallet,Completed
O004295,2025-06-22,C00125,P0037,Home Product 037,Home,South,Bengaluru,4,7720.82,0.0,30883.28,2831.44,28051.84,UPI,Cancelled
O004296,2025-06-01,C00162,P0004,Beauty Product 004,Beauty,Central,Bhopal,1,3466.38,15.0,2946.42,2389.33,557.09,Net Banking,Completed
O004297,2025-08-19,C00123,P0020,Sports Product 020,Sports,East,Bhubaneswar,2,3689.4,10.0,6640.92,5903.04,737.88,Wallet,Cancelled
O004298,2025-12-27,C00482,P0083,Fashion Product 083,Fashion,South,Bengaluru,2,3893.45,5.0,7397.55,6229.52,1168.03,Wallet,Completed
O004299,2025-05-28,C00258,P0084,Beauty Product 084,Beauty,West,Pune,1,5715.45,10.0,5143.9,2272.94,2870.96,Wallet,Completed
O004300,2025-01-24,C00280,P0080,Sports Product 080,Sports,South,Chennai,1,4972.04,20.0,3977.63,3977.63,0.0,Cash,Completed
O004301,2025-11-30,C00115,P0094,Beauty Product 094,Beauty,Central,Indore,4,5366.1,20.0,17171.52,17171.52,0.0,Card,Pending
O004302,2025-12-06,C00027,P0065,Sports Product 065,Sports,East,Guwahati,3,7148.9,5.0,20374.36,2499.3,17875.06,Cash,Completed
O004303,2025-04-28,C00431,P0084,Beauty Product 084,Beauty,West,Mumbai,2,5715.45,10.0,10287.81,4545.88,5741.93,UPI,Completed
O004304,2025-07-02,C00158,P0082,Home Product 082,Home,Central,Nagpur,4,5348.13,0.0,21392.52,11084.64,10307.88,Card,Returned
O004305,2025-11-10,C00105,P0063,Fashion Product 063,Fashion,North,Jaipur,5,2531.09,15.0,10757.13,10124.35,632.78,UPI,Completed
O004306,2025-07-03,C00055,P0069,Beauty Product 069,Beauty,North,Jaipur,4,2337.25,5.0,8881.55,1264.8,7616.75,Net Banking,Completed
O004307,2025-06-25,C00030,P0056,Electronics Product 056,Electronics,East,Guwahati,3,7138.32,10.0,19273.46,6035.64,13237.82,Card,Completed
O004308,2025-12-02,C00357,P0036,Electronics Product 036,Electronics,Central,Nagpur,2,4569.04,10.0,8224.27,7310.46,913.81,Wallet,Cancelled
O004309,2025-10-29,C00416,P0012,Home Product 012,Home,Central,Indore,1,4256.45,15.0,3617.98,2009.68,1608.3,UPI,Pending
O004310,2025-07-04,C00427,P0025,Sports Product 025,Sports,North,Jaipur,4,5379.58,20.0,17214.66,17214.64,0.02,Cash,Completed
O004311,2025-02-28,C00338,P0088,Fashion Product 088,Fashion,Central,Bhopal,1,5208.94,10.0,4688.05,4167.15,520.9,Net Banking,Cancelled
O004312,2025-06-09,C00303,P0034,Beauty Product 034,Beauty,North,Delhi,5,7768.65,5.0,36901.09,24095.05,12806.04,Wallet,Completed
O004313,2025-09-04,C00082,P0068,Fashion Product 068,Fashion,West,Pune,4,6082.72,10.0,21897.79,19464.72,2433.07,Wallet,Cancelled
O004314,2025-04-10,C00139,P0052,Home Product 052,Home,Central,Bhopal,2,3602.09,15.0,6123.55,5763.34,360.21,Net Banking,Completed
O004315,2025-07-15,C00122,P0069,Beauty Product 069,Beauty,West,Pune,3,2337.25,0.0,7011.75,948.6,6063.15,Wallet,Cancelled
O004316,2025-08-28,C00181,P0060,Sports Product 060,Sports,North,Delhi,1,7633.42,0.0,7633.42,4963.78,2669.64,UPI,Completed
O004317,2025-01-31,C00420,P0048,Fashion Product 048,Fashion,Central,Indore,2,8002.61,10.0,14404.7,5161.72,9242.98,UPI,Pending
O004318,2025-07-27,C00324,P0042,Home Product 042,Home,West,Pune,3,2781.36,10.0,7509.67,6675.27,834.4,Net Banking,Completed
O004319,2025-09-26,C00394,P0040,Sports Product 040,Sports,North,Chandigarh,3,4584.31,15.0,11689.99,11002.35,687.64,Net Banking,Completed
O004320,2025-03-20,C00211,P0096,Electronics Product 096,Electronics,North,Jaipur,3,2784.06,10.0,7516.96,6681.75,835.21,Cash,Pending
O004321,2025-07-19,C00252,P0009,Beauty Product 009,Beauty,East,Guwahati,2,4934.15,15.0,8388.05,7894.64,493.41,Card,Completed
O004322,2025-09-16,C00006,P0056,Electronics Product 056,Electronics,South,Chennai,4,7138.32,0.0,28553.28,8047.52,20505.76,Net Banking,Pending
O004323,2025-01-17,C00110,P0073,Fashion Product 073,Fashion,North,Delhi,3,1490.03,5.0,4246.59,2617.56,1629.03,UPI,Completed
O004324,2025-08-23,C00303,P0044,Beauty Product 044,Beauty,North,Delhi,4,3801.64,10.0,13685.9,12165.24,1520.66,,Completed
O004325,2025-04-05,C00499,P0041,Electronics Product 041,Electronics,West,Ahmedabad,4,5698.77,10.0,20515.57,12097.88,8417.69,UPI,Completed
O004326,2025-05-25,C00161,P0028,Fashion Product 028,Fashion,West,Ahmedabad,3,7012.16,15.0,17881.01,6541.02,11339.99,Card,Cancelled
O004327,2025-08-24,C00314,P0081,Electronics Product 081,Electronics,Central,Nagpur,2,6874.54,15.0,11686.72,8379.58,3307.14,Wallet,Completed
O004328,2025-01-02,C00142,P0088,Fashion Product 088,Fashion,North,Chandigarh,1,5208.94,0.0,5208.94,4167.15,1041.79,Wallet,Completed
O004329,2025-01-07,C00056,P0061,Electronics Product 061,Electronics,West,Ahmedabad,1,7647.57,10.0,6882.81,4481.26,2401.55,UPI,Pending
O004330,2025-06-12,C00412,P0079,Beauty Product 079,Beauty,West,Pune,4,6934.89,15.0,23578.63,18727.44,4851.19,Card,Pending
O004331,2025-12-12,C00006,P0061,Electronics Product 061,Electronics,South,Chennai,3,7647.57,15.0,19501.3,13443.78,6057.52,,Completed
O004332,2025-01-03,C00266,P0090,Sports Product 090,Sports,South,Bengaluru,3,1423.92,5.0,4058.17,2938.98,1119.19,Wallet,Completed
O004333,2025-10-15,C00108,P0033,Fashion Product 033,Fashion,East,Bhubaneswar,1,2460.76,10.0,2214.68,1968.61,246.07,UPI,Cancelled
O004334,2025-01-28,C00139,P0005,Sports Product 005,Sports,Central,Bhopal,4,7082.09,15.0,24079.11,13233.44,10845.67,Wallet,Completed
O004335,2025-06-27,C00499,P0045,Sports Product 045,Sports,West,Ahmedabad,2,3762.55,15.0,6396.34,6020.08,376.26,Net Banking,Completed
O004336,2025-06-06,C00433,P0013,Fashion Product 013,Fashion,West,Mumbai,2,4305.64,5.0,8180.72,1734.26,6446.46,Card,Completed
O004337,2025-06-20,C00484,P0001,Electronics Product 001,Electronics,West,Mumbai,1,4907.86,15.0,4171.68,3926.29,245.39,UPI,Completed
O004338,2025-01-30,C00154,P0010,Sports Product 010,Sports,East,Kolkata,1,1734.32,20.0,1387.46,458.07,929.39,Cash,Completed
O004339,2025-10-02,C00348,P0065,Sports Product 065,Sports,North,Jaipur,3,7148.9,15.0,18229.69,2499.3,15730.39,Cash,Pending
O004340,2025-04-11,C00024,P0015,Sports Product 015,Sports,North,Jaipur,5,4470.33,0.0,22351.65,17881.3,4470.35,Wallet,Completed
O004341,2025-10-08,C00341,P0014,Beauty Product 014,Beauty,North,Jaipur,1,4289.52,5.0,4075.04,3431.62,643.42,Wallet,Completed
O004342,2025-08-27,C00485,P0041,Electronics Product 041,Electronics,Central,Nagpur,4,5698.77,10.0,20515.57,12097.88,8417.69,Cash,Completed
O004343,2025-07-20,C00251,P0064,Beauty Product 064,Beauty,North,Jaipur,3,7994.51,10.0,21585.18,4490.07,17095.11,Cash,Completed
O004344,2025-04-23,C00380,P0090,Sports Product 090,Sports,East,Kolkata,4,1423.92,15.0,4841.33,3918.64,922.69,Wallet,Completed
O004345,2025-08-26,C00400,P0063,Fashion Product 063,Fashion,Central,Indore,1,2531.09,10.0,2277.98,2024.87,253.11,Net Banking,Completed
O004346,2025-12-30,C00013,P0073,Fashion Product 073,Fashion,South,Hyderabad,4,1490.03,0.0,5960.12,3490.08,2470.04,Wallet,Completed
O004347,2025-12-03,C00030,P0078,Fashion Product 078,Fashion,East,Guwahati,5,8229.86,15.0,34976.9,11203.95,23772.95,UPI,Completed
O004348,2025-11-30,C00453,P0044,Beauty Product 044,Beauty,North,Delhi,4,3801.64,5.0,14446.23,12165.24,2280.99,Cash,Completed
O004349,2025-03-21,C00135,P0054,Beauty Product 054,Beauty,South,Bengaluru,1,4876.35,15.0,4144.9,3901.08,243.82,Card,Completed
O004350,2025-08-02,C00152,P0039,Beauty Product 039,Beauty,East,Guwahati,3,7352.91,15.0,18749.92,3269.01,15480.91,,Completed
O004351,2025-05-25,C00418,P0074,Beauty Product 074,Beauty,West,Pune,3,2907.59,20.0,6978.22,6415.5,562.72,UPI,Pending
O004352,2025-12-18,C00343,P0041,Electronics Product 041,Electronics,Central,Indore,3,5698.77,5.0,16241.49,9073.41,7168.08,,Completed
O004353,2025-12-12,C00229,P0063,Fashion Product 063,Fashion,East,Bhubaneswar,2,2531.09,5.0,4809.07,4049.74,759.33,Wallet,Returned
O004354,2025-11-12,C00035,P0016,Electronics Product 016,Electronics,Central,Indore,4,5090.79,0.0,20363.16,16290.52,4072.64,Wallet,Completed
O004355,2025-03-01,C00354,P0077,Home Product 077,Home,South,Bengaluru,4,4076.73,10.0,14676.23,13045.52,1630.71,Wallet,Completed
O004356,2025-04-27,C00204,P0007,Home Product 007,Home,Central,Bhopal,4,5553.32,15.0,18881.29,16725.0,2156.29,Card,Completed
O004357,2025-09-16,C00117,P0076,Electronics Product 076,Electronics,South,Hyderabad,5,5803.55,10.0,26115.98,23214.2,2901.78,UPI,Completed
O004358,2025-09-30,C00239,P0070,Sports Product 070,Sports,West,Pune,4,4336.1,20.0,13875.52,13875.52,0.0,Net Banking,Pending
O004359,2025-05-08,C00230,P0026,Electronics Product 026,Electronics,East,Bhubaneswar,4,2848.75,5.0,10825.25,6346.28,4478.97,Net Banking,Completed
O004360,2025-02-19,C00410,P0030,Sports Product 030,Sports,North,Jaipur,2,3054.9,0.0,6109.8,4887.84,1221.96,Cash,Completed
O004361,2025-02-19,C00105,P0088,Fashion Product 088,Fashion,North,Jaipur,4,5208.94,10.0,18752.18,16668.6,2083.58,UPI,Completed
O004362,2025-09-07,C00073,P0052,Home Product 052,Home,West,Pune,1,3602.09,5.0,3421.99,2881.67,540.32,Net Banking,Returned
O004363,2025-06-15,C00422,P0063,Fashion Product 063,Fashion,South,Bengaluru,2,2531.09,20.0,4049.74,4049.74,0.0,Wallet,Completed
O004364,2025-06-28,C00091,P0076,Electronics Product 076,Electronics,South,Bengaluru,3,5803.55,0.0,17410.65,13928.52,3482.13,Wallet,Completed
O004365,2025-10-24,C00113,P0062,Home Product 062,Home,South,Bengaluru,3,6676.1,5.0,19026.89,5251.98,13774.91,Cash,Completed
O004366,2025-01-07,C00130,P0096,Electronics Product 096,Electronics,South,Hyderabad,3,2784.06,5.0,7934.57,6681.75,1252.82,Wallet,Completed
O004367,2025-10-02,C00459,P0014,Beauty Product 014,Beauty,Central,Nagpur,4,4289.52,10.0,15442.27,13726.48,1715.79,Card,Pending
O004368,2025-04-10,C00146,P0044,Beauty Product 044,Beauty,North,Jaipur,1,3801.64,15.0,3231.39,3041.31,190.08,Card,Cancelled
O004369,2025-12-05,C00437,P0006,Electronics Product 006,Electronics,South,Chennai,5,4936.68,15.0,20980.89,6646.9,14333.99,Wallet,Completed
O004370,2025-12-14,C00232,P0002,Home Product 002,Home,North,Delhi,5,4453.12,10.0,20039.04,17812.5,2226.54,UPI,Completed
O004371,2025-07-02,C00118,P0036,Electronics Product 036,Electronics,South,Chennai,1,4569.04,10.0,4112.14,3655.23,456.91,UPI,Completed
O004372,2025-04-25,C00316,P0003,Fashion Product 003,Fashion,North,Delhi,2,6788.51,0.0,13577.02,7730.82,5846.2,Wallet,Returned
O004373,2025-03-26,C00234,P0002,Home Product 002,Home,East,Guwahati,3,4453.12,10.0,12023.42,10687.5,1335.92,Wallet,Completed
O004374,2025-03-08,C00393,P0078,Fashion Product 078,Fashion,South,Bengaluru,3,8229.86,10.0,22220.62,6722.37,15498.25,Net Banking,Completed
O004375,2025-12-30,C00283,P0026,Electronics Product 026,Electronics,Central,Bhopal,2,2848.75,20.0,4558.0,3173.14,1384.86,Wallet,Completed
O004376,2025-03-10,C00031,P0051,Electronics Product 051,Electronics,South,Chennai,4,7669.29,0.0,30677.16,16699.56,13977.6,Wallet,Cancelled
O004377,2025-06-12,C00062,P0044,Beauty Product 044,Beauty,Central,Bhopal,4,3801.64,15.0,12925.58,12165.24,760.34,UPI,Completed
O004378,2025-06-24,C00276,P0048,Fashion Product 048,Fashion,East,Bhubaneswar,1,8002.61,10.0,7202.35,2580.86,4621.49,Net Banking,Completed
O004379,2025-09-05,C00351,P0058,Fashion Product 058,Fashion,West,Mumbai,1,3370.65,0.0,3370.65,2696.52,674.13,Cash,Completed
O004380,2025-11-03,C00226,P0026,Electronics Product 026,Electronics,West,Mumbai,3,2848.75,10.0,7691.62,4759.71,2931.91,Card,Completed
O004381,2025-07-23,C00395,P0044,Beauty Product 044,Beauty,South,Bengaluru,3,3801.64,15.0,9694.18,9123.93,570.25,Card,Completed
O004382,2025-10-03,C00048,P0030,Sports Product 030,Sports,South,Hyderabad,3,3054.9,5.0,8706.47,7331.76,1374.7,Wallet,Completed
O004383,2025-07-26,C00072,P0034,Beauty Product 034,Beauty,East,Bhubaneswar,2,7768.65,15.0,13206.7,9638.02,3568.68,Card,Completed
O004384,2025-06-09,C00135,P0085,Sports Product 085,Sports,South,Bengaluru,3,3007.51,20.0,7218.02,7218.03,-0.01,Wallet,Returned
O004385,2025-02-27,C00496,P0051,Electronics Product 051,Electronics,Central,Nagpur,4,7669.29,5.0,29143.3,16699.56,12443.74,Card,Completed
O004386,2025-03-17,C00427,P0023,Fashion Product 023,Fashion,North,Jaipur,5,3632.79,5.0,17255.75,14531.15,2724.6,Card,Completed
O004387,2025-06-07,C00285,P0068,Fashion Product 068,Fashion,North,Delhi,5,6082.72,15.0,25851.56,24330.9,1520.66,Card,Completed
O004388,2025-01-17,C00168,P0007,Home Product 007,Home,South,Chennai,3,5553.32,15.0,14160.97,12543.75,1617.22,Wallet,Completed
O004389,2025-04-26,C00217,P0072,Home Product 072,Home,East,Kolkata,5,6223.26,10.0,28004.67,20347.95,7656.72,Wallet,Cancelled
O004390,2025-06-18,C00344,P0006,Electronics Product 006,Electronics,North,Chandigarh,3,4936.68,15.0,12588.53,3988.14,8600.39,Cash,Completed
O004391,2025-06-22,C00199,P0040,Sports Product 040,Sports,North,Delhi,2,4584.31,10.0,8251.76,7334.9,916.86,Wallet,Completed
O004392,2025-10-24,C00423,P0015,Sports Product 015,Sports,South,Chennai,2,4470.33,5.0,8493.63,7152.52,1341.11,Wallet,Completed
O004393,2025-12-19,C00134,P0036,Electronics Product 036,Electronics,Central,Nagpur,3,4569.04,10.0,12336.41,10965.69,1370.72,Wallet,Completed
O004394,2025-09-23,C00255,P0068,Fashion Product 068,Fashion,West,Ahmedabad,3,6082.72,0.0,18248.16,14598.54,3649.62,Cash,Cancelled
O004395,2025-01-29,C00233,P0053,Fashion Product 053,Fashion,North,Chandigarh,3,5775.38,20.0,13860.91,4757.58,9103.33,Card,Completed
O004396,2025-05-29,C00006,P0016,Electronics Product 016,Electronics,South,Chennai,4,5090.79,10.0,18326.84,16290.52,2036.32,UPI,Completed
O004397,2025-09-23,C00099,P0067,Home Product 067,Home,East,Bhubaneswar,4,2982.59,10.0,10737.32,4732.24,6005.08,Wallet,Completed
O004398,2025-08-05,C00144,P0053,Fashion Product 053,Fashion,South,Bengaluru,1,5775.38,20.0,4620.3,1585.86,3034.44,Net Banking,Completed
O004399,2025-06-16,C00115,P0032,Home Product 032,Home,Central,Indore,1,2912.1,10.0,2620.89,2059.85,561.04,Wallet,Returned
O004400,2025-06-08,C00254,P0075,Sports Product 075,Sports,Central,Bhopal,3,8144.99,5.0,23213.22,10195.83,13017.39,Net Banking,Completed
O004401,2025-05-28,C00092,P0008,Fashion Product 008,Fashion,East,Guwahati,4,8265.58,20.0,26449.86,7736.0,18713.86,Card,Completed
O004402,2025-07-30,C00329,P0008,Fashion Product 008,Fashion,East,Bhubaneswar,4,8265.58,10.0,29756.09,7736.0,22020.09,Wallet,Completed
O004403,2025-03-07,C00344,P0066,Electronics Product 066,Electronics,North,Chandigarh,2,5295.06,10.0,9531.11,2203.04,7328.07,Card,Completed
O004404,2025-07-08,C00128,P0039,Beauty Product 039,Beauty,Central,Nagpur,1,7352.91,10.0,6617.62,1089.67,5527.95,Cash,Completed
O004405,2025-03-16,C00252,P0096,Electronics Product 096,Electronics,East,Guwahati,2,2784.06,20.0,4454.5,4454.5,-0.0,Wallet,Completed
O004406,2025-09-05,C00452,P0025,Sports Product 025,Sports,West,Ahmedabad,1,5379.58,15.0,4572.64,4303.66,268.98,Card,Completed
O004407,2025-11-11,C00241,P0019,Beauty Product 019,Beauty,North,Chandigarh,5,6745.83,10.0,30356.24,17997.7,12358.53,UPI,Completed
O004408,2025-07-04,C00192,P0027,Home Product 027,Home,East,Kolkata,1,6771.19,5.0,6432.63,2895.9,3536.73,Wallet,Completed
O004409,2025-05-22,C00079,P0053,Fashion Product 053,Fashion,South,Bengaluru,5,5775.38,15.0,24545.37,7929.3,16616.07,Wallet,Completed
O004410,2025-12-09,C00193,P0093,Fashion Product 093,Fashion,West,Mumbai,3,4536.21,,12247.77,5281.38,6966.39,UPI,Completed
O004411,2025-08-29,C00237,P0038,Fashion Product 038,Fashion,West,Ahmedabad,5,2947.65,10.0,13264.43,6056.15,7208.28,Wallet,Completed
O004412,2025-06-05,C00149,P0033,Fashion Product 033,Fashion,North,Chandigarh,2,2460.76,10.0,4429.37,3937.22,492.15,Card,Cancelled
O004413,2025-01-11,C00340,P0036,Electronics Product 036,Electronics,West,Ahmedabad,3,4569.04,10.0,12336.41,10965.69,1370.72,Card,Cancelled
O004414,2025-01-06,C00215,P0075,Sports Product 075,Sports,Central,Bhopal,5,8144.99,10.0,36652.46,16993.05,19659.41,Net Banking,Completed
O004415,2025-03-22,C00471,P0036,Electronics Product 036,Electronics,North,Chandigarh,5,4569.04,20.0,18276.16,18276.15,0.01,Net Banking,Completed
O004416,2025-03-28,C00444,P0046,Electronics Product 046,Electronics,South,Bengaluru,2,8168.47,0.0,16336.94,716.64,15620.3,Cash,Completed
O004417,2025-09-20,C00450,P0026,Electronics Product 026,Electronics,East,Bhubaneswar,3,2848.75,5.0,8118.94,4759.71,3359.23,UPI,Completed
O004418,2025-07-02,C00018,P0068,Fashion Product 068,Fashion,South,Bengaluru,1,6082.72,10.0,5474.45,4866.18,608.27,UPI,Completed
O004419,2025-12-30,C00116,P0019,Beauty Product 019,Beauty,West,Pune,5,6745.83,0.0,33729.15,17997.7,15731.45,Cash,Completed
O004420,2025-07-16,C00184,P0035,Sports Product 035,Sports,West,Mumbai,2,8253.41,5.0,15681.48,3025.76,12655.72,UPI,Completed
O004421,2025-11-25,C00371,P0073,Fashion Product 073,Fashion,East,Bhubaneswar,3,1490.03,15.0,3799.58,2617.56,1182.02,Cash,Completed
O004422,2025-07-21,C00347,P0011,Electronics Product 011,Electronics,South,Bengaluru,2,8240.08,0.0,16480.16,7575.24,8904.92,Net Banking,Completed
O004423,2025-05-11,C00026,P0098,Fashion Product 098,Fashion,Central,Indore,2,7898.73,10.0,14217.71,993.64,13224.07,UPI,Completed
O004424,2025-09-18,C00405,P0023,Fashion Product 023,Fashion,West,Mumbai,2,3632.79,20.0,5812.46,5812.46,0.0,Card,Completed
O004425,2025-06-13,C00249,P0021,Electronics Product 021,Electronics,North,Jaipur,5,4281.14,15.0,18194.85,17124.55,1070.3,UPI,Completed
O004426,2025-04-10,C00122,P0030,Sports Product 030,Sports,West,Pune,5,3054.9,10.0,13747.05,12219.6,1527.45,Wallet,Completed
O004427,2025-06-22,C00361,P0064,Beauty Product 064,Beauty,East,Kolkata,5,7994.51,10.0,35975.3,7483.45,28491.85,UPI,Completed
O004428,2025-08-31,C00353,P0019,Beauty Product 019,Beauty,South,Hyderabad,4,6745.83,10.0,24284.99,14398.16,9886.83,UPI,Completed
O004429,2025-05-17,C00067,P0032,Home Product 032,Home,Central,Indore,3,2912.1,20.0,6989.04,6179.55,809.49,Wallet,Completed
O004430,2025-09-14,C00316,P0036,Electronics Product 036,Electronics,North,Delhi,3,4569.04,0.0,13707.12,10965.69,2741.43,Wallet,Completed
O004431,2025-12-23,C00094,P0047,Home Product 047,Home,North,Chandigarh,4,4959.99,15.0,16863.97,15871.96,992.01,UPI,Completed
O004432,2025-05-30,C00249,P0006,Electronics Product 006,Electronics,North,Jaipur,5,4936.68,5.0,23449.23,6646.9,16802.33,Wallet,Completed
O004433,2025-04-18,C00029,P0091,Electronics Product 091,Electronics,West,Pune,1,1897.13,10.0,1707.42,513.13,1194.29,Net Banking,Cancelled
O004434,2025-05-27,C00117,P0024,Beauty Product 024,Beauty,South,Hyderabad,4,2905.51,10.0,10459.84,9297.64,1162.2,UPI,Completed
O004435,2025-11-02,C00421,P0068,Fashion Product 068,Fashion,East,Kolkata,4,6082.72,10.0,21897.79,19464.72,2433.07,Net Banking,Completed
O004436,2025-03-07,C00290,P0084,Beauty Product 084,Beauty,South,Chennai,2,5715.45,10.0,10287.81,4545.88,5741.93,UPI,Completed
O004437,2025-12-21,C00339,P0045,Sports Product 045,Sports,Central,Indore,3,3762.55,5.0,10723.27,9030.12,1693.15,Cash,Pending
O004438,2025-05-31,C00093,P0012,Home Product 012,Home,North,Chandigarh,4,4256.45,5.0,16174.51,8038.72,8135.79,UPI,Returned
O004439,2025-11-03,C00325,P0095,Sports Product 095,Sports,North,Jaipur,5,2495.1,0.0,12475.5,6872.7,5602.8,Wallet,Completed
O004440,2025-10-14,C00161,P0038,Fashion Product 038,Fashion,West,Ahmedabad,4,2947.65,10.0,10611.54,4844.92,5766.62,Wallet,Completed
O004441,2025-10-13,C00110,P0068,Fashion Product 068,Fashion,North,Delhi,5,6082.72,10.0,27372.24,24330.9,3041.34,UPI,Pending
O004442,2025-11-27,C00014,P0091,Electronics Product 091,Electronics,North,Jaipur,2,1897.13,15.0,3225.12,1026.26,2198.86,Net Banking,Completed
O004443,2025-03-09,C00224,P0012,Home Product 012,Home,South,Hyderabad,5,4256.45,,19154.03,10048.4,9105.63,UPI,Returned
O004444,2025-08-05,C00482,P0047,Home Product 047,Home,South,Bengaluru,2,4959.99,5.0,9423.98,7935.98,1488.0,Card,Completed
O004445,2025-02-06,C00361,P0008,Fashion Product 008,Fashion,East,Kolkata,1,8265.58,0.0,8265.58,1934.0,6331.58,Wallet,Completed
O004446,2025-04-19,C00218,P0082,Home Product 082,Home,South,Hyderabad,3,5348.13,0.0,16044.39,8313.48,7730.91,Card,Completed
O004447,2025-01-15,C00333,P0051,Electronics Product 051,Electronics,Central,Bhopal,3,7669.29,5.0,21857.48,12524.67,9332.81,Card,Completed
O004448,2025-09-06,C00110,P0032,Home Product 032,Home,North,Delhi,1,2912.1,10.0,2620.89,2059.85,561.04,UPI,Completed
O004449,2025-08-10,C00435,P0014,Beauty Product 014,Beauty,South,Chennai,1,4289.52,15.0,3646.09,3431.62,214.47,UPI,Completed
O004450,2025-09-27,C00443,P0045,Sports Product 045,Sports,West,Mumbai,3,3762.55,5.0,10723.27,9030.12,1693.15,Wallet,Completed
O004451,2025-03-06,C00031,P0030,Sports Product 030,Sports,South,Chennai,3,3054.9,5.0,8706.47,7331.76,1374.7,Card,Cancelled
O004452,2025-05-01,C00161,P0014,Beauty Product 014,Beauty,West,Ahmedabad,4,4289.52,0.0,17158.08,13726.48,3431.6,Cash,Completed
O004453,2025-09-04,C00466,P0091,Electronics Product 091,Electronics,South,Hyderabad,1,1897.13,0.0,1897.13,513.13,1384.0,Cash,Completed
O004454,2025-10-28,C00054,P0094,Beauty Product 094,Beauty,North,Delhi,4,5366.1,10.0,19317.96,17171.52,2146.44,Wallet,Completed
O004455,2025-11-19,C00251,P0052,Home Product 052,Home,North,Jaipur,1,3602.09,15.0,3061.78,2881.67,180.11,Net Banking,Completed
O004456,2025-01-27,C00369,P0040,Sports Product 040,Sports,West,Pune,1,4584.31,15.0,3896.66,3667.45,229.21,Cash,Completed
O004457,2025-05-27,C00313,P0070,Sports Product 070,Sports,North,Jaipur,3,4336.1,5.0,12357.89,10406.64,1951.25,Wallet,Completed
O004458,2025-01-04,C00451,P0035,Sports Product 035,Sports,North,Delhi,4,8253.41,0.0,33013.64,6051.52,26962.12,Cash,Completed
O004459,2025-10-25,C00347,P0001,Electronics Product 001,Electronics,South,Bengaluru,2,4907.86,10.0,8834.15,7852.58,981.57,Card,Completed
O004460,2025-02-14,C00162,P0069,Beauty Product 069,Beauty,Central,Bhopal,3,2337.25,10.0,6310.57,948.6,5361.98,Wallet,Pending
O004461,2025-10-27,C00394,P0060,Sports Product 060,Sports,North,Chandigarh,5,7633.42,15.0,32442.03,24818.9,7623.13,Net Banking,Cancelled
O004462,2025-02-26,C00061,P0085,Sports Product 085,Sports,East,Guwahati,3,3007.51,10.0,8120.28,7218.03,902.25,Cash,Completed
O004463,2025-01-06,C00318,P0073,Fashion Product 073,Fashion,West,Pune,2,1490.03,20.0,2384.05,1745.04,639.01,UPI,Completed
O004464,2025-11-16,C00188,P0053,Fashion Product 053,Fashion,South,Bengaluru,3,5775.38,0.0,17326.14,4757.58,12568.56,Wallet,Completed
O004465,2025-06-09,C00283,P0036,Electronics Product 036,Electronics,Central,Bhopal,3,4569.04,10.0,12336.41,10965.69,1370.72,Net Banking,Completed
O004466,2025-06-04,C00147,P0002,Home Product 002,Home,West,Mumbai,1,4453.12,10.0,4007.81,3562.5,445.31,Cash,Completed
O004467,2025-08-24,C00138,P0065,Sports Product 065,Sports,Central,Bhopal,5,7148.9,10.0,32170.05,4165.5,28004.55,Net Banking,Completed
O004468,2025-04-11,C00331,P0022,Home Product 022,Home,North,Delhi,1,5577.75,0.0,5577.75,3883.74,1694.01,Card,Completed
O004469,2025-09-09,C00158,P0092,Home Product 092,Home,Central,Nagpur,4,5945.72,10.0,21404.59,12231.72,9172.87,Card,Cancelled
O004470,2025-06-06,C00005,P0091,Electronics Product 091,Electronics,West,Pune,1,1897.13,0.0,1897.13,513.13,1384.0,Wallet,Completed
O004471,2025-04-10,C00499,P0040,Sports Product 040,Sports,West,Ahmedabad,3,4584.31,5.0,13065.28,11002.35,2062.93,Net Banking,Completed
O004472,2025-05-24,C00304,P0080,Sports Product 080,Sports,Central,Nagpur,4,4972.04,5.0,18893.75,15910.52,2983.23,Wallet,Pending
O004473,2025-01-03,C00264,P0001,Electronics Product 001,Electronics,West,Mumbai,3,4907.86,15.0,12515.04,11778.87,736.17,Cash,Completed
O004474,2025-04-20,C00143,P0088,Fashion Product 088,Fashion,North,Chandigarh,2,5208.94,0.0,10417.88,8334.3,2083.58,Net Banking,Returned
O004475,2025-08-04,C00303,P0010,Sports Product 010,Sports,North,Delhi,5,1734.32,5.0,8238.02,2290.35,5947.67,Wallet,Cancelled
O004476,2025-02-20,C00352,P0069,Beauty Product 069,Beauty,East,Bhubaneswar,2,2337.25,0.0,4674.5,632.4,4042.1,Cash,Completed
O004477,2025-02-13,C00442,P0083,Fashion Product 083,Fashion,East,Kolkata,1,3893.45,,3504.11,3114.76,389.34,Net Banking,Completed
O004478,2025-08-27,C00015,P0017,Home Product 017,Home,West,Ahmedabad,4,4364.81,5.0,16586.28,13967.4,2618.88,Wallet,Completed
O004479,2025-06-05,C00143,P0079,Beauty Product 079,Beauty,North,Chandigarh,4,6934.89,10.0,24965.6,18727.44,6238.16,Wallet,Completed
O004480,2025-02-19,C00495,P0046,Electronics Product 046,Electronics,East,Guwahati,2,8168.47,15.0,13886.4,716.64,13169.76,Cash,Completed
O004481,2025-09-30,C00090,P0065,Sports Product 065,Sports,South,Bengaluru,5,7148.9,15.0,30382.83,4165.5,26217.33,Wallet,Completed
O004482,2025-10-10,C00081,P0013,Fashion Product 013,Fashion,Central,Nagpur,3,4305.64,0.0,12916.92,2601.39,10315.53,Wallet,Completed
O004483,2025-01-13,C00301,P0097,Home Product 097,Home,Central,Nagpur,1,3422.29,10.0,3080.06,2737.83,342.23,Wallet,Completed
O004484,2025-03-15,C00356,P0023,Fashion Product 023,Fashion,Central,Indore,2,3632.79,15.0,6175.74,5812.46,363.28,Net Banking,Cancelled
O004485,2025-05-15,C00151,P0073,Fashion Product 073,Fashion,North,Delhi,1,1490.03,5.0,1415.53,872.52,543.01,Net Banking,Completed
O004486,2025-09-24,C00401,P0081,Electronics Product 081,Electronics,South,Chennai,2,6874.54,20.0,10999.26,8379.58,2619.68,Net Banking,Cancelled
O004487,2025-01-27,C00231,P0078,Fashion Product 078,Fashion,West,Mumbai,3,8229.86,10.0,22220.62,6722.37,15498.25,Wallet,Completed
O004488,2025-10-21,C00252,P0046,Electronics Product 046,Electronics,East,Guwahati,1,8168.47,15.0,6943.2,358.32,6584.88,Card,Completed
O004489,2025-04-27,C00214,P0040,Sports Product 040,Sports,North,Jaipur,5,4584.31,15.0,19483.32,18337.25,1146.07,Card,Completed
O004490,2025-02-15,C00016,P0020,Sports Product 020,Sports,West,Ahmedabad,3,3689.4,5.0,10514.79,8854.56,1660.23,Card,Completed
O004491,2025-11-11,C00499,P0005,Sports Product 005,Sports,West,Ahmedabad,4,7082.09,20.0,22662.69,13233.44,9429.25,Net Banking,Completed
O004492,2025-02-01,C00370,P0036,Electronics Product 036,Electronics,North,Jaipur,1,4569.04,20.0,3655.23,3655.23,0.0,Card,Returned
O004493,2025-02-17,C00208,P0085,Sports Product 085,Sports,East,Bhubaneswar,3,3007.51,5.0,8571.4,7218.03,1353.37,Cash,Completed
O004494,2025-12-12,C00387,P0058,Fashion Product 058,Fashion,East,Bhubaneswar,2,3370.65,0.0,6741.3,5393.04,1348.26,Cash,Completed
O004495,2025-07-09,C00002,P0008,Fashion Product 008,Fashion,East,Guwahati,5,8265.58,15.0,35128.72,9670.0,25458.72,Net Banking,Completed
O004496,2025-06-18,C00272,P0077,Home Product 077,Home,East,Bhubaneswar,4,4076.73,10.0,14676.23,13045.52,1630.71,Wallet,Completed
O004497,2025-09-08,C00250,P0006,Electronics Product 006,Electronics,Central,Nagpur,1,4936.68,15.0,4196.18,1329.38,2866.8,Cash,Completed
O004498,2025-08-18,C00058,P0085,Sports Product 085,Sports,Central,Bhopal,4,3007.51,5.0,11428.54,9624.04,1804.5,Cash,Completed
O004499,2025-08-12,C00247,P0016,Electronics Product 016,Electronics,East,Bhubaneswar,4,5090.79,15.0,17308.69,16290.52,1018.17,Card,Completed
O004500,2025-01-09,C00284,P0015,Sports Product 015,Sports,North,Delhi,1,4470.33,0.0,4470.33,3576.26,894.07,Cash,Completed
O004501,2025-07-20,C00306,P0009,Beauty Product 009,Beauty,West,Mumbai,2,4934.15,5.0,9374.88,7894.64,1480.24,UPI,Completed
O004502,2025-04-12,C00220,P0070,Sports Product 070,Sports,Central,Nagpur,1,4336.1,20.0,3468.88,3468.88,0.0,Net Banking,Completed
O004503,2025-10-21,C00027,P0088,Fashion Product 088,Fashion,East,Guwahati,2,5208.94,0.0,10417.88,8334.3,2083.58,UPI,Completed
O004504,2025-07-03,C00391,P0096,Electronics Product 096,Electronics,North,Chandigarh,1,2784.06,15.0,2366.45,2227.25,139.2,UPI,Completed
O004505,2025-02-15,C00307,P0072,Home Product 072,Home,Central,Nagpur,2,6223.26,10.0,11201.87,8139.18,3062.69,Wallet,Completed
O004506,2025-11-19,C00254,P0027,Home Product 027,Home,Central,Bhopal,5,6771.19,15.0,28777.56,14479.5,14298.06,Wallet,Completed
O004507,2025-04-14,C00288,P0070,Sports Product 070,Sports,North,Jaipur,3,4336.1,5.0,12357.89,10406.64,1951.25,UPI,Completed
O004508,2025-04-09,C00147,P0073,Fashion Product 073,Fashion,West,Mumbai,1,1490.03,0.0,1490.03,872.52,617.51,Net Banking,Completed
O004509,2025-12-07,C00173,P0074,Beauty Product 074,Beauty,North,Jaipur,3,2907.59,10.0,7850.49,6415.5,1434.99,Wallet,Completed
O004510,2025-10-10,C00232,P0083,Fashion Product 083,Fashion,North,Delhi,2,3893.45,15.0,6618.86,6229.52,389.34,Wallet,Completed
O004511,2025-11-09,C00256,P0066,Electronics Product 066,Electronics,West,Mumbai,2,5295.06,20.0,8472.1,2203.04,6269.06,Cash,Cancelled
O004512,2025-08-30,C00288,P0041,Electronics Product 041,Electronics,North,Jaipur,4,5698.77,15.0,19375.82,12097.88,7277.94,Cash,Completed
O004513,2025-11-28,C00329,P0002,Home Product 002,Home,East,Bhubaneswar,2,4453.12,5.0,8460.93,7125.0,1335.93,Net Banking,Completed
O004514,2025-02-11,C00348,P0027,Home Product 027,Home,North,Jaipur,3,6771.19,10.0,18282.21,8687.7,9594.51,Card,Completed
O004515,2025-08-07,C00031,P0031,Electronics Product 031,Electronics,South,Chennai,2,6070.56,10.0,10927.01,1946.96,8980.05,Wallet,Completed
O004516,2025-04-17,C00087,P0001,Electronics Product 001,Electronics,Central,Bhopal,2,4907.86,10.0,8834.15,7852.58,981.57,Card,Completed
O004517,2025-05-26,C00004,P0077,Home Product 077,Home,North,Jaipur,4,4076.73,20.0,13045.54,13045.52,0.02,UPI,Completed
O004518,2025-03-28,C00177,P0003,Fashion Product 003,Fashion,West,Ahmedabad,5,6788.51,15.0,28851.17,19327.05,9524.12,UPI,Completed
O004519,2025-03-16,C00075,P0062,Home Product 062,Home,South,Chennai,2,6676.1,15.0,11349.37,3501.32,7848.05,Wallet,Completed
O004520,2025-06-11,C00149,P0070,Sports Product 070,Sports,North,Chandigarh,1,4336.1,15.0,3685.69,3468.88,216.81,Net Banking,Returned
O004521,2025-12-01,C00444,P0058,Fashion Product 058,Fashion,South,Bengaluru,3,3370.65,5.0,9606.35,8089.56,1516.79,UPI,Completed
O004522,2025-08-20,C00433,P0030,Sports Product 030,Sports,West,Mumbai,2,3054.9,0.0,6109.8,4887.84,1221.96,Wallet,Completed
O004523,2025-05-08,C00333,P0032,Home Product 032,Home,Central,Bhopal,5,2912.1,5.0,13832.47,10299.25,3533.22,Net Banking,Completed
O004524,2025-06-07,C00036,P0046,Electronics Product 046,Electronics,Central,Indore,1,8168.47,10.0,7351.62,358.32,6993.3,Cash,Completed
O004525,2025-07-12,C00204,P0085,Sports Product 085,Sports,Central,Bhopal,3,3007.51,15.0,7669.15,7218.03,451.12,UPI,Pending
O004526,2025-03-31,C00059,P0095,Sports Product 095,Sports,Central,Indore,3,2495.1,10.0,6736.77,4123.62,2613.15,Cash,Completed
O004527,2025-07-09,C00086,P0053,Fashion Product 053,Fashion,North,Jaipur,3,5775.38,15.0,14727.22,4757.58,9969.64,Card,Cancelled
O004528,2025-09-11,C00148,P0031,Electronics Product 031,Electronics,East,Kolkata,5,6070.56,5.0,28835.16,4867.4,23967.76,Net Banking,Returned
O004529,2025-03-30,C00147,P0013,Fashion Product 013,Fashion,West,Mumbai,1,4305.64,15.0,3659.79,867.13,2792.66,Wallet,Completed
O004530,2025-08-01,C00378,P0004,Beauty Product 004,Beauty,East,Guwahati,2,3466.38,5.0,6586.12,4778.66,1807.46,Cash,Completed
O004531,2025-09-15,C00036,P0092,Home Product 092,Home,Central,Indore,1,5945.72,10.0,5351.15,3057.93,2293.22,Cash,Completed
O004532,2025-07-09,C00387,P0096,Electronics Product 096,Electronics,East,Bhubaneswar,4,2784.06,0.0,11136.24,8909.0,2227.24,UPI,Completed
O004533,2025-04-17,C00401,P0083,Fashion Product 083,Fashion,South,Chennai,5,3893.45,,17520.53,15573.8,1946.73,UPI,Completed
O004534,2025-07-21,C00184,P0095,Sports Product 095,Sports,West,Mumbai,4,2495.1,15.0,8483.34,5498.16,2985.18,UPI,Returned
O004535,2025-10-16,C00014,P0027,Home Product 027,Home,North,Jaipur,4,6771.19,15.0,23022.05,11583.6,11438.45,Card,Pending
O004536,2025-03-22,C00208,P0037,Home Product 037,Home,East,Bhubaneswar,2,7720.82,20.0,12353.31,1415.72,10937.59,Net Banking,Completed
O004537,2025-07-29,C00277,P0003,Fashion Product 003,Fashion,West,Ahmedabad,1,6788.51,15.0,5770.23,3865.41,1904.82,Card,Cancelled
O004538,2025-09-05,C00238,P0037,Home Product 037,Home,East,Bhubaneswar,5,7720.82,5.0,36673.89,3539.3,33134.59,Net Banking,Completed
O004539,2025-04-28,C00062,P0081,Electronics Product 081,Electronics,Central,Bhopal,3,6874.54,5.0,19592.44,12569.37,7023.07,Cash,Completed
O004540,2025-05-22,C00214,P0022,Home Product 022,Home,North,Jaipur,3,5577.75,10.0,15059.93,11651.22,3408.71,Cash,Returned
O004541,2025-11-20,C00462,P0045,Sports Product 045,Sports,Central,Nagpur,1,3762.55,15.0,3198.17,3010.04,188.13,Cash,Completed
O004542,2025-05-13,C00423,P0081,Electronics Product 081,Electronics,South,Chennai,3,6874.54,0.0,20623.62,12569.37,8054.25,Card,Completed
O004543,2025-08-06,C00090,P0087,Home Product 087,Home,South,Bengaluru,5,5255.47,5.0,24963.48,2830.75,22132.73,UPI,Completed
O004544,2025-02-24,C00267,P0056,Electronics Product 056,Electronics,Central,Nagpur,4,7138.32,15.0,24270.29,8047.52,16222.77,Card,Completed
O004545,2025-12-04,C00019,P0018,Fashion Product 018,Fashion,North,Chandigarh,1,6795.4,0.0,6795.4,284.97,6510.43,Wallet,Completed
O004546,2025-08-06,C00401,P0025,Sports Product 025,Sports,South,Chennai,2,5379.58,10.0,9683.24,8607.32,1075.92,Cash,Completed
O004547,2025-10-04,C00170,P0080,Sports Product 080,Sports,North,Delhi,1,4972.04,15.0,4226.23,3977.63,248.6,Card,Completed
O004548,2025-08-08,C00035,P0040,Sports Product 040,Sports,Central,Indore,3,4584.31,20.0,11002.34,11002.35,-0.01,,Returned
O004549,2025-05-10,C00091,P0038,Fashion Product 038,Fashion,South,Bengaluru,2,2947.65,0.0,5895.3,2422.46,3472.84,Net Banking,Completed
O004550,2025-05-04,C00025,P0016,Electronics Product 016,Electronics,East,Guwahati,3,5090.79,10.0,13745.13,12217.89,1527.24,Net Banking,Completed
O004551,2025-09-13,C00483,P0097,Home Product 097,Home,Central,Bhopal,1,3422.29,15.0,2908.95,2737.83,171.12,UPI,Completed
O004552,2025-11-09,C00029,P0021,Electronics Product 021,Electronics,West,Pune,5,4281.14,10.0,19265.13,17124.55,2140.58,Cash,Completed
O004553,2025-02-16,C00121,P0032,Home Product 032,Home,North,Jaipur,1,2912.1,5.0,2766.49,2059.85,706.64,UPI,Completed
O004554,2025-11-04,C00021,P0051,Electronics Product 051,Electronics,North,Chandigarh,1,7669.29,10.0,6902.36,4174.89,2727.47,Net Banking,Completed
O004555,2025-10-30,C00309,P0041,Electronics Product 041,Electronics,West,Ahmedabad,5,5698.77,0.0,28493.85,15122.35,13371.5,Card,Cancelled
O004556,2025-02-09,C00280,P0016,Electronics Product 016,Electronics,South,Chennai,1,5090.79,20.0,4072.63,4072.63,0.0,Net Banking,Completed
O004557,2025-02-09,C00177,P0068,Fashion Product 068,Fashion,West,Ahmedabad,2,6082.72,5.0,11557.17,9732.36,1824.81,Wallet,Completed
O004558,2025-09-10,C00240,P0083,Fashion Product 083,Fashion,South,Bengaluru,4,3893.45,15.0,13237.73,12459.04,778.69,Wallet,Completed
O004559,2025-11-03,C00090,P0071,Electronics Product 071,Electronics,South,Bengaluru,4,5148.93,15.0,17506.36,14191.0,3315.36,Card,Cancelled
O004560,2025-05-24,C00223,P0002,Home Product 002,Home,North,Delhi,1,4453.12,20.0,3562.5,3562.5,-0.0,Card,Completed
O004561,2025-08-22,C00019,P0008,Fashion Product 008,Fashion,North,Chandigarh,4,8265.58,0.0,33062.32,7736.0,25326.32,UPI,Completed
O004562,2025-12-30,C00186,P0019,Beauty Product 019,Beauty,North,Jaipur,5,6745.83,0.0,33729.15,17997.7,15731.45,Cash,Completed
O004563,2025-04-28,C00239,P0064,Beauty Product 064,Beauty,West,Pune,3,7994.51,5.0,22784.35,4490.07,18294.28,Net Banking,Returned
O004564,2025-03-23,C00240,P0030,Sports Product 030,Sports,South,Bengaluru,4,3054.9,20.0,9775.68,9775.68,0.0,Wallet,Pending
O004565,2025-12-27,C00268,P0074,Beauty Product 074,Beauty,East,Guwahati,5,2907.59,10.0,13084.16,10692.5,2391.66,Card,Completed
O004566,2025-04-13,C00016,P0091,Electronics Product 091,Electronics,West,Ahmedabad,1,1897.13,10.0,1707.42,513.13,1194.29,Card,Completed
O004567,2025-06-22,C00030,P0046,Electronics Product 046,Electronics,East,Guwahati,3,8168.47,10.0,22054.87,1074.96,20979.91,UPI,Completed
O004568,2025-06-10,C00180,P0088,Fashion Product 088,Fashion,North,Jaipur,2,5208.94,15.0,8855.2,8334.3,520.9,Net Banking,Pending
O004569,2025-07-10,C00298,P0065,Sports Product 065,Sports,East,Guwahati,2,7148.9,0.0,14297.8,1666.2,12631.6,Net Banking,Completed
O004570,2025-04-08,C00295,P0095,Sports Product 095,Sports,West,Mumbai,4,2495.1,5.0,9481.38,5498.16,3983.22,Wallet,Pending
O004571,2025-09-05,C00455,P0043,Fashion Product 043,Fashion,East,Kolkata,3,2271.05,0.0,6813.15,5450.52,1362.63,Wallet,Completed
O004572,2025-09-09,C00228,P0076,Electronics Product 076,Electronics,Central,Bhopal,2,5803.55,10.0,10446.39,9285.68,1160.71,Wallet,Completed
O004573,2025-03-15,C00306,P0044,Beauty Product 044,Beauty,West,Mumbai,2,3801.64,5.0,7223.12,6082.62,1140.5,Wallet,Cancelled
O004574,2025-06-25,C00243,P0035,Sports Product 035,Sports,Central,Nagpur,1,8253.41,20.0,6602.73,1512.88,5089.85,Wallet,Completed
O004575,2025-01-21,C00388,P0036,Electronics Product 036,Electronics,Central,Bhopal,4,4569.04,5.0,17362.35,14620.92,2741.43,UPI,Cancelled
O004576,2025-03-22,C00032,P0062,Home Product 062,Home,East,Bhubaneswar,5,6676.1,10.0,30042.45,8753.3,21289.15,Cash,Completed
O004577,2025-12-26,C00421,P0072,Home Product 072,Home,East,Kolkata,4,6223.26,0.0,24893.04,16278.36,8614.68,Cash,Completed
O004578,2025-07-04,C00404,P0005,Sports Product 005,Sports,East,Kolkata,2,7082.09,15.0,12039.55,6616.72,5422.83,UPI,Completed
O004579,2025-08-15,C00470,P0011,Electronics Product 011,Electronics,Central,Indore,4,8240.08,10.0,29664.29,15150.48,14513.81,Wallet,Completed
O004580,2025-11-20,C00349,P0096,Electronics Product 096,Electronics,Central,Indore,1,2784.06,0.0,2784.06,2227.25,556.81,UPI,Completed
O004581,2025-09-17,C00492,P0045,Sports Product 045,Sports,North,Chandigarh,4,3762.55,0.0,15050.2,12040.16,3010.04,Net Banking,Completed
O004582,2025-10-16,C00283,P0093,Fashion Product 093,Fashion,Central,Bhopal,4,4536.21,0.0,18144.84,7041.84,11103.0,UPI,Completed
O004583,2025-09-17,C00440,P0009,Beauty Product 009,Beauty,Central,Bhopal,3,4934.15,10.0,13322.2,11841.96,1480.24,Cash,Completed
O004584,2025-07-01,C00117,P0033,Fashion Product 033,Fashion,South,Hyderabad,5,2460.76,5.0,11688.61,9843.05,1845.56,Card,Completed
O004585,2025-08-19,C00230,P0014,Beauty Product 014,Beauty,East,Bhubaneswar,2,4289.52,10.0,7721.14,6863.24,857.9,Wallet,Completed
O004586,2025-04-16,C00493,P0063,Fashion Product 063,Fashion,West,Pune,4,2531.09,0.0,10124.36,8099.48,2024.88,Wallet,Pending
O004587,2025-11-21,C00178,P0005,Sports Product 005,Sports,West,Ahmedabad,2,7082.09,5.0,13455.97,6616.72,6839.25,Cash,Completed
O004588,2025-03-07,C00135,P0046,Electronics Product 046,Electronics,South,Bengaluru,1,8168.47,20.0,6534.78,358.32,6176.46,UPI,Returned
O004589,2025-11-18,C00452,P0033,Fashion Product 033,Fashion,West,Ahmedabad,2,2460.76,15.0,4183.29,3937.22,246.07,Net Banking,Pending
O004590,2025-11-16,C00458,P0038,Fashion Product 038,Fashion,East,Guwahati,3,2947.65,15.0,7516.51,3633.69,3882.82,Card,Completed
O004591,2025-02-21,C00105,P0076,Electronics Product 076,Electronics,North,Jaipur,2,5803.55,5.0,11026.74,9285.68,1741.06,Wallet,Returned
O004592,2025-09-16,C00086,P0100,Sports Product 100,Sports,North,Jaipur,1,6735.82,5.0,6399.03,4059.62,2339.41,Wallet,Completed
O004593,2025-12-27,C00261,P0011,Electronics Product 011,Electronics,South,Bengaluru,2,8240.08,15.0,14008.14,7575.24,6432.9,UPI,Cancelled
O004594,2025-07-28,C00238,P0010,Sports Product 010,Sports,East,Bhubaneswar,5,1734.32,5.0,8238.02,2290.35,5947.67,Wallet,Completed
O004595,2025-05-04,C00380,P0046,Electronics Product 046,Electronics,East,Kolkata,2,8168.47,15.0,13886.4,716.64,13169.76,Cash,Completed
O004596,2025-11-17,C00273,P0058,Fashion Product 058,Fashion,Central,Bhopal,5,3370.65,5.0,16010.59,13482.6,2527.99,Wallet,Returned
O004597,2025-07-06,C00315,P0016,Electronics Product 016,Electronics,North,Delhi,1,5090.79,0.0,5090.79,4072.63,1018.16,Net Banking,Completed
O004598,2025-02-14,C00018,P0024,Beauty Product 024,Beauty,South,Bengaluru,3,2905.51,10.0,7844.88,6973.23,871.65,Cash,Completed
O004599,2025-04-01,C00013,P0037,Home Product 037,Home,South,Hyderabad,1,7720.82,5.0,7334.78,707.86,6626.92,Wallet,Completed
O004600,2025-09-06,C00107,P0095,Sports Product 095,Sports,North,Delhi,4,2495.1,5.0,9481.38,5498.16,3983.22,Net Banking,Pending
O004601,2025-06-15,C00004,P0049,Beauty Product 049,Beauty,North,Jaipur,5,3123.84,15.0,13276.32,12495.35,780.97,Wallet,Completed
O004602,2025-03-20,C00451,P0046,Electronics Product 046,Electronics,North,Delhi,1,8168.47,0.0,8168.47,358.32,7810.15,Wallet,Completed
O004603,2025-10-18,C00110,P0036,Electronics Product 036,Electronics,North,Delhi,3,4569.04,10.0,12336.41,10965.69,1370.72,Card,Completed
O004604,2025-02-13,C00271,P0060,Sports Product 060,Sports,South,Chennai,2,7633.42,10.0,13740.16,9927.56,3812.6,Net Banking,Completed
O004605,2025-03-21,C00238,P0098,Fashion Product 098,Fashion,East,Bhubaneswar,5,7898.73,5.0,37518.97,2484.1,35034.87,Card,Completed
O004606,2025-06-19,C00132,P0063,Fashion Product 063,Fashion,North,Jaipur,4,2531.09,15.0,8605.71,8099.48,506.23,Wallet,Completed
O004607,2025-01-15,C00305,P0045,Sports Product 045,Sports,South,Chennai,5,3762.55,15.0,15990.84,15050.2,940.64,UPI,Completed
O004608,2025-05-22,C00446,P0003,Fashion Product 003,Fashion,South,Chennai,5,6788.51,15.0,28851.17,19327.05,9524.12,Net Banking,Completed
O004609,2025-11-28,C00349,P0096,Electronics Product 096,Electronics,Central,Indore,4,2784.06,15.0,9465.8,8909.0,556.8,Net Banking,Completed
O004610,2025-12-09,C00104,P0086,Electronics Product 086,Electronics,East,Bhubaneswar,1,7032.55,10.0,6329.3,3793.57,2535.72,Card,Completed
O004611,2025-11-14,C00251,P0061,Electronics Product 061,Electronics,North,Jaipur,2,7647.57,15.0,13000.87,8962.52,4038.35,Wallet,Completed
O004612,2025-04-28,C00010,P0015,Sports Product 015,Sports,West,Mumbai,4,4470.33,20.0,14305.06,14305.04,0.02,Cash,Completed
O004613,2025-01-24,C00036,P0068,Fashion Product 068,Fashion,Central,Indore,1,6082.72,5.0,5778.58,4866.18,912.4,Cash,Pending
O004614,2025-10-24,C00418,P0030,Sports Product 030,Sports,West,Pune,2,3054.9,0.0,6109.8,4887.84,1221.96,Net Banking,Completed
O004615,2025-05-16,C00188,P0087,Home Product 087,Home,South,Bengaluru,1,5255.47,10.0,4729.92,566.15,4163.77,Wallet,Completed
O004616,2025-09-30,C00234,P0007,Home Product 007,Home,East,Guwahati,5,5553.32,15.0,23601.61,20906.25,2695.36,UPI,Completed
O004617,2025-02-13,C00392,P0077,Home Product 077,Home,North,Delhi,1,4076.73,15.0,3465.22,3261.38,203.84,Card,Completed
O004618,2025-09-01,C00065,P0048,Fashion Product 048,Fashion,West,Ahmedabad,2,8002.61,10.0,14404.7,5161.72,9242.98,UPI,Completed
O004619,2025-08-02,C00190,P0002,Home Product 002,Home,East,Guwahati,2,4453.12,10.0,8015.62,7125.0,890.62,UPI,Completed
O004620,2025-12-02,C00385,P0001,Electronics Product 001,Electronics,West,Mumbai,1,4907.86,10.0,4417.07,3926.29,490.78,Cash,Completed
O004621,2025-02-07,C00281,P0024,Beauty Product 024,Beauty,West,Mumbai,4,2905.51,10.0,10459.84,9297.64,1162.2,Card,Completed
O004622,2025-05-29,C00153,P0004,Beauty Product 004,Beauty,South,Chennai,5,3466.38,5.0,16465.31,11946.65,4518.66,Cash,Completed
O004623,2025-12-27,C00094,P0054,Beauty Product 054,Beauty,North,Chandigarh,5,4876.35,10.0,21943.58,19505.4,2438.17,UPI,Completed
O004624,2025-05-22,C00177,P0095,Sports Product 095,Sports,West,Ahmedabad,3,2495.1,5.0,7111.03,4123.62,2987.41,Net Banking,Completed
O004625,2025-08-28,C00090,P0060,Sports Product 060,Sports,South,Bengaluru,3,7633.42,5.0,21755.25,14891.34,6863.91,Wallet,Completed
O004626,2025-02-28,C00213,P0068,Fashion Product 068,Fashion,East,Guwahati,5,6082.72,5.0,28892.92,24330.9,4562.02,UPI,Pending
O004627,2025-09-23,C00231,P0089,Beauty Product 089,Beauty,West,Mumbai,5,5780.76,15.0,24568.23,23123.05,1445.18,Wallet,Cancelled
O004628,2025-04-11,C00443,P0027,Home Product 027,Home,West,Mumbai,3,6771.19,15.0,17266.53,8687.7,8578.83,Card,Completed
O004629,2025-07-28,C00246,P0021,Electronics Product 021,Electronics,Central,Indore,2,4281.14,10.0,7706.05,6849.82,856.23,Net Banking,Cancelled
O004630,2025-11-17,C00142,P0042,Home Product 042,Home,North,Chandigarh,1,2781.36,0.0,2781.36,2225.09,556.27,Wallet,Completed
O004631,2025-08-29,C00083,P0033,Fashion Product 033,Fashion,South,Hyderabad,3,2460.76,15.0,6274.94,5905.83,369.11,Wallet,Completed
O004632,2025-06-22,C00045,P0100,Sports Product 100,Sports,Central,Nagpur,2,6735.82,15.0,11450.89,8119.24,3331.65,Wallet,Completed
O004633,2025-03-11,C00474,P0028,Fashion Product 028,Fashion,South,Hyderabad,3,7012.16,15.0,17881.01,6541.02,11339.99,Cash,Returned
O004634,2025-05-05,C00477,P0004,Beauty Product 004,Beauty,North,Delhi,5,3466.38,0.0,17331.9,11946.65,5385.25,UPI,Completed
O004635,2025-11-06,C00135,P0050,Sports Product 050,Sports,South,Bengaluru,2,4011.29,20.0,6418.06,5446.38,971.68,Cash,Completed
O004636,2025-03-20,C00367,P0018,Fashion Product 018,Fashion,East,Bhubaneswar,1,6795.4,10.0,6115.86,284.97,5830.89,Wallet,Completed
O004637,2025-08-27,C00241,P0087,Home Product 087,Home,North,Chandigarh,4,5255.47,0.0,21021.88,2264.6,18757.28,UPI,Completed
O004638,2025-06-26,C00374,P0072,Home Product 072,Home,East,Kolkata,3,6223.26,10.0,16802.8,12208.77,4594.03,Card,Completed
O004639,2025-04-27,C00344,P0098,Fashion Product 098,Fashion,North,Chandigarh,4,7898.73,10.0,28435.43,1987.28,26448.15,Cash,Completed
O004640,2025-09-18,C00005,P0004,Beauty Product 004,Beauty,West,Pune,4,3466.38,15.0,11785.69,9557.32,2228.37,Net Banking,Completed
O004641,2025-05-12,C00312,P0061,Electronics Product 061,Electronics,East,Kolkata,2,7647.57,0.0,15295.14,8962.52,6332.62,UPI,Returned
O004642,2025-04-15,C00016,P0071,Electronics Product 071,Electronics,West,Ahmedabad,3,5148.93,10.0,13902.11,10643.25,3258.86,Wallet,Completed
O004643,2025-07-12,C00155,P0070,Sports Product 070,Sports,West,Pune,1,4336.1,5.0,4119.3,3468.88,650.41,Wallet,Completed
O004644,2025-10-03,C00347,P0094,Beauty Product 094,Beauty,South,Bengaluru,3,5366.1,5.0,15293.39,12878.64,2414.75,Net Banking,Completed
O004645,2025-11-11,C00294,P0066,Electronics Product 066,Electronics,North,Chandigarh,5,5295.06,5.0,25151.53,5507.6,19643.93,Net Banking,Completed
O004646,2025-08-18,C00274,P0093,Fashion Product 093,Fashion,Central,Nagpur,3,4536.21,15.0,11567.34,5281.38,6285.96,Net Banking,Completed
O004647,2025-08-29,C00479,P0056,Electronics Product 056,Electronics,West,Ahmedabad,4,7138.32,10.0,25697.95,8047.52,17650.43,Net Banking,Completed
O004648,2025-10-14,C00127,P0057,Home Product 057,Home,East,Kolkata,4,8123.2,5.0,30868.16,7025.64,23842.52,Cash,Completed
O004649,2025-04-09,C00101,P0032,Home Product 032,Home,South,Hyderabad,3,2912.1,5.0,8299.48,6179.55,2119.93,UPI,Pending
O004650,2025-04-02,C00357,P0013,Fashion Product 013,Fashion,Central,Nagpur,2,4305.64,0.0,8611.28,1734.26,6877.02,Net Banking,Completed
O004651,2025-06-26,C00166,P0085,Sports Product 085,Sports,South,Bengaluru,4,3007.51,5.0,11428.54,9624.04,1804.5,Net Banking,Returned
O004652,2025-08-18,C00434,P0062,Home Product 062,Home,North,Chandigarh,2,6676.1,0.0,13352.2,3501.32,9850.88,Net Banking,Cancelled
O004653,2025-08-24,C00415,P0018,Fashion Product 018,Fashion,South,Chennai,2,6795.4,10.0,12231.72,569.94,11661.78,Card,Returned
O004654,2025-02-25,C00082,P0054,Beauty Product 054,Beauty,West,Pune,2,4876.35,10.0,8777.43,7802.16,975.27,Wallet,Completed
O004655,2025-10-12,C00011,P0096,Electronics Product 096,Electronics,North,Jaipur,3,2784.06,0.0,8352.18,6681.75,1670.43,Cash,Completed
O004656,2025-05-13,C00446,P0027,Home Product 027,Home,South,Chennai,2,6771.19,5.0,12865.26,5791.8,7073.46,UPI,Completed
O004657,2025-11-16,C00475,P0080,Sports Product 080,Sports,South,Chennai,3,4972.04,10.0,13424.51,11932.89,1491.62,Wallet,Completed
O004658,2025-09-21,C00161,P0095,Sports Product 095,Sports,West,Ahmedabad,1,2495.1,0.0,2495.1,1374.54,1120.56,Cash,Pending
O004659,2025-12-24,C00172,P0086,Electronics Product 086,Electronics,Central,Bhopal,3,7032.55,0.0,21097.65,11380.71,9716.94,UPI,Completed
O004660,2025-08-18,C00318,P0053,Fashion Product 053,Fashion,West,Pune,2,5775.38,0.0,11550.76,3171.72,8379.04,Net Banking,Completed
O004661,2025-07-12,C00479,P0033,Fashion Product 033,Fashion,West,Ahmedabad,5,2460.76,0.0,12303.8,9843.05,2460.75,Net Banking,Completed
O004662,2025-03-10,C00463,P0092,Home Product 092,Home,South,Hyderabad,4,5945.72,15.0,20215.45,12231.72,7983.73,Cash,Completed
O004663,2025-05-26,C00365,P0056,Electronics Product 056,Electronics,West,Ahmedabad,2,7138.32,15.0,12135.14,4023.76,8111.38,Net Banking,Completed
O004664,2025-11-09,C00409,P0056,Electronics Product 056,Electronics,South,Hyderabad,3,7138.32,5.0,20344.21,6035.64,14308.57,Wallet,Pending
O004665,2025-05-20,C00059,P0025,Sports Product 025,Sports,Central,Indore,3,5379.58,5.0,15331.8,12910.98,2420.82,UPI,Returned
O004666,2025-01-20,C00404,P0041,Electronics Product 041,Electronics,East,Kolkata,1,5698.77,0.0,5698.77,3024.47,2674.3,Cash,Completed
O004667,2025-03-31,C00280,P0036,Electronics Product 036,Electronics,South,Chennai,1,4569.04,0.0,4569.04,3655.23,913.81,UPI,Completed
O004668,2025-08-05,C00280,P0015,Sports Product 015,Sports,South,,1,4470.33,5.0,4246.81,3576.26,670.55,Cash,Completed
O004669,2025-08-17,C00174,P0071,Electronics Product 071,Electronics,West,Mumbai,2,5148.93,20.0,8238.29,7095.5,1142.79,UPI,Completed
O004670,2025-12-25,C00274,P0060,Sports Product 060,Sports,Central,Nagpur,3,7633.42,20.0,18320.21,14891.34,3428.87,Card,Completed
O004671,2025-12-06,C00177,P0015,Sports Product 015,Sports,West,Ahmedabad,5,4470.33,0.0,22351.65,17881.3,4470.35,Net Banking,Completed
O004672,2025-07-13,C00102,P0057,Home Product 057,Home,North,Chandigarh,2,8123.2,10.0,14621.76,3512.82,11108.94,Cash,Completed
O004673,2025-07-21,C00193,P0055,Sports Product 055,Sports,West,Mumbai,1,1679.4,5.0,1595.43,1343.52,251.91,Card,Completed
O004674,2025-10-19,C00179,P0072,Home Product 072,Home,East,Guwahati,3,6223.26,10.0,16802.8,12208.77,4594.03,Card,Completed
O004675,2025-01-18,C00335,P0035,Sports Product 035,Sports,North,Chandigarh,4,8253.41,5.0,31362.96,6051.52,25311.44,Card,Returned
O004676,2025-08-05,C00028,P0008,Fashion Product 008,Fashion,East,Kolkata,1,8265.58,15.0,7025.74,1934.0,5091.74,Card,Completed
O004677,2025-06-22,C00198,P0002,Home Product 002,Home,South,Bengaluru,3,4453.12,0.0,13359.36,10687.5,2671.86,UPI,Completed
O004678,2025-10-13,C00471,P0074,Beauty Product 074,Beauty,North,Chandigarh,3,2907.59,15.0,7414.35,6415.5,998.85,Card,Completed
O004679,2025-10-19,C00318,P0060,Sports Product 060,Sports,West,Pune,2,7633.42,0.0,15266.84,9927.56,5339.28,Net Banking,Completed
O004680,2025-08-27,C00083,P0092,Home Product 092,Home,South,Hyderabad,4,5945.72,10.0,21404.59,12231.72,9172.87,Cash,Completed
O004681,2025-08-28,C00042,P0038,Fashion Product 038,Fashion,North,Chandigarh,1,2947.65,10.0,2652.89,1211.23,1441.66,Cash,Completed
O004682,2025-09-09,C00358,P0025,Sports Product 025,Sports,East,Guwahati,3,5379.58,10.0,14524.87,12910.98,1613.89,Card,Pending
O004683,2025-07-31,C00029,P0043,Fashion Product 043,Fashion,West,Pune,3,2271.05,0.0,6813.15,5450.52,1362.63,Cash,Completed
O004684,2025-03-24,C00341,P0077,Home Product 077,Home,North,Jaipur,3,4076.73,15.0,10395.66,9784.14,611.52,Card,Completed
O004685,2025-04-14,C00388,P0011,Electronics Product 011,Electronics,Central,Bhopal,2,8240.08,0.0,16480.16,7575.24,8904.92,Net Banking,Completed
O004686,2025-09-28,C00466,P0044,Beauty Product 044,Beauty,South,Hyderabad,1,3801.64,10.0,3421.48,3041.31,380.17,Net Banking,Completed
O004687,2025-08-14,C00156,P0032,Home Product 032,Home,West,Ahmedabad,1,2912.1,10.0,2620.89,2059.85,561.04,Wallet,Completed
O004688,2025-03-28,C00213,P0048,Fashion Product 048,Fashion,East,Guwahati,4,8002.61,20.0,25608.35,10323.44,15284.91,Net Banking,Completed
O004689,2025-11-16,C00048,P0003,Fashion Product 003,Fashion,South,Hyderabad,5,6788.51,10.0,30548.3,19327.05,11221.25,Wallet,Completed
O004690,2025-12-23,C00376,P0099,Beauty Product 099,Beauty,North,Chandigarh,4,7721.23,0.0,30884.92,17027.92,13857.0,Net Banking,Completed
O004691,2025-08-16,C00258,P0028,Fashion Product 028,Fashion,West,Pune,3,7012.16,15.0,17881.01,6541.02,11339.99,Card,Completed
O004692,2025-03-24,C00303,P0100,Sports Product 100,Sports,North,Delhi,3,6735.82,15.0,17176.34,12178.86,4997.48,Card,Pending
O004693,2025-12-08,C00373,P0084,Beauty Product 084,Beauty,South,Chennai,4,5715.45,20.0,18289.44,9091.76,9197.68,Wallet,Completed
O004694,2025-03-28,C00158,P0036,Electronics Product 036,Electronics,Central,Nagpur,1,4569.04,10.0,4112.14,3655.23,456.91,Wallet,Completed
O004695,2025-06-07,C00027,P0081,Electronics Product 081,Electronics,East,Guwahati,4,6874.54,5.0,26123.25,16759.16,9364.09,UPI,Completed
O004696,2025-11-09,C00002,P0072,Home Product 072,Home,East,Guwahati,3,6223.26,0.0,18669.78,12208.77,6461.01,Card,Completed
O004697,2025-07-09,C00419,P0047,Home Product 047,Home,East,Bhubaneswar,4,4959.99,10.0,17855.96,15871.96,1984.0,UPI,Cancelled
O004698,2025-03-30,C00323,P0098,Fashion Product 098,Fashion,South,Chennai,2,7898.73,0.0,15797.46,993.64,14803.82,Wallet,Completed
O004699,2025-01-30,C00065,P0007,Home Product 007,Home,West,Ahmedabad,2,5553.32,15.0,9440.64,8362.5,1078.14,Cash,Completed
O004700,2025-05-12,C00380,P0093,Fashion Product 093,Fashion,East,Kolkata,4,4536.21,15.0,15423.11,7041.84,8381.27,Cash,Cancelled
O004701,2025-09-02,C00132,P0038,Fashion Product 038,Fashion,North,Jaipur,5,2947.65,20.0,11790.6,6056.15,5734.45,Card,Completed
O004702,2025-09-18,C00220,P0075,Sports Product 075,Sports,Central,Nagpur,2,8144.99,20.0,13031.98,6797.22,6234.76,Net Banking,Completed
O004703,2025-03-23,C00461,P0028,Fashion Product 028,Fashion,West,Mumbai,2,7012.16,10.0,12621.89,4360.68,8261.21,Cash,Pending
O004704,2025-02-27,C00181,P0012,Home Product 012,Home,North,Delhi,3,4256.45,10.0,11492.41,6029.04,5463.37,Cash,Completed
O004705,2025-09-13,C00235,P0037,Home Product 037,Home,South,Bengaluru,4,7720.82,20.0,24706.62,2831.44,21875.18,Wallet,Completed
O004706,2025-02-27,C00168,P0085,Sports Product 085,Sports,South,Chennai,5,3007.51,10.0,13533.8,12030.05,1503.75,Card,Completed
O004707,2025-01-24,C00023,P0064,Beauty Product 064,Beauty,North,Jaipur,2,7994.51,10.0,14390.12,2993.38,11396.74,UPI,Completed
O004708,2025-06-27,C00429,P0070,Sports Product 070,Sports,North,Jaipur,4,4336.1,5.0,16477.18,13875.52,2601.66,Card,Pending
O004709,2025-07-27,C00389,P0059,Beauty Product 059,Beauty,West,Mumbai,1,1289.86,5.0,1225.37,1031.89,193.48,UPI,Completed
O004710,2025-03-30,C00108,P0057,Home Product 057,Home,East,Bhubaneswar,2,8123.2,15.0,13809.44,3512.82,10296.62,Wallet,Completed
O004711,2025-03-18,C00402,P0003,Fashion Product 003,Fashion,West,Pune,1,6788.51,0.0,6788.51,3865.41,2923.1,Net Banking,Returned
O004712,2025-03-27,C00382,P0040,Sports Product 040,Sports,East,Kolkata,3,4584.31,5.0,13065.28,11002.35,2062.93,Cash,Completed
O004713,2025-05-05,C00290,P0042,Home Product 042,Home,South,Chennai,4,2781.36,5.0,10569.17,8900.36,1668.81,Wallet,Completed
O004714,2025-01-04,C00263,P0020,Sports Product 020,Sports,South,Bengaluru,4,3689.4,15.0,12543.96,11806.08,737.88,Net Banking,Completed
O004715,2025-01-05,C00215,P0060,Sports Product 060,Sports,Central,Bhopal,3,7633.42,10.0,20610.23,14891.34,5718.89,Card,Completed
O004716,2025-05-15,C00238,P0064,Beauty Product 064,Beauty,East,Bhubaneswar,5,7994.51,5.0,37973.92,7483.45,30490.47,Net Banking,Completed
O004717,2025-01-08,C00017,P0061,Electronics Product 061,Electronics,North,Delhi,5,7647.57,0.0,38237.85,22406.3,15831.55,Net Banking,Completed
O004718,2025-04-26,C00136,P0089,Beauty Product 089,Beauty,East,Kolkata,1,5780.76,15.0,4913.65,4624.61,289.04,Wallet,Completed
O004719,2025-07-31,C00299,P0026,Electronics Product 026,Electronics,Central,Nagpur,3,2848.75,20.0,6837.0,4759.71,2077.29,Net Banking,Completed
O004720,2025-01-12,C00390,P0079,Beauty Product 079,Beauty,West,Pune,5,6934.89,5.0,32940.73,23409.3,9531.43,UPI,Completed
O004721,2025-08-13,C00194,P0062,Home Product 062,Home,West,Ahmedabad,4,6676.1,10.0,24033.96,7002.64,17031.32,Net Banking,Completed
O004722,2025-08-15,C00311,P0083,Fashion Product 083,Fashion,North,Jaipur,5,3893.45,0.0,19467.25,15573.8,3893.45,Net Banking,Pending
O004723,2025-07-28,C00253,P0036,Electronics Product 036,Electronics,West,Pune,2,4569.04,10.0,8224.27,7310.46,913.81,UPI,Completed
O004724,2025-08-17,C00455,P0078,Fashion Product 078,Fashion,East,Kolkata,1,8229.86,0.0,8229.86,2240.79,5989.07,Net Banking,Completed
O004725,2025-10-22,C00308,P0031,Electronics Product 031,Electronics,North,Jaipur,1,6070.56,15.0,5159.98,973.48,4186.5,Wallet,Pending
O004726,2025-01-26,C00202,P0029,Beauty Product 029,Beauty,North,Delhi,5,1220.38,5.0,5796.81,1789.4,4007.41,,Completed
O004727,2025-03-03,C00110,P0098,Fashion Product 098,Fashion,North,Delhi,4,7898.73,20.0,25275.94,1987.28,23288.66,Cash,Completed
O004728,2025-04-26,C00441,P0081,Electronics Product 081,Electronics,Central,Indore,2,6874.54,5.0,13061.63,8379.58,4682.05,Wallet,Completed
O004729,2025-09-08,C00301,P0095,Sports Product 095,Sports,Central,Nagpur,3,2495.1,5.0,7111.03,4123.62,2987.41,UPI,Completed
O004730,2025-11-14,C00011,P0037,Home Product 037,Home,North,Jaipur,2,7720.82,10.0,13897.48,1415.72,12481.76,Wallet,Completed
O004731,2025-12-01,C00002,P0043,Fashion Product 043,Fashion,East,Guwahati,3,2271.05,5.0,6472.49,5450.52,1021.97,Wallet,Completed
O004732,2025-07-31,C00255,P0076,Electronics Product 076,Electronics,West,Ahmedabad,3,5803.55,5.0,16540.12,13928.52,2611.6,UPI,Pending
O004733,2025-05-30,C00035,P0004,Beauty Product 004,Beauty,Central,Indore,5,3466.38,5.0,16465.31,11946.65,4518.66,Net Banking,Completed
O004734,2025-05-30,C00172,P0037,Home Product 037,Home,Central,Bhopal,4,7720.82,0.0,30883.28,2831.44,28051.84,Card,Completed
O004735,2025-01-22,C00288,P0098,Fashion Product 098,Fashion,North,Jaipur,5,7898.73,0.0,39493.65,2484.1,37009.55,Card,Completed
O004736,2025-06-19,C00166,P0032,Home Product 032,Home,South,Bengaluru,2,2912.1,20.0,4659.36,4119.7,539.66,UPI,Completed
O004737,2025-07-06,C00023,P0046,Electronics Product 046,Electronics,North,Jaipur,5,8168.47,5.0,38800.23,1791.6,37008.63,Card,Completed
O004738,2025-03-17,C00268,P0008,Fashion Product 008,Fashion,East,Guwahati,3,8265.58,20.0,19837.39,5802.0,14035.39,Card,Completed
O004739,2025-10-07,C00267,P0002,Home Product 002,Home,Central,Nagpur,2,4453.12,5.0,8460.93,7125.0,1335.93,Net Banking,Completed
O004740,2025-10-23,C00021,P0071,Electronics Product 071,Electronics,North,Chandigarh,3,5148.93,5.0,14674.45,10643.25,4031.2,Net Banking,Completed
O004741,2025-04-20,C00312,P0001,Electronics Product 001,Electronics,East,Kolkata,3,4907.86,10.0,13251.22,11778.87,1472.35,Cash,Completed
O004742,2025-11-29,C00419,P0022,Home Product 022,Home,East,Bhubaneswar,1,5577.75,10.0,5019.98,3883.74,1136.24,Wallet,Completed
O004743,2025-02-08,C00414,P0069,Beauty Product 069,Beauty,North,Chandigarh,3,2337.25,10.0,6310.57,948.6,5361.98,Net Banking,Cancelled
O004744,2025-11-28,C00293,P0060,Sports Product 060,Sports,South,Hyderabad,3,7633.42,0.0,22900.26,14891.34,8008.92,Wallet,Completed
O004745,2025-10-07,C00111,P0035,Sports Product 035,Sports,West,Ahmedabad,2,8253.41,15.0,14030.8,3025.76,11005.04,Net Banking,Completed
O004746,2025-03-23,C00391,P0019,Beauty Product 019,Beauty,North,Chandigarh,2,6745.83,15.0,11467.91,7199.08,4268.83,Wallet,Completed
O004747,2025-08-25,C00097,P0069,Beauty Product 069,Beauty,East,Bhubaneswar,2,2337.25,20.0,3739.6,632.4,3107.2,Wallet,Completed
O004748,2025-04-24,C00358,P0089,Beauty Product 089,Beauty,East,Guwahati,4,5780.76,20.0,18498.43,18498.44,-0.01,Net Banking,Completed
O004749,2025-10-19,C00167,P0032,Home Product 032,Home,West,Ahmedabad,3,2912.1,10.0,7862.67,6179.55,1683.12,Card,Completed
O004750,2025-02-28,C00127,P0077,Home Product 077,Home,East,Kolkata,2,4076.73,5.0,7745.79,6522.76,1223.03,Cash,Completed
O004751,2025-03-31,C00006,P0068,Fashion Product 068,Fashion,South,Chennai,2,6082.72,0.0,12165.44,9732.36,2433.08,Wallet,Completed
O004752,2025-04-22,C00077,P0083,Fashion Product 083,Fashion,South,Bengaluru,1,3893.45,15.0,3309.43,3114.76,194.67,Wallet,Completed
O004753,2025-03-14,C00414,P0009,Beauty Product 009,Beauty,North,Chandigarh,2,4934.15,15.0,8388.05,7894.64,493.41,UPI,Completed
O004754,2025-05-02,C00276,P0019,Beauty Product 019,Beauty,East,Bhubaneswar,2,6745.83,20.0,10793.33,7199.08,3594.25,UPI,Completed
O004755,2025-08-08,C00330,P0083,Fashion Product 083,Fashion,East,Guwahati,2,3893.45,0.0,7786.9,6229.52,1557.38,Wallet,Completed
O004756,2025-08-19,C00441,P0023,Fashion Product 023,Fashion,Central,Indore,5,3632.79,0.0,18163.95,14531.15,3632.8,Card,Completed
O004757,2025-07-21,C00125,P0089,Beauty Product 089,Beauty,South,Bengaluru,5,5780.76,10.0,26013.42,23123.05,2890.37,UPI,Pending
O004758,2025-03-11,C00414,P0008,Fashion Product 008,Fashion,North,Chandigarh,2,8265.58,15.0,14051.49,3868.0,10183.49,Cash,Returned
O004759,2025-03-15,C00345,P0076,Electronics Product 076,Electronics,West,Mumbai,5,5803.55,5.0,27566.86,23214.2,4352.66,Net Banking,Completed
O004760,2025-12-01,C00306,P0041,Electronics Product 041,Electronics,West,Mumbai,2,5698.77,10.0,10257.79,6048.94,4208.85,Card,Completed
O004761,2025-04-02,C00208,P0024,Beauty Product 024,Beauty,East,Bhubaneswar,2,2905.51,0.0,5811.02,4648.82,1162.2,Wallet,Pending
O004762,2025-02-07,C00301,P0097,Home Product 097,Home,Central,Nagpur,2,3422.29,0.0,6844.58,5475.66,1368.92,Card,Completed
O004763,2025-06-15,C00456,P0074,Beauty Product 074,Beauty,North,Jaipur,4,2907.59,15.0,9885.81,8554.0,1331.81,Cash,Completed
O004764,2025-01-03,C00379,P0028,Fashion Product 028,Fashion,North,Delhi,1,7012.16,5.0,6661.55,2180.34,4481.21,UPI,Completed
O004765,2025-05-05,C00444,P0060,Sports Product 060,Sports,South,Bengaluru,5,7633.42,15.0,32442.03,24818.9,7623.13,Net Banking,Completed
O004766,2025-11-08,C00227,P0021,Electronics Product 021,Electronics,East,Kolkata,2,4281.14,5.0,8134.17,6849.82,1284.35,Wallet,Completed
O004767,2025-04-08,C00208,P0056,Electronics Product 056,Electronics,East,Bhubaneswar,2,7138.32,0.0,14276.64,4023.76,10252.88,Cash,Completed
O004768,2025-09-14,C00172,P0018,Fashion Product 018,Fashion,Central,Bhopal,5,6795.4,10.0,30579.3,1424.85,29154.45,,Completed
O004769,2025-06-28,C00408,P0099,Beauty Product 099,Beauty,Central,Indore,2,7721.23,15.0,13126.09,8513.96,4612.13,Card,Completed
O004770,2025-05-10,C00009,P0007,Home Product 007,Home,North,Chandigarh,5,5553.32,10.0,24989.94,20906.25,4083.69,Cash,Completed
O004771,2025-08-29,C00162,P0093,Fashion Product 093,Fashion,Central,Bhopal,4,4536.21,5.0,17237.6,7041.84,10195.76,Net Banking,Cancelled
O004772,2025-08-05,C00224,P0035,Sports Product 035,Sports,South,Hyderabad,3,8253.41,10.0,22284.21,4538.64,17745.57,Net Banking,Cancelled
O004773,2025-04-26,C00435,P0089,Beauty Product 089,Beauty,South,Chennai,1,5780.76,0.0,5780.76,4624.61,1156.15,Net Banking,Completed
O004774,2025-03-23,C00389,P0092,Home Product 092,Home,West,Mumbai,3,5945.72,0.0,17837.16,9173.79,8663.37,Net Banking,Returned
O004775,2025-11-30,C00267,P0003,Fashion Product 003,Fashion,Central,Nagpur,3,6788.51,15.0,17310.7,11596.23,5714.47,Net Banking,Completed
O004776,2025-03-03,C00252,P0023,Fashion Product 023,Fashion,East,Guwahati,3,3632.79,15.0,9263.61,8718.69,544.92,Wallet,Completed
O004777,2025-12-16,C00233,P0029,Beauty Product 029,Beauty,North,Chandigarh,3,1220.38,0.0,3661.14,1073.64,2587.5,Wallet,Completed
O004778,2025-06-21,C00418,P0038,Fashion Product 038,Fashion,West,Pune,1,2947.65,10.0,2652.89,1211.23,1441.66,Net Banking,Completed
O004779,2025-12-29,C00281,P0006,Electronics Product 006,Electronics,West,Mumbai,5,4936.68,15.0,20980.89,6646.9,14333.99,Card,Completed
O004780,2025-05-09,C00073,P0068,Fashion Product 068,Fashion,West,Pune,2,6082.72,10.0,10948.9,9732.36,1216.54,Cash,Completed
O004781,2025-07-25,C00216,P0009,Beauty Product 009,Beauty,North,Jaipur,1,4934.15,10.0,4440.73,3947.32,493.41,,Completed
O004782,2025-08-12,C00308,P0051,Electronics Product 051,Electronics,North,Jaipur,2,7669.29,10.0,13804.72,8349.78,5454.94,Wallet,Returned
O004783,2025-05-04,C00102,P0059,Beauty Product 059,Beauty,North,Chandigarh,4,1289.86,5.0,4901.47,4127.56,773.91,Net Banking,Completed
O004784,2025-03-21,C00478,P0085,Sports Product 085,Sports,East,Bhubaneswar,2,3007.51,0.0,6015.02,4812.02,1203.0,Wallet,Completed
O004785,2025-07-09,C00098,P0045,Sports Product 045,Sports,Central,Bhopal,3,3762.55,,9594.5,9030.12,564.38,Wallet,Completed
O004786,2025-08-30,C00289,P0057,Home Product 057,Home,South,Bengaluru,3,8123.2,15.0,20714.16,5269.23,15444.93,Cash,Completed
O004787,2025-04-06,C00127,P0051,Electronics Product 051,Electronics,East,Kolkata,3,7669.29,10.0,20707.08,12524.67,8182.41,Net Banking,Pending
O004788,2025-10-07,C00201,P0032,Home Product 032,Home,West,Mumbai,2,2912.1,0.0,5824.2,4119.7,1704.5,Card,Pending
O004789,2025-08-21,C00180,P0075,Sports Product 075,Sports,North,Jaipur,4,8144.99,10.0,29321.96,13594.44,15727.52,Net Banking,Completed
O004790,2025-03-02,C00209,P0098,Fashion Product 098,Fashion,West,Pune,3,7898.73,10.0,21326.57,1490.46,19836.11,Net Banking,Completed
O004791,2025-12-08,C00416,P0044,Beauty Product 044,Beauty,Central,Indore,5,3801.64,5.0,18057.79,15206.55,2851.24,Wallet,Completed
O004792,2025-01-16,C00096,P0015,Sports Product 015,Sports,North,Chandigarh,3,4470.33,15.0,11399.34,10728.78,670.56,Cash,Completed
O004793,2025-08-26,C00394,P0096,Electronics Product 096,Electronics,North,Chandigarh,5,2784.06,5.0,13224.28,11136.25,2088.03,Card,Completed
O004794,2025-06-10,C00250,P0021,Electronics Product 021,Electronics,Central,Nagpur,4,4281.14,0.0,17124.56,13699.64,3424.92,UPI,Completed
O004795,2025-08-26,C00200,P0020,Sports Product 020,Sports,South,Hyderabad,2,3689.4,10.0,6640.92,5903.04,737.88,UPI,Completed
O004796,2025-10-09,C00088,P0090,Sports Product 090,Sports,North,Jaipur,3,1423.92,0.0,4271.76,2938.98,1332.78,Net Banking,Completed
O004797,2025-09-08,C00500,P0023,Fashion Product 023,Fashion,Central,Indore,3,3632.79,,9808.53,8718.69,1089.84,UPI,Pending
O004798,2025-08-25,C00196,P0065,Sports Product 065,Sports,East,Guwahati,1,7148.9,15.0,6076.56,833.1,5243.46,Card,Completed
O004799,2025-11-03,C00356,P0067,Home Product 067,Home,Central,Indore,2,2982.59,0.0,5965.18,2366.12,3599.06,UPI,Completed
O004800,2025-09-13,C00188,P0010,Sports Product 010,Sports,South,Bengaluru,2,1734.32,20.0,2774.91,916.14,1858.77,UPI,Completed
O004801,2025-10-24,C00336,P0090,Sports Product 090,Sports,South,Chennai,4,1423.92,20.0,4556.54,3918.64,637.9,UPI,Completed
O004802,2025-05-27,C00496,P0042,Home Product 042,Home,Central,Nagpur,4,2781.36,20.0,8900.35,8900.36,-0.01,Wallet,Completed
O004803,2025-03-15,C00486,P0080,Sports Product 080,Sports,West,Pune,4,4972.04,5.0,18893.75,15910.52,2983.23,Card,Completed
O004804,2025-03-27,C00107,P0026,Electronics Product 026,Electronics,North,Delhi,4,2848.75,0.0,11395.0,6346.28,5048.72,Cash,Completed
O004805,2025-08-11,C00382,P0032,Home Product 032,Home,East,Kolkata,1,2912.1,15.0,2475.28,2059.85,415.43,Net Banking,Completed
O004806,2025-07-13,C00337,P0046,Electronics Product 046,Electronics,North,Chandigarh,1,8168.47,20.0,6534.78,358.32,6176.46,UPI,Completed
O004807,2025-01-29,C00298,P0091,Electronics Product 091,Electronics,East,Guwahati,4,1897.13,15.0,6450.24,2052.52,4397.72,UPI,Completed
O004808,2025-03-16,C00350,P0013,Fashion Product 013,Fashion,East,Bhubaneswar,5,4305.64,10.0,19375.38,4335.65,15039.73,Net Banking,Completed
O004809,2025-12-19,C00253,P0093,Fashion Product 093,Fashion,West,Pune,5,4536.21,20.0,18144.84,8802.3,9342.54,Wallet,Completed
O004810,2025-09-22,C00168,P0016,Electronics Product 016,Electronics,South,Chennai,4,5090.79,15.0,17308.69,16290.52,1018.17,Net Banking,Completed
O004811,2025-10-02,C00380,P0016,Electronics Product 016,Electronics,East,Kolkata,4,5090.79,10.0,18326.84,16290.52,2036.32,UPI,Completed
O004812,2025-03-13,C00162,P0061,Electronics Product 061,Electronics,Central,Bhopal,5,7647.57,0.0,38237.85,22406.3,15831.55,Card,Completed
O004813,2025-01-24,C00477,P0095,Sports Product 095,Sports,North,Delhi,5,2495.1,0.0,12475.5,6872.7,5602.8,Cash,Pending
O004814,2025-04-17,C00200,P0065,Sports Product 065,Sports,South,Hyderabad,4,7148.9,0.0,28595.6,3332.4,25263.2,Net Banking,Completed
O004815,2025-11-08,C00457,P0046,Electronics Product 046,Electronics,West,Ahmedabad,1,8168.47,15.0,6943.2,358.32,6584.88,,Completed
O004816,2025-07-04,C00009,P0096,Electronics Product 096,Electronics,North,Chandigarh,1,2784.06,5.0,2644.86,2227.25,417.61,Card,Completed
O004817,2025-10-13,C00377,P0038,Fashion Product 038,Fashion,East,Bhubaneswar,5,2947.65,0.0,14738.25,6056.15,8682.1,Cash,Completed
O004818,2025-06-27,C00381,P0013,Fashion Product 013,Fashion,West,Ahmedabad,1,4305.64,10.0,3875.08,867.13,3007.95,Wallet,Completed
O004819,2025-06-28,C00489,P0052,Home Product 052,Home,North,Chandigarh,3,3602.09,10.0,9725.64,8645.01,1080.63,Card,Completed
O004820,2025-08-07,C00277,P0067,Home Product 067,Home,West,Ahmedabad,2,2982.59,10.0,5368.66,2366.12,3002.54,Card,Completed
O004821,2025-12-16,C00110,P0004,Beauty Product 004,Beauty,North,Delhi,2,3466.38,0.0,6932.76,4778.66,2154.1,UPI,Returned
O004822,2025-06-09,C00150,P0004,Beauty Product 004,Beauty,Central,Nagpur,3,3466.38,10.0,9359.23,7167.99,2191.24,Net Banking,Completed
O004823,2025-08-05,C00323,P0026,Electronics Product 026,Electronics,South,Chennai,4,2848.75,15.0,9685.75,6346.28,3339.47,Wallet,Completed
O004824,2025-12-01,C00041,P0098,Fashion Product 098,Fashion,West,Ahmedabad,1,7898.73,15.0,6713.92,496.82,6217.1,Wallet,Completed
O004825,2025-05-16,C00188,P0034,Beauty Product 034,Beauty,South,Bengaluru,2,7768.65,0.0,15537.3,9638.02,5899.28,Card,Cancelled
O004826,2025-11-02,C00044,P0084,Beauty Product 084,Beauty,Central,Indore,4,5715.45,5.0,21718.71,9091.76,12626.95,Cash,Completed
O004827,2025-07-14,C00331,P0077,Home Product 077,Home,North,Delhi,4,4076.73,10.0,14676.23,13045.52,1630.71,UPI,Completed
O004828,2025-11-16,C00068,P0096,Electronics Product 096,Electronics,Central,Indore,4,2784.06,15.0,9465.8,8909.0,556.8,Cash,Returned
O004829,2025-06-20,C00038,P0090,Sports Product 090,Sports,South,Bengaluru,2,1423.92,10.0,2563.06,1959.32,603.74,Card,Completed
O004830,2025-08-18,C00318,P0030,Sports Product 030,Sports,West,Pune,1,3054.9,10.0,2749.41,2443.92,305.49,Wallet,Pending
O004831,2025-04-28,C00317,P0093,Fashion Product 093,Fashion,North,Jaipur,3,4536.21,0.0,13608.63,5281.38,8327.25,Wallet,Completed
O004832,2025-08-20,C00369,P0040,Sports Product 040,Sports,West,Pune,1,4584.31,20.0,3667.45,3667.45,-0.0,Wallet,Completed
O004833,2025-04-29,C00056,P0050,Sports Product 050,Sports,West,Ahmedabad,4,4011.29,0.0,16045.16,10892.76,5152.4,Net Banking,Completed
O004834,2025-08-10,C00134,P0040,Sports Product 040,Sports,Central,Nagpur,1,4584.31,10.0,4125.88,3667.45,458.43,Card,Completed
O004835,2025-10-15,C00120,P0072,Home Product 072,Home,South,Chennai,5,6223.26,20.0,24893.04,20347.95,4545.09,Cash,Returned
O004836,2025-06-08,C00170,P0081,Electronics Product 081,Electronics,North,Delhi,5,6874.54,15.0,29216.79,20948.95,8267.84,Card,Completed
O004837,2025-06-06,C00497,P0030,Sports Product 030,Sports,South,Bengaluru,4,3054.9,15.0,10386.66,9775.68,610.98,UPI,Completed
O004838,2025-04-28,C00301,P0083,Fashion Product 083,Fashion,Central,Nagpur,5,3893.45,15.0,16547.16,15573.8,973.36,UPI,Completed
O004839,2025-09-23,C00076,P0067,Home Product 067,Home,Central,Nagpur,3,2982.59,0.0,8947.77,3549.18,5398.59,UPI,Completed
O004840,2025-08-04,C00411,P0010,Sports Product 010,Sports,North,Chandigarh,1,1734.32,20.0,1387.46,458.07,929.39,UPI,Completed
O004841,2025-07-07,C00093,P0046,Electronics Product 046,Electronics,North,Chandigarh,1,8168.47,15.0,6943.2,358.32,6584.88,Cash,Completed
O004842,2025-01-10,C00246,P0048,Fashion Product 048,Fashion,Central,Indore,4,8002.61,10.0,28809.4,10323.44,18485.96,Wallet,Completed
O004843,2025-02-10,C00368,P0057,Home Product 057,Home,East,Guwahati,5,8123.2,5.0,38585.2,8782.05,29803.15,Net Banking,Completed
O004844,2025-01-03,C00242,P0093,Fashion Product 093,Fashion,South,Bengaluru,2,4536.21,5.0,8618.8,3520.92,5097.88,UPI,Completed
O004845,2025-11-06,C00358,P0036,Electronics Product 036,Electronics,East,Guwahati,5,4569.04,10.0,20560.68,18276.15,2284.53,Net Banking,Completed
O004846,2025-11-06,C00468,P0097,Home Product 097,Home,West,Mumbai,4,3422.29,0.0,13689.16,10951.32,2737.84,Net Banking,Completed
O004847,2025-01-25,C00172,P0046,Electronics Product 046,Electronics,Central,Bhopal,4,8168.47,15.0,27772.8,1433.28,26339.52,UPI,Completed
O004848,2025-01-17,C00018,P0024,Beauty Product 024,Beauty,South,Bengaluru,3,2905.51,5.0,8280.7,6973.23,1307.47,Card,Completed
O004849,2025-10-12,C00280,P0068,Fashion Product 068,Fashion,South,Chennai,5,6082.72,20.0,24330.88,24330.9,-0.02,Net Banking,Cancelled
O004850,2025-07-11,C00469,P0038,Fashion Product 038,Fashion,North,,4,2947.65,0.0,11790.6,4844.92,6945.68,UPI,Completed
O004851,2025-04-23,C00204,P0084,Beauty Product 084,Beauty,Central,Bhopal,4,5715.45,15.0,19432.53,9091.76,10340.77,Net Banking,Completed
O004852,2025-08-12,C00361,P0089,Beauty Product 089,Beauty,East,Kolkata,5,5780.76,5.0,27458.61,23123.05,4335.56,Net Banking,Completed
O004853,2025-03-28,C00113,P0098,Fashion Product 098,Fashion,South,Bengaluru,4,7898.73,15.0,26855.68,1987.28,24868.4,UPI,Completed
O004854,2025-03-14,C00043,P0013,Fashion Product 013,Fashion,East,Guwahati,5,4305.64,20.0,17222.56,4335.65,12886.91,Net Banking,Completed
O004855,2025-05-14,C00243,P0076,Electronics Product 076,Electronics,Central,Nagpur,2,5803.55,10.0,10446.39,9285.68,1160.71,UPI,Cancelled
O004856,2025-11-23,C00214,P0040,Sports Product 040,Sports,North,Jaipur,3,4584.31,5.0,13065.28,11002.35,2062.93,Card,Returned
O004857,2025-10-07,C00144,P0050,Sports Product 050,Sports,South,Bengaluru,4,4011.29,5.0,15242.9,10892.76,4350.14,Net Banking,Completed
O004858,2025-03-11,C00061,P0051,Electronics Product 051,Electronics,East,Guwahati,2,7669.29,15.0,13037.79,8349.78,4688.01,Cash,Completed
O004859,2025-07-24,C00058,P0027,Home Product 027,Home,Central,Bhopal,3,6771.19,10.0,18282.21,8687.7,9594.51,Net Banking,Completed
O004860,2025-11-18,C00335,P0057,Home Product 057,Home,North,Chandigarh,1,8123.2,5.0,7717.04,1756.41,5960.63,Card,Cancelled
O004861,2025-12-13,C00285,P0078,Fashion Product 078,Fashion,North,Delhi,1,8229.86,0.0,8229.86,2240.79,5989.07,Card,Completed
O004862,2025-10-05,C00493,P0094,Beauty Product 094,Beauty,West,Pune,5,5366.1,15.0,22805.92,21464.4,1341.52,UPI,Completed
O004863,2025-02-16,C00126,P0013,Fashion Product 013,Fashion,Central,Bhopal,5,4305.64,5.0,20451.79,4335.65,16116.14,Net Banking,Completed
O004864,2025-03-29,C00219,P0054,Beauty Product 054,Beauty,North,Jaipur,4,4876.35,15.0,16579.59,15604.32,975.27,UPI,Completed
O004865,2025-03-21,C00418,P0066,Electronics Product 066,Electronics,West,Pune,3,5295.06,10.0,14296.66,3304.56,10992.1,Card,Completed
O004866,2025-02-24,C00319,P0021,Electronics Product 021,Electronics,East,Guwahati,4,4281.14,0.0,17124.56,13699.64,3424.92,Wallet,Completed
O004867,2025-03-05,C00479,P0096,Electronics Product 096,Electronics,West,Ahmedabad,2,2784.06,0.0,5568.12,4454.5,1113.62,Card,Completed
O004868,2025-04-26,C00231,P0038,Fashion Product 038,Fashion,West,Mumbai,2,2947.65,15.0,5011.01,2422.46,2588.55,Wallet,Completed
O004869,2025-07-22,C00258,P0065,Sports Product 065,Sports,West,Pune,4,7148.9,15.0,24306.26,3332.4,20973.86,Card,Returned
O004870,2025-05-25,C00090,P0052,Home Product 052,Home,South,Bengaluru,2,3602.09,0.0,7204.18,5763.34,1440.84,Net Banking,Completed
O004871,2025-06-03,C00095,P0003,Fashion Product 003,Fashion,West,Ahmedabad,3,6788.51,0.0,20365.53,11596.23,8769.3,Net Banking,Cancelled
O004872,2025-03-31,C00352,P0057,Home Product 057,Home,East,Bhubaneswar,4,8123.2,10.0,29243.52,7025.64,22217.88,Wallet,Completed
O004873,2025-02-24,C00483,P0067,Home Product 067,Home,Central,Bhopal,3,2982.59,10.0,8052.99,3549.18,4503.81,UPI,Completed
O004874,2025-12-30,C00445,P0031,Electronics Product 031,Electronics,North,Delhi,3,6070.56,10.0,16390.51,2920.44,13470.07,Cash,Completed
O004875,2025-08-07,C00271,P0012,Home Product 012,Home,South,Chennai,4,4256.45,5.0,16174.51,8038.72,8135.79,Wallet,Completed
O004876,2025-03-25,C00429,P0043,Fashion Product 043,Fashion,North,Jaipur,1,2271.05,15.0,1930.39,1816.84,113.55,Net Banking,Completed
O004877,2025-10-22,C00489,P0007,Home Product 007,Home,North,Chandigarh,5,5553.32,10.0,24989.94,20906.25,4083.69,Net Banking,Completed
O004878,2025-10-30,C00050,P0061,Electronics Product 061,Electronics,South,Hyderabad,1,7647.57,5.0,7265.19,4481.26,2783.93,Net Banking,Completed
O004879,2025-12-18,C00037,P0041,Electronics Product 041,Electronics,Central,Bhopal,2,5698.77,10.0,10257.79,6048.94,4208.85,Cash,Completed
O004880,2025-02-27,C00282,P0011,Electronics Product 011,Electronics,Central,Nagpur,3,8240.08,10.0,22248.22,11362.86,10885.36,,Completed
O004881,2025-08-21,C00045,P0062,Home Product 062,Home,Central,Nagpur,4,6676.1,15.0,22698.74,7002.64,15696.1,Net Banking,Pending
O004882,2025-12-23,C00454,P0053,Fashion Product 053,Fashion,West,Mumbai,2,5775.38,0.0,11550.76,3171.72,8379.04,UPI,Completed
O004883,2025-10-21,C00294,P0038,Fashion Product 038,Fashion,North,Chandigarh,5,2947.65,5.0,14001.34,6056.15,7945.19,Wallet,Cancelled
O004884,2025-03-24,C00219,P0032,Home Product 032,Home,North,Jaipur,2,2912.1,10.0,5241.78,4119.7,1122.08,Wallet,Returned
O004885,2025-11-22,C00082,P0033,Fashion Product 033,Fashion,West,Pune,1,2460.76,15.0,2091.65,1968.61,123.04,UPI,Returned
O004886,2025-06-03,C00364,P0056,Electronics Product 056,Electronics,South,Chennai,5,7138.32,15.0,30337.86,10059.4,20278.46,Card,Completed
O004887,2025-06-27,C00251,P0011,Electronics Product 011,Electronics,North,Jaipur,5,8240.08,10.0,37080.36,18938.1,18142.26,UPI,Pending
O004888,2025-07-23,C00135,P0088,Fashion Product 088,Fashion,South,Bengaluru,2,5208.94,0.0,10417.88,8334.3,2083.58,Net Banking,Completed
O004889,2025-10-08,C00391,P0033,Fashion Product 033,Fashion,North,Chandigarh,3,2460.76,0.0,7382.28,5905.83,1476.45,Card,Completed
O004890,2025-02-13,C00446,P0075,Sports Product 075,Sports,South,Chennai,3,8144.99,10.0,21991.47,10195.83,11795.64,Card,Completed
O004891,2025-07-16,C00495,P0051,Electronics Product 051,Electronics,East,Guwahati,4,7669.29,15.0,26075.59,16699.56,9376.03,Wallet,Returned
O004892,2025-10-25,C00418,P0070,Sports Product 070,Sports,West,Pune,2,4336.1,0.0,8672.2,6937.76,1734.44,Net Banking,Completed
O004893,2025-07-19,C00186,P0007,Home Product 007,Home,North,Jaipur,1,5553.32,20.0,4442.66,4181.25,261.41,Card,Pending
O004894,2025-04-10,C00344,P0060,Sports Product 060,Sports,North,Chandigarh,3,7633.42,15.0,19465.22,14891.34,4573.88,UPI,Completed
O004895,2025-01-21,C00050,P0045,Sports Product 045,Sports,South,Hyderabad,4,3762.55,,14297.69,12040.16,2257.53,Cash,Completed
O004896,2025-07-19,C00121,P0089,Beauty Product 089,Beauty,North,Jaipur,4,5780.76,5.0,21966.89,18498.44,3468.45,Cash,Completed
O004897,2025-09-14,C00224,P0010,Sports Product 010,Sports,South,Hyderabad,4,1734.32,0.0,6937.28,1832.28,5105.0,Cash,Returned
O004898,2025-07-20,C00454,P0100,Sports Product 100,Sports,West,Mumbai,1,6735.82,15.0,5725.45,4059.62,1665.83,Net Banking,Completed
O004899,2025-12-23,C00488,P0027,Home Product 027,Home,East,Bhubaneswar,2,6771.19,15.0,11511.02,5791.8,5719.22,Cash,Completed
O004900,2025-08-08,C00385,P0090,Sports Product 090,Sports,West,Mumbai,2,1423.92,10.0,2563.06,1959.32,603.74,Cash,Completed
O004901,2025-07-04,C00295,P0053,Fashion Product 053,Fashion,West,Mumbai,5,5775.38,20.0,23101.52,7929.3,15172.22,UPI,Pending
O004902,2025-01-21,C00157,P0041,Electronics Product 041,Electronics,Central,Bhopal,4,5698.77,10.0,20515.57,12097.88,8417.69,Wallet,Completed
O004903,2025-07-23,C00441,P0082,Home Product 082,Home,Central,Indore,3,5348.13,5.0,15242.17,8313.48,6928.69,Wallet,Completed
O004904,2025-03-03,C00081,P0072,Home Product 072,Home,Central,Nagpur,2,6223.26,10.0,11201.87,8139.18,3062.69,Net Banking,Completed
O004905,2025-09-21,C00405,P0039,Beauty Product 039,Beauty,West,Mumbai,1,7352.91,15.0,6249.97,1089.67,5160.3,Cash,Completed
O004906,2025-02-28,C00213,P0060,Sports Product 060,Sports,East,Guwahati,5,7633.42,15.0,32442.03,24818.9,7623.13,Cash,Completed
O004907,2025-11-27,C00301,P0012,Home Product 012,Home,Central,Nagpur,2,4256.45,10.0,7661.61,4019.36,3642.25,UPI,Completed
O004908,2025-04-20,C00106,P0072,Home Product 072,Home,South,Chennai,3,6223.26,5.0,17736.29,12208.77,5527.52,Cash,Completed
O004909,2025-06-07,C00315,P0054,Beauty Product 054,Beauty,North,Delhi,5,4876.35,10.0,21943.58,19505.4,2438.17,UPI,Completed
O004910,2025-02-22,C00498,P0022,Home Product 022,Home,South,Bengaluru,1,5577.75,10.0,5019.98,3883.74,1136.24,Wallet,Completed
O004911,2025-03-18,C00075,P0051,Electronics Product 051,Electronics,South,Chennai,2,7669.29,0.0,15338.58,8349.78,6988.8,UPI,Completed
O004912,2025-12-02,C00184,P0074,Beauty Product 074,Beauty,West,Mumbai,1,2907.59,0.0,2907.59,2138.5,769.09,Net Banking,Completed
O004913,2025-04-14,C00475,P0089,Beauty Product 089,Beauty,South,Chennai,2,5780.76,10.0,10405.37,9249.22,1156.15,UPI,Returned
O004914,2025-07-06,C00494,P0007,Home Product 007,Home,West,Mumbai,1,5553.32,15.0,4720.32,4181.25,539.07,Cash,Completed
O004915,2025-12-24,C00070,P0037,Home Product 037,Home,South,Chennai,2,7720.82,20.0,12353.31,1415.72,10937.59,UPI,Completed
O004916,2025-08-15,C00221,P0053,Fashion Product 053,Fashion,North,Delhi,5,5775.38,0.0,28876.9,7929.3,20947.6,UPI,Completed
O004917,2025-01-16,C00141,P0006,Electronics Product 006,Electronics,Central,Nagpur,5,4936.68,0.0,24683.4,6646.9,18036.5,Card,Returned
O004918,2025-05-11,C00169,P0018,Fashion Product 018,Fashion,West,Mumbai,4,6795.4,5.0,25822.52,1139.88,24682.64,Card,Completed
O004919,2025-05-21,C00323,P0059,Beauty Product 059,Beauty,South,Chennai,3,1289.86,5.0,3676.1,3095.67,580.43,Net Banking,Completed
O004920,2025-04-11,C00007,P0063,Fashion Product 063,Fashion,East,Bhubaneswar,2,2531.09,0.0,5062.18,4049.74,1012.44,UPI,Completed
O004921,2025-03-29,C00252,P0036,Electronics Product 036,Electronics,East,Guwahati,4,4569.04,15.0,15534.74,14620.92,913.82,Net Banking,Pending
O004922,2025-07-03,C00087,P0098,Fashion Product 098,Fashion,Central,Bhopal,5,7898.73,10.0,35544.28,2484.1,33060.18,Card,Completed
O004923,2025-05-18,C00056,P0023,Fashion Product 023,Fashion,West,Ahmedabad,1,3632.79,0.0,3632.79,2906.23,726.56,Wallet,Completed
O004924,2025-04-18,C00192,P0031,Electronics Product 031,Electronics,East,Kolkata,4,6070.56,5.0,23068.13,3893.92,19174.21,UPI,Cancelled
O004925,2025-05-31,C00018,P0001,Electronics Product 001,Electronics,South,Bengaluru,3,4907.86,5.0,13987.4,11778.87,2208.53,Cash,Completed
O004926,2025-05-06,C00453,P0026,Electronics Product 026,Electronics,North,Delhi,5,2848.75,5.0,13531.56,7932.85,5598.71,UPI,Completed
O004927,2025-03-25,C00024,P0095,Sports Product 095,Sports,North,Jaipur,4,2495.1,0.0,9980.4,5498.16,4482.24,Net Banking,Completed
O004928,2025-06-14,C00165,P0049,Beauty Product 049,Beauty,North,Jaipur,2,3123.84,20.0,4998.14,4998.14,0.0,UPI,Completed
O004929,2025-12-09,C00093,P0073,Fashion Product 073,Fashion,North,Chandigarh,4,1490.03,0.0,5960.12,3490.08,2470.04,Cash,Completed
O004930,2025-07-04,C00211,P0093,Fashion Product 093,Fashion,North,Jaipur,1,4536.21,5.0,4309.4,1760.46,2548.94,Card,Returned
O004931,2025-08-06,C00439,P0016,Electronics Product 016,Electronics,Central,Bhopal,2,5090.79,0.0,10181.58,8145.26,2036.32,Cash,Completed
O004932,2025-12-25,C00167,P0082,Home Product 082,Home,West,Ahmedabad,1,5348.13,10.0,4813.32,2771.16,2042.16,Wallet,Pending
O004933,2025-08-12,C00436,P0001,Electronics Product 001,Electronics,East,Kolkata,3,4907.86,5.0,13987.4,11778.87,2208.53,Cash,Completed
O004934,2025-03-23,C00087,P0048,Fashion Product 048,Fashion,Central,Bhopal,3,8002.61,10.0,21607.05,7742.58,13864.47,Cash,Completed
O004935,2025-05-26,C00043,P0078,Fashion Product 078,Fashion,East,Guwahati,4,8229.86,0.0,32919.44,8963.16,23956.28,Net Banking,Completed
O004936,2025-06-27,C00093,P0093,Fashion Product 093,Fashion,North,Chandigarh,5,4536.21,10.0,20412.94,8802.3,11610.65,,Completed
O004937,2025-06-22,C00117,P0011,Electronics Product 011,Electronics,South,Hyderabad,5,8240.08,15.0,35020.34,18938.1,16082.24,UPI,Completed
O004938,2025-02-24,C00097,P0073,Fashion Product 073,Fashion,East,Bhubaneswar,3,1490.03,5.0,4246.59,2617.56,1629.03,Net Banking,Completed
O004939,2025-02-08,C00015,P0065,Sports Product 065,Sports,West,Ahmedabad,5,7148.9,15.0,30382.83,4165.5,26217.33,Net Banking,Completed
O004940,2025-05-08,C00416,P0039,Beauty Product 039,Beauty,Central,Indore,2,7352.91,0.0,14705.82,2179.34,12526.48,Net Banking,Completed
O004941,2025-11-29,C00247,P0024,Beauty Product 024,Beauty,East,Bhubaneswar,2,2905.51,10.0,5229.92,4648.82,581.1,Wallet,Completed
O004942,2025-09-19,C00163,P0074,Beauty Product 074,Beauty,Central,Indore,5,2907.59,15.0,12357.26,10692.5,1664.76,Wallet,Completed
O004943,2025-11-03,C00158,P0009,Beauty Product 009,Beauty,Central,Nagpur,5,4934.15,5.0,23437.21,19736.6,3700.61,Net Banking,Returned
O004944,2025-03-05,C00473,P0038,Fashion Product 038,Fashion,South,Chennai,4,2947.65,15.0,10022.01,4844.92,5177.09,Card,Completed
O004945,2025-05-31,C00158,P0088,Fashion Product 088,Fashion,Central,Nagpur,4,5208.94,15.0,17710.4,16668.6,1041.8,Wallet,Completed
O004946,2025-07-31,C00192,P0023,Fashion Product 023,Fashion,East,Kolkata,1,3632.79,15.0,3087.87,2906.23,181.64,UPI,Cancelled
O004947,2025-06-08,C00489,P0070,Sports Product 070,Sports,North,Chandigarh,2,4336.1,10.0,7804.98,6937.76,867.22,Net Banking,Returned
O004948,2025-06-01,C00244,P0003,Fashion Product 003,Fashion,North,Delhi,3,6788.51,15.0,17310.7,11596.23,5714.47,Net Banking,Completed
O004949,2025-05-11,C00395,P0029,Beauty Product 029,Beauty,South,Bengaluru,1,1220.38,15.0,1037.32,357.88,679.44,UPI,Pending
O004950,2025-01-19,C00041,P0016,Electronics Product 016,Electronics,West,Ahmedabad,2,5090.79,10.0,9163.42,8145.26,1018.16,Net Banking,Completed
O004951,2025-11-09,C00437,P0027,Home Product 027,Home,South,Chennai,3,6771.19,5.0,19297.89,8687.7,10610.19,Card,Completed
O004952,2025-12-06,C00092,P0044,Beauty Product 044,Beauty,East,Guwahati,2,3801.64,10.0,6842.95,6082.62,760.33,Cash,Completed
O004953,2025-01-30,C00253,P0066,Electronics Product 066,Electronics,West,Pune,2,5295.06,0.0,10590.12,2203.04,8387.08,UPI,Completed
O004954,2025-05-31,C00413,P0001,Electronics Product 001,Electronics,South,Bengaluru,3,4907.86,0.0,14723.58,11778.87,2944.71,UPI,Completed
O004955,2025-07-08,C00095,P0087,Home Product 087,Home,West,Ahmedabad,1,5255.47,10.0,4729.92,566.15,4163.77,UPI,Completed
O004956,2025-10-13,C00499,P0002,Home Product 002,Home,West,Ahmedabad,5,4453.12,10.0,20039.04,17812.5,2226.54,Card,Pending
O004957,2025-12-26,C00306,P0003,Fashion Product 003,Fashion,West,Mumbai,5,6788.51,10.0,30548.3,19327.05,11221.25,Cash,Pending
O004958,2025-06-01,C00016,P0071,Electronics Product 071,Electronics,West,Ahmedabad,4,5148.93,10.0,18536.15,14191.0,4345.15,Net Banking,Completed
O004959,2025-09-30,C00386,P0084,Beauty Product 084,Beauty,West,Pune,2,5715.45,0.0,11430.9,4545.88,6885.02,Card,Completed
O004960,2025-12-08,C00324,P0036,Electronics Product 036,Electronics,West,Pune,1,4569.04,10.0,4112.14,3655.23,456.91,Net Banking,Completed
O004961,2025-10-30,C00134,P0095,Sports Product 095,Sports,Central,Nagpur,2,2495.1,15.0,4241.67,2749.08,1492.59,Wallet,Completed
O004962,2025-04-16,C00041,P0041,Electronics Product 041,Electronics,West,Ahmedabad,3,5698.77,10.0,15386.68,9073.41,6313.27,Card,Completed
O004963,2025-05-31,C00461,P0017,Home Product 017,Home,West,Mumbai,4,4364.81,0.0,17459.24,13967.4,3491.84,Wallet,Completed
O004964,2025-01-07,C00432,P0019,Beauty Product 019,Beauty,South,Bengaluru,4,6745.83,10.0,24284.99,14398.16,9886.83,Wallet,Completed
O004965,2025-10-04,C00395,P0072,Home Product 072,Home,South,Bengaluru,1,6223.26,20.0,4978.61,4069.59,909.02,Card,Completed
O004966,2025-11-01,C00176,P0083,Fashion Product 083,Fashion,East,Kolkata,3,3893.45,5.0,11096.33,9344.28,1752.05,Wallet,Completed
O004967,2025-05-06,C00398,P0091,Electronics Product 091,Electronics,South,Bengaluru,2,1897.13,20.0,3035.41,1026.26,2009.15,Net Banking,Completed
O004968,2025-06-14,C00124,P0061,Electronics Product 061,Electronics,East,Kolkata,4,7647.57,15.0,26001.74,17925.04,8076.7,Card,Completed
O004969,2025-05-13,C00396,P0034,Beauty Product 034,Beauty,South,Bengaluru,4,7768.65,10.0,27967.14,19276.04,8691.1,Cash,Completed
O004970,2025-02-12,C00392,P0100,Sports Product 100,Sports,North,Delhi,4,6735.82,15.0,22901.79,16238.48,6663.31,Net Banking,Completed
O004971,2025-12-29,C00352,P0014,Beauty Product 014,Beauty,East,Bhubaneswar,5,4289.52,15.0,18230.46,17158.1,1072.36,Cash,Completed
O004972,2025-01-09,C00339,P0040,Sports Product 040,Sports,Central,Indore,1,4584.31,0.0,4584.31,3667.45,916.86,Cash,Completed
O004973,2025-07-22,C00495,P0040,Sports Product 040,Sports,East,Guwahati,1,4584.31,10.0,4125.88,3667.45,458.43,UPI,Returned
O004974,2025-01-06,C00208,P0096,Electronics Product 096,Electronics,East,Bhubaneswar,5,2784.06,10.0,12528.27,11136.25,1392.02,Card,Completed
O004975,2025-09-08,C00420,P0055,Sports Product 055,Sports,Central,Indore,1,1679.4,15.0,1427.49,1343.52,83.97,UPI,Completed
O004976,2025-11-24,C00148,P0068,Fashion Product 068,Fashion,East,Kolkata,2,6082.72,0.0,12165.44,9732.36,2433.08,Net Banking,Completed
O004977,2025-08-23,C00280,P0088,Fashion Product 088,Fashion,South,Chennai,1,5208.94,10.0,4688.05,4167.15,520.9,Card,Completed
O004978,2025-08-09,C00358,P0071,Electronics Product 071,Electronics,East,Guwahati,2,5148.93,15.0,8753.18,7095.5,1657.68,Wallet,Completed
O004979,2025-10-29,C00336,P0093,Fashion Product 093,Fashion,South,Chennai,4,4536.21,5.0,17237.6,7041.84,10195.76,Cash,Completed
O004980,2025-12-21,C00225,P0071,Electronics Product 071,Electronics,East,Guwahati,5,5148.93,15.0,21882.95,17738.75,4144.2,Cash,Completed
O004981,2025-11-10,C00300,P0029,Beauty Product 029,Beauty,East,Guwahati,5,1220.38,0.0,6101.9,1789.4,4312.5,UPI,Completed
O004982,2025-03-26,C00040,P0068,Fashion Product 068,Fashion,South,Chennai,1,6082.72,10.0,5474.45,4866.18,608.27,Cash,Cancelled
O004983,2025-07-25,C00216,P0049,Beauty Product 049,Beauty,North,Jaipur,2,3123.84,0.0,6247.68,4998.14,1249.54,Card,Completed
O004984,2025-10-26,C00173,P0014,Beauty Product 014,Beauty,North,Jaipur,4,4289.52,5.0,16300.18,13726.48,2573.7,Net Banking,Returned
O004985,2025-04-18,C00357,P0012,Home Product 012,Home,Central,Nagpur,1,4256.45,5.0,4043.63,2009.68,2033.95,UPI,Completed
O004986,2025-09-03,C00346,P0088,Fashion Product 088,Fashion,Central,Bhopal,2,5208.94,20.0,8334.3,8334.3,0.0,Cash,Completed
O004987,2025-01-09,C00103,P0051,Electronics Product 051,Electronics,North,Chandigarh,1,7669.29,20.0,6135.43,4174.89,1960.54,UPI,Pending
O004988,2025-11-16,C00204,P0029,Beauty Product 029,Beauty,Central,Bhopal,1,1220.38,0.0,1220.38,357.88,862.5,Wallet,Returned
O004989,2025-08-12,C00332,P0086,Electronics Product 086,Electronics,West,Ahmedabad,1,7032.55,0.0,7032.55,3793.57,3238.98,Cash,Completed
O004990,2025-09-28,C00175,P0073,Fashion Product 073,Fashion,West,Ahmedabad,3,1490.03,0.0,4470.09,2617.56,1852.53,Wallet,Completed
O004991,2025-10-28,C00206,P0095,Sports Product 095,Sports,South,Hyderabad,2,2495.1,5.0,4740.69,2749.08,1991.61,Card,Completed
O004992,2025-03-21,C00276,P0014,Beauty Product 014,Beauty,East,Bhubaneswar,2,4289.52,10.0,7721.14,6863.24,857.9,UPI,Completed
O004993,2025-06-13,C00177,P0037,Home Product 037,Home,West,Ahmedabad,5,7720.82,10.0,34743.69,3539.3,31204.39,Wallet,Completed
O004994,2025-11-09,C00237,P0033,Fashion Product 033,Fashion,West,Ahmedabad,3,2460.76,15.0,6274.94,5905.83,369.11,UPI,Pending
O004995,2025-03-01,C00104,P0066,Electronics Product 066,Electronics,East,Bhubaneswar,1,5295.06,20.0,4236.05,1101.52,3134.53,Wallet,Completed
O004996,2025-10-27,C00390,P0022,Home Product 022,Home,West,Pune,3,5577.75,0.0,16733.25,11651.22,5082.03,Wallet,Completed
O004997,2025-04-15,C00364,P0045,Sports Product 045,Sports,South,Chennai,4,3762.55,15.0,12792.67,12040.16,752.51,Wallet,Completed
O004998,2025-07-29,C00409,P0062,Home Product 062,Home,South,Hyderabad,2,6676.1,15.0,11349.37,3501.32,7848.05,Net Banking,Completed
O004999,2025-07-05,C00021,P0051,Electronics Product 051,Electronics,North,Chandigarh,1,7669.29,5.0,7285.83,4174.89,3110.94,Card,Completed
O005000,2025-09-07,C00224,P0037,Home Product 037,Home,South,Hyderabad,5,7720.82,20.0,30883.28,3539.3,27343.98,Cash,Completed
