Order_ID,Order_Date,Customer_ID,Product_ID,Product_Name,Category,Region,Quantity,Unit_Price,Discount,Revenue,Cost,Profit,Order_Status,Payment_Status
ORD10001,01-01-2025,CUST1058,PROD001,Laptop,Electronics,West,1,50000,0,50000,35000,15000,Completed,Paid
ORD10002,01-01-2025,CUST1347,PROD012,Coffee Maker,Home & Kitchen,Central,1,7500,0,7500,4000,3500,Completed,Paid
ORD10003,01-01-2025,CUST1048,PROD004,Smart Watch,Electronics,North,2,14000,0,28000,16000,12000,Completed,Paid
ORD10004,01-01-2025,CUST1367,PROD011,Leather Formal Shoes,Footwear,Central,1,6500,0,6500,3000,3500,Completed,Paid
ORD10005,01-01-2025,CUST1415,PROD014,Backpack,Accessories,South,2,2200,0,4400,1800,2600,Completed,Paid
ORD10006,01-01-2025,CUST1175,PROD005,Office Chair,Furniture,North,1,15000,1500,13500,9000,4500,Completed,Paid
ORD10007,01-01-2025,CUST1048,PROD007,Bookshelf,Furniture,South,1,8500,0,8500,5000,3500,Completed,Paid
ORD10008,01-01-2025,CUST1414,PROD001,Laptop,Electronics,East,2,50000,15000,85000,70000,15000,Completed,Paid
ORD10009,01-01-2025,CUST1041,PROD009,Denim Jeans,Apparel,West,3,2800,420,7980,3600,4380,Completed,Paid
ORD10010,02-01-2025,CUST1099,PROD012,Coffee Maker,Home & Kitchen,South,1,7500,0,7500,4000,3500,Completed,Paid
ORD10011,02-01-2025,CUST1041,PROD014,Backpack,Accessories,North,3,2200,0,6600,2700,3900,Completed,Paid
ORD10012,02-01-2025,CUST1326,PROD014,Backpack,Accessories,West,1,2200,0,2200,900,1300,Pending,Paid
ORD10013,02-01-2025,CUST1360,PROD011,Leather Formal Shoes,Footwear,South,2,6500,0,13000,6000,7000,Pending,Pending
ORD10014,02-01-2025,CUST1084,PROD008,Cotton T-Shirt Pack,Apparel,East,1,1500,225,1275,600,675,Pending,Pending
ORD10015,02-01-2025,CUST1351,PROD006,Standing Desk,Furniture,South,1,22000,0,22000,14000,8000,Completed,Paid
ORD10016,02-01-2025,CUST1206,PROD005,Office Chair,Furniture,South,1,15000,2250,12750,9000,3750,Pending,Paid
ORD10017,02-01-2025,CUST1109,PROD011,Leather Formal Shoes,Footwear,East,1,6500,975,5525,3000,2525,Completed,Paid
ORD10018,03-01-2025,CUST1136,PROD003,Wireless Headphones,Electronics,North,2,6000,600,11400,7000,4400,Pending,Paid
ORD10019,03-01-2025,CUST1299,PROD007,Bookshelf,Furniture,West,1,8500,1275,7225,5000,2225,Cancelled,Failed
ORD10020,03-01-2025,CUST1047,PROD013,Air Fryer,Home & Kitchen,South,3,9500,0,28500,16500,12000,Completed,Paid
ORD10021,03-01-2025,CUST1406,PROD011,Leather Formal Shoes,Footwear,East,2,6500,0,13000,6000,7000,Cancelled,Failed
ORD10022,03-01-2025,CUST1271,PROD005,Office Chair,Furniture,Central,3,15000,0,45000,27000,18000,Pending,Pending
ORD10023,03-01-2025,CUST1350,PROD009,Denim Jeans,Apparel,West,2,2800,0,5600,2400,3200,Completed,Paid
ORD10024,03-01-2025,CUST1223,PROD003,Wireless Headphones,Electronics,East,1,6000,600,5400,3500,1900,Pending,Paid
ORD10025,03-01-2025,CUST1257,PROD013,Air Fryer,Home & Kitchen,North,2,9500,0,19000,11000,8000,Pending,Paid
ORD10026,03-01-2025,CUST1431,PROD011,Leather Formal Shoes,Footwear,Central,2,6500,0,13000,6000,7000,Completed,Paid
ORD10027,04-01-2025,CUST1399,PROD009,Denim Jeans,Apparel,South,2,2800,280,5320,2400,2920,Completed,Paid
ORD10028,04-01-2025,CUST1186,PROD014,Backpack,Accessories,West,1,2200,0,2200,900,1300,Cancelled,Refunded
ORD10029,04-01-2025,CUST1044,PROD012,Coffee Maker,Home & Kitchen,East,3,7500,3375,19125,12000,7125,Cancelled,Refunded
ORD10030,04-01-2025,CUST1066,PROD011,Leather Formal Shoes,Footwear,East,4,6500,0,26000,12000,14000,Cancelled,Failed
ORD10031,04-01-2025,CUST1109,PROD009,Denim Jeans,Apparel,North,2,2800,0,5600,2400,3200,Pending,Paid
ORD10032,04-01-2025,CUST1225,PROD009,Denim Jeans,Apparel,East,1,2800,0,2800,1200,1600,Completed,Paid
ORD10033,04-01-2025,CUST1011,PROD010,Running Shoes,Footwear,Central,1,5500,0,5500,2500,3000,Completed,Paid
ORD10034,04-01-2025,CUST1363,PROD011,Leather Formal Shoes,Footwear,South,1,6500,975,5525,3000,2525,Completed,Paid
ORD10035,04-01-2025,CUST1037,PROD009,Denim Jeans,Apparel,North,1,2800,140,2660,1200,1460,Cancelled,Refunded
ORD10036,04-01-2025,CUST1371,PROD010,Running Shoes,Footwear,Central,1,5500,550,4950,2500,2450,Completed,Paid
ORD10037,04-01-2025,CUST1098,PROD002,Smartphone,Electronics,South,2,32000,0,64000,44000,20000,Completed,Paid
ORD10038,04-01-2025,CUST1240,PROD014,Backpack,Accessories,South,2,2200,660,3740,1800,1940,Completed,Paid
ORD10039,05-01-2025,CUST1207,PROD012,Coffee Maker,Home & Kitchen,West,3,7500,0,22500,12000,10500,Completed,Paid
ORD10040,05-01-2025,CUST1098,PROD009,Denim Jeans,Apparel,East,1,2800,0,2800,1200,1600,Completed,Paid
ORD10041,05-01-2025,CUST1128,PROD014,Backpack,Accessories,South,1,2200,220,1980,900,1080,Cancelled,Refunded
ORD10042,05-01-2025,CUST1026,PROD011,Leather Formal Shoes,Footwear,Central,3,6500,2925,16575,9000,7575,Completed,Paid
ORD10043,05-01-2025,CUST1086,PROD007,Bookshelf,Furniture,East,1,8500,850,7650,5000,2650,Completed,Paid
ORD10044,05-01-2025,CUST1085,PROD007,Bookshelf,Furniture,South,5,8500,0,42500,25000,17500,Completed,Paid
ORD10045,05-01-2025,CUST1147,PROD007,Bookshelf,Furniture,Central,2,8500,850,16150,10000,6150,Completed,Paid
ORD10046,05-01-2025,CUST1152,PROD004,Smart Watch,Electronics,South,2,14000,1400,26600,16000,10600,Pending,Paid
ORD10047,06-01-2025,CUST1026,PROD010,Running Shoes,Footwear,East,2,5500,1100,9900,5000,4900,Completed,Paid
ORD10048,06-01-2025,CUST1030,PROD009,Denim Jeans,Apparel,South,3,2800,0,8400,3600,4800,Completed,Paid
ORD10049,06-01-2025,CUST1346,PROD014,Backpack,Accessories,North,1,2200,330,1870,900,970,Cancelled,Refunded
ORD10050,06-01-2025,CUST1297,PROD010,Running Shoes,Footwear,South,2,5500,0,11000,5000,6000,Cancelled,Failed
ORD10051,07-01-2025,CUST1105,PROD011,Leather Formal Shoes,Footwear,West,1,6500,0,6500,3000,3500,Pending,Paid
ORD10052,07-01-2025,CUST1235,PROD006,Standing Desk,Furniture,South,1,22000,1100,20900,14000,6900,Cancelled,Refunded
ORD10053,07-01-2025,CUST1038,PROD009,Denim Jeans,Apparel,North,2,2800,0,5600,2400,3200,Completed,Paid
ORD10054,07-01-2025,CUST1036,PROD004,Smart Watch,Electronics,West,1,14000,0,14000,8000,6000,Cancelled,Failed
ORD10055,07-01-2025,CUST1314,PROD013,Air Fryer,Home & Kitchen,Central,1,9500,950,8550,5500,3050,Completed,Paid
ORD10056,07-01-2025,CUST1340,PROD002,Smartphone,Electronics,North,1,32000,3200,28800,22000,6800,Pending,Pending
ORD10057,08-01-2025,CUST1145,PROD010,Running Shoes,Footwear,North,2,5500,0,11000,5000,6000,Pending,Paid
ORD10058,08-01-2025,CUST1259,PROD008,Cotton T-Shirt Pack,Apparel,West,3,1500,450,4050,1800,2250,Completed,Paid
ORD10059,08-01-2025,CUST1325,PROD007,Bookshelf,Furniture,West,1,8500,0,8500,5000,3500,Completed,Paid
ORD10060,08-01-2025,CUST1327,PROD005,Office Chair,Furniture,North,2,15000,1500,28500,18000,10500,Completed,Paid
ORD10061,08-01-2025,CUST1288,PROD001,Laptop,Electronics,South,1,50000,5000,45000,35000,10000,Completed,Paid
ORD10062,08-01-2025,CUST1280,PROD001,Laptop,Electronics,West,2,50000,0,100000,70000,30000,Completed,Paid
ORD10063,09-01-2025,CUST1158,PROD006,Standing Desk,Furniture,South,3,22000,0,66000,42000,24000,Completed,Paid
ORD10064,09-01-2025,CUST1342,PROD002,Smartphone,Electronics,West,2,32000,6400,57600,44000,13600,Completed,Paid
ORD10065,09-01-2025,CUST1318,PROD012,Coffee Maker,Home & Kitchen,North,4,7500,0,30000,16000,14000,Completed,Paid
ORD10066,09-01-2025,CUST1410,PROD013,Air Fryer,Home & Kitchen,North,3,9500,0,28500,16500,12000,Pending,Paid
ORD10067,10-01-2025,CUST1411,PROD011,Leather Formal Shoes,Footwear,North,1,6500,650,5850,3000,2850,Completed,Paid
ORD10068,10-01-2025,CUST1196,PROD014,Backpack,Accessories,South,3,2200,0,6600,2700,3900,Completed,Paid
ORD10069,10-01-2025,CUST1180,PROD005,Office Chair,Furniture,North,1,15000,750,14250,9000,5250,Completed,Paid
ORD10070,10-01-2025,CUST1169,PROD005,Office Chair,Furniture,South,4,15000,0,60000,36000,24000,Pending,Paid
ORD10071,10-01-2025,CUST1348,PROD014,Backpack,Accessories,Central,1,2200,0,2200,900,1300,Completed,Paid
ORD10072,10-01-2025,CUST1092,PROD010,Running Shoes,Footwear,West,1,5500,275,5225,2500,2725,Completed,Paid
ORD10073,10-01-2025,CUST1374,PROD013,Air Fryer,Home & Kitchen,West,1,9500,1425,8075,5500,2575,Completed,Paid
ORD10074,10-01-2025,CUST1198,PROD010,Running Shoes,Footwear,North,1,5500,550,4950,2500,2450,Completed,Paid
ORD10075,10-01-2025,CUST1267,PROD013,Air Fryer,Home & Kitchen,Central,2,9500,2850,16150,11000,5150,Pending,Pending
ORD10076,10-01-2025,CUST1187,PROD007,Bookshelf,Furniture,South,4,8500,5100,28900,20000,8900,Cancelled,Failed
ORD10077,10-01-2025,CUST1340,PROD014,Backpack,Accessories,South,2,2200,0,4400,1800,2600,Completed,Paid
ORD10078,11-01-2025,CUST1210,PROD006,Standing Desk,Furniture,East,2,22000,2200,41800,28000,13800,Completed,Paid
ORD10079,11-01-2025,CUST1216,PROD011,Leather Formal Shoes,Footwear,East,2,6500,1950,11050,6000,5050,Cancelled,Failed
ORD10080,11-01-2025,CUST1208,PROD009,Denim Jeans,Apparel,South,1,2800,0,2800,1200,1600,Cancelled,Failed
ORD10081,11-01-2025,CUST1239,PROD008,Cotton T-Shirt Pack,Apparel,East,2,1500,150,2850,1200,1650,Pending,Pending
ORD10082,11-01-2025,CUST1338,PROD002,Smartphone,Electronics,West,2,32000,3200,60800,44000,16800,Completed,Paid
ORD10083,11-01-2025,CUST1048,PROD014,Backpack,Accessories,North,2,2200,0,4400,1800,2600,Completed,Paid
ORD10084,11-01-2025,CUST1076,PROD001,Laptop,Electronics,South,1,50000,2500,47500,35000,12500,Completed,Paid
ORD10085,11-01-2025,CUST1234,PROD007,Bookshelf,Furniture,Central,1,8500,425,8075,5000,3075,Completed,Paid
ORD10086,11-01-2025,CUST1205,PROD004,Smart Watch,Electronics,North,2,14000,0,28000,16000,12000,Completed,Paid
ORD10087,11-01-2025,CUST1399,PROD007,Bookshelf,Furniture,North,1,8500,1275,7225,5000,2225,Cancelled,Failed
ORD10088,11-01-2025,CUST1026,PROD009,Denim Jeans,Apparel,North,3,2800,0,8400,3600,4800,Completed,Paid
ORD10089,11-01-2025,CUST1411,PROD008,Cotton T-Shirt Pack,Apparel,Central,5,1500,375,7125,3000,4125,Completed,Paid
ORD10090,11-01-2025,CUST1314,PROD014,Backpack,Accessories,Central,1,2200,330,1870,900,970,Completed,Paid
ORD10091,12-01-2025,CUST1381,PROD014,Backpack,Accessories,East,1,2200,220,1980,900,1080,Pending,Paid
ORD10092,12-01-2025,CUST1393,PROD013,Air Fryer,Home & Kitchen,Central,1,9500,0,9500,5500,4000,Completed,Paid
ORD10093,12-01-2025,CUST1040,PROD012,Coffee Maker,Home & Kitchen,West,1,7500,0,7500,4000,3500,Cancelled,Refunded
ORD10094,12-01-2025,CUST1071,PROD003,Wireless Headphones,Electronics,North,1,6000,0,6000,3500,2500,Completed,Paid
ORD10095,12-01-2025,CUST1033,PROD007,Bookshelf,Furniture,East,1,8500,425,8075,5000,3075,Completed,Paid
ORD10096,12-01-2025,CUST1106,PROD014,Backpack,Accessories,East,1,2200,220,1980,900,1080,Pending,Pending
ORD10097,12-01-2025,CUST1439,PROD013,Air Fryer,Home & Kitchen,Central,1,9500,0,9500,5500,4000,Completed,Paid
ORD10098,12-01-2025,CUST1153,PROD013,Air Fryer,Home & Kitchen,East,3,9500,4275,24225,16500,7725,Completed,Paid
ORD10099,12-01-2025,CUST1276,PROD012,Coffee Maker,Home & Kitchen,Central,2,7500,1500,13500,8000,5500,Completed,Paid
ORD10100,13-01-2025,CUST1140,PROD007,Bookshelf,Furniture,East,1,8500,0,8500,5000,3500,Pending,Paid
ORD10101,13-01-2025,CUST1371,PROD003,Wireless Headphones,Electronics,East,3,6000,2700,15300,10500,4800,Cancelled,Refunded
ORD10102,13-01-2025,CUST1202,PROD010,Running Shoes,Footwear,Central,2,5500,0,11000,5000,6000,Completed,Paid
ORD10103,13-01-2025,CUST1070,PROD014,Backpack,Accessories,East,1,2200,0,2200,900,1300,Completed,Paid
ORD10104,13-01-2025,CUST1109,PROD008,Cotton T-Shirt Pack,Apparel,West,1,1500,150,1350,600,750,Completed,Paid
ORD10105,14-01-2025,CUST1130,PROD014,Backpack,Accessories,South,1,2200,220,1980,900,1080,Completed,Paid
ORD10106,14-01-2025,CUST1180,PROD004,Smart Watch,Electronics,South,2,14000,1400,26600,16000,10600,Completed,Paid
ORD10107,14-01-2025,CUST1127,PROD004,Smart Watch,Electronics,South,2,14000,0,28000,16000,12000,Completed,Paid
ORD10108,14-01-2025,CUST1343,PROD002,Smartphone,Electronics,Central,4,32000,6400,121600,88000,33600,Completed,Paid
ORD10109,14-01-2025,CUST1393,PROD006,Standing Desk,Furniture,North,2,22000,6600,37400,28000,9400,Pending,Pending
ORD10110,14-01-2025,CUST1399,PROD014,Backpack,Accessories,North,4,2200,0,8800,3600,5200,Completed,Paid
ORD10111,14-01-2025,CUST1160,PROD010,Running Shoes,Footwear,East,1,5500,550,4950,2500,2450,Completed,Paid
ORD10112,15-01-2025,CUST1354,PROD014,Backpack,Accessories,North,1,2200,220,1980,900,1080,Pending,Pending
ORD10113,15-01-2025,CUST1408,PROD010,Running Shoes,Footwear,South,1,5500,0,5500,2500,3000,Completed,Paid
ORD10114,15-01-2025,CUST1036,PROD009,Denim Jeans,Apparel,West,1,2800,0,2800,1200,1600,Completed,Paid
ORD10115,15-01-2025,CUST1055,PROD007,Bookshelf,Furniture,West,2,8500,1700,15300,10000,5300,Pending,Pending
ORD10116,15-01-2025,CUST1223,PROD003,Wireless Headphones,Electronics,Central,4,6000,0,24000,14000,10000,Cancelled,Failed
ORD10117,15-01-2025,CUST1239,PROD007,Bookshelf,Furniture,Central,1,8500,850,7650,5000,2650,Completed,Paid
ORD10118,15-01-2025,CUST1143,PROD008,Cotton T-Shirt Pack,Apparel,North,2,1500,150,2850,1200,1650,Pending,Paid
ORD10119,15-01-2025,CUST1173,PROD001,Laptop,Electronics,East,3,50000,0,150000,105000,45000,Completed,Paid
ORD10120,16-01-2025,CUST1409,PROD005,Office Chair,Furniture,West,1,15000,750,14250,9000,5250,Completed,Paid
ORD10121,16-01-2025,CUST1285,PROD001,Laptop,Electronics,Central,4,50000,0,200000,140000,60000,Pending,Paid
ORD10122,16-01-2025,CUST1251,PROD009,Denim Jeans,Apparel,North,2,2800,280,5320,2400,2920,Completed,Paid
ORD10123,16-01-2025,CUST1230,PROD013,Air Fryer,Home & Kitchen,South,1,9500,0,9500,5500,4000,Pending,Pending
ORD10124,16-01-2025,CUST1157,PROD011,Leather Formal Shoes,Footwear,Central,1,6500,325,6175,3000,3175,Completed,Paid
ORD10125,16-01-2025,CUST1218,PROD012,Coffee Maker,Home & Kitchen,Central,1,7500,750,6750,4000,2750,Completed,Paid
ORD10126,17-01-2025,CUST1129,PROD004,Smart Watch,Electronics,South,2,14000,0,28000,16000,12000,Pending,Pending
ORD10127,17-01-2025,CUST1099,PROD004,Smart Watch,Electronics,East,1,14000,700,13300,8000,5300,Cancelled,Failed
ORD10128,17-01-2025,CUST1052,PROD014,Backpack,Accessories,North,1,2200,0,2200,900,1300,Completed,Paid
ORD10129,17-01-2025,CUST1008,PROD012,Coffee Maker,Home & Kitchen,Central,1,7500,0,7500,4000,3500,Completed,Paid
ORD10130,17-01-2025,CUST1284,PROD005,Office Chair,Furniture,North,2,15000,3000,27000,18000,9000,Completed,Paid
ORD10131,17-01-2025,CUST1447,PROD001,Laptop,Electronics,Central,1,50000,2500,47500,35000,12500,Completed,Paid
ORD10132,17-01-2025,CUST1095,PROD001,Laptop,Electronics,West,4,50000,10000,190000,140000,50000,Completed,Paid
ORD10133,17-01-2025,CUST1206,PROD008,Cotton T-Shirt Pack,Apparel,South,2,1500,150,2850,1200,1650,Completed,Paid
ORD10134,17-01-2025,CUST1077,PROD013,Air Fryer,Home & Kitchen,Central,4,9500,0,38000,22000,16000,Completed,Paid
ORD10135,17-01-2025,CUST1061,PROD009,Denim Jeans,Apparel,East,2,2800,560,5040,2400,2640,Completed,Paid
ORD10136,18-01-2025,CUST1195,PROD008,Cotton T-Shirt Pack,Apparel,East,1,1500,75,1425,600,825,Completed,Paid
ORD10137,18-01-2025,CUST1157,PROD010,Running Shoes,Footwear,Central,1,5500,825,4675,2500,2175,Completed,Paid
ORD10138,18-01-2025,CUST1391,PROD004,Smart Watch,Electronics,North,1,14000,0,14000,8000,6000,Completed,Paid
ORD10139,18-01-2025,CUST1089,PROD009,Denim Jeans,Apparel,South,1,2800,0,2800,1200,1600,Pending,Paid
ORD10140,18-01-2025,CUST1150,PROD001,Laptop,Electronics,North,1,50000,0,50000,35000,15000,Completed,Paid
ORD10141,18-01-2025,CUST1037,PROD011,Leather Formal Shoes,Footwear,North,4,6500,2600,23400,12000,11400,Pending,Pending
ORD10142,18-01-2025,CUST1218,PROD002,Smartphone,Electronics,Central,1,32000,0,32000,22000,10000,Completed,Paid
ORD10143,18-01-2025,CUST1424,PROD003,Wireless Headphones,Electronics,South,1,6000,600,5400,3500,1900,Cancelled,Failed
ORD10144,18-01-2025,CUST1225,PROD002,Smartphone,Electronics,East,2,32000,3200,60800,44000,16800,Completed,Paid
ORD10145,18-01-2025,CUST1257,PROD009,Denim Jeans,Apparel,East,1,2800,140,2660,1200,1460,Completed,Paid
ORD10146,18-01-2025,CUST1377,PROD006,Standing Desk,Furniture,Central,1,22000,0,22000,14000,8000,Pending,Pending
ORD10147,18-01-2025,CUST1392,PROD011,Leather Formal Shoes,Footwear,West,2,6500,1300,11700,6000,5700,Completed,Paid
ORD10148,19-01-2025,CUST1266,PROD011,Leather Formal Shoes,Footwear,East,3,6500,0,19500,9000,10500,Cancelled,Failed
ORD10149,19-01-2025,CUST1326,PROD014,Backpack,Accessories,East,4,2200,440,8360,3600,4760,Completed,Paid
ORD10150,19-01-2025,CUST1171,PROD006,Standing Desk,Furniture,South,3,22000,0,66000,42000,24000,Pending,Paid
ORD10151,19-01-2025,CUST1148,PROD011,Leather Formal Shoes,Footwear,East,3,6500,975,18525,9000,9525,Completed,Paid
ORD10152,19-01-2025,CUST1046,PROD006,Standing Desk,Furniture,West,1,22000,3300,18700,14000,4700,Completed,Paid
ORD10153,19-01-2025,CUST1443,PROD009,Denim Jeans,Apparel,South,2,2800,280,5320,2400,2920,Completed,Paid
ORD10154,19-01-2025,CUST1028,PROD004,Smart Watch,Electronics,Central,1,14000,1400,12600,8000,4600,Pending,Paid
ORD10155,19-01-2025,CUST1390,PROD001,Laptop,Electronics,North,1,50000,0,50000,35000,15000,Completed,Paid
ORD10156,19-01-2025,CUST1225,PROD012,Coffee Maker,Home & Kitchen,East,1,7500,1125,6375,4000,2375,Cancelled,Refunded
ORD10157,19-01-2025,CUST1364,PROD003,Wireless Headphones,Electronics,West,2,6000,600,11400,7000,4400,Completed,Paid
ORD10158,19-01-2025,CUST1116,PROD014,Backpack,Accessories,South,1,2200,0,2200,900,1300,Completed,Paid
ORD10159,20-01-2025,CUST1367,PROD005,Office Chair,Furniture,Central,2,15000,0,30000,18000,12000,Completed,Paid
ORD10160,20-01-2025,CUST1242,PROD004,Smart Watch,Electronics,East,2,14000,0,28000,16000,12000,Cancelled,Refunded
ORD10161,20-01-2025,CUST1443,PROD002,Smartphone,Electronics,West,2,32000,6400,57600,44000,13600,Completed,Paid
ORD10162,20-01-2025,CUST1404,PROD009,Denim Jeans,Apparel,West,3,2800,0,8400,3600,4800,Completed,Paid
ORD10163,20-01-2025,CUST1429,PROD010,Running Shoes,Footwear,Central,5,5500,1375,26125,12500,13625,Completed,Paid
ORD10164,20-01-2025,CUST1229,PROD009,Denim Jeans,Apparel,East,1,2800,140,2660,1200,1460,Cancelled,Failed
ORD10165,20-01-2025,CUST1234,PROD006,Standing Desk,Furniture,North,5,22000,0,110000,70000,40000,Completed,Paid
ORD10166,21-01-2025,CUST1439,PROD013,Air Fryer,Home & Kitchen,East,1,9500,950,8550,5500,3050,Pending,Paid
ORD10167,21-01-2025,CUST1198,PROD011,Leather Formal Shoes,Footwear,North,1,6500,0,6500,3000,3500,Cancelled,Failed
ORD10168,21-01-2025,CUST1446,PROD002,Smartphone,Electronics,East,1,32000,4800,27200,22000,5200,Completed,Paid
ORD10169,21-01-2025,CUST1370,PROD003,Wireless Headphones,Electronics,East,3,6000,2700,15300,10500,4800,Completed,Paid
ORD10170,21-01-2025,CUST1241,PROD013,Air Fryer,Home & Kitchen,West,1,9500,475,9025,5500,3525,Pending,Pending
ORD10171,22-01-2025,CUST1437,PROD011,Leather Formal Shoes,Footwear,Central,1,6500,0,6500,3000,3500,Pending,Paid
ORD10172,22-01-2025,CUST1447,PROD009,Denim Jeans,Apparel,South,2,2800,0,5600,2400,3200,Pending,Paid
ORD10173,22-01-2025,CUST1117,PROD012,Coffee Maker,Home & Kitchen,South,1,7500,0,7500,4000,3500,Pending,Pending
ORD10174,22-01-2025,CUST1228,PROD003,Wireless Headphones,Electronics,West,3,6000,0,18000,10500,7500,Completed,Paid
ORD10175,22-01-2025,CUST1151,PROD006,Standing Desk,Furniture,West,1,22000,0,22000,14000,8000,Completed,Paid
ORD10176,22-01-2025,CUST1290,PROD011,Leather Formal Shoes,Footwear,North,1,6500,0,6500,3000,3500,Completed,Paid
ORD10177,23-01-2025,CUST1350,PROD004,Smart Watch,Electronics,East,3,14000,0,42000,24000,18000,Completed,Paid
ORD10178,23-01-2025,CUST1327,PROD005,Office Chair,Furniture,East,1,15000,0,15000,9000,6000,Completed,Paid
ORD10179,23-01-2025,CUST1148,PROD011,Leather Formal Shoes,Footwear,Central,1,6500,0,6500,3000,3500,Completed,Paid
ORD10180,23-01-2025,CUST1301,PROD005,Office Chair,Furniture,East,2,15000,1500,28500,18000,10500,Completed,Paid
ORD10181,23-01-2025,CUST1102,PROD007,Bookshelf,Furniture,East,1,8500,0,8500,5000,3500,Completed,Paid
ORD10182,23-01-2025,CUST1295,PROD005,Office Chair,Furniture,West,1,15000,1500,13500,9000,4500,Completed,Paid
ORD10183,23-01-2025,CUST1141,PROD001,Laptop,Electronics,Central,3,50000,15000,135000,105000,30000,Completed,Paid
ORD10184,23-01-2025,CUST1311,PROD012,Coffee Maker,Home & Kitchen,East,3,7500,3375,19125,12000,7125,Completed,Paid
ORD10185,24-01-2025,CUST1411,PROD006,Standing Desk,Furniture,North,2,22000,2200,41800,28000,13800,Pending,Pending
ORD10186,24-01-2025,CUST1322,PROD002,Smartphone,Electronics,South,1,32000,0,32000,22000,10000,Cancelled,Failed
ORD10187,24-01-2025,CUST1375,PROD003,Wireless Headphones,Electronics,South,3,6000,0,18000,10500,7500,Completed,Paid
ORD10188,24-01-2025,CUST1090,PROD004,Smart Watch,Electronics,North,2,14000,2800,25200,16000,9200,Completed,Paid
ORD10189,24-01-2025,CUST1272,PROD009,Denim Jeans,Apparel,West,3,2800,0,8400,3600,4800,Completed,Paid
ORD10190,24-01-2025,CUST1413,PROD005,Office Chair,Furniture,West,3,15000,2250,42750,27000,15750,Completed,Paid
ORD10191,24-01-2025,CUST1073,PROD013,Air Fryer,Home & Kitchen,North,3,9500,2850,25650,16500,9150,Completed,Paid
ORD10192,24-01-2025,CUST1434,PROD013,Air Fryer,Home & Kitchen,Central,1,9500,950,8550,5500,3050,Completed,Paid
ORD10193,24-01-2025,CUST1136,PROD009,Denim Jeans,Apparel,South,1,2800,140,2660,1200,1460,Pending,Paid
ORD10194,24-01-2025,CUST1300,PROD007,Bookshelf,Furniture,West,1,8500,0,8500,5000,3500,Completed,Paid
ORD10195,24-01-2025,CUST1318,PROD009,Denim Jeans,Apparel,West,3,2800,0,8400,3600,4800,Completed,Paid
ORD10196,24-01-2025,CUST1326,PROD014,Backpack,Accessories,East,3,2200,0,6600,2700,3900,Completed,Paid
ORD10197,25-01-2025,CUST1072,PROD001,Laptop,Electronics,South,1,50000,2500,47500,35000,12500,Completed,Paid
ORD10198,25-01-2025,CUST1121,PROD009,Denim Jeans,Apparel,North,1,2800,0,2800,1200,1600,Pending,Paid
ORD10199,25-01-2025,CUST1301,PROD012,Coffee Maker,Home & Kitchen,North,3,7500,1125,21375,12000,9375,Completed,Paid
ORD10200,25-01-2025,CUST1316,PROD007,Bookshelf,Furniture,West,1,8500,0,8500,5000,3500,Completed,Paid
ORD10201,25-01-2025,CUST1228,PROD004,Smart Watch,Electronics,West,1,14000,700,13300,8000,5300,Cancelled,Failed
ORD10202,25-01-2025,CUST1032,PROD007,Bookshelf,Furniture,West,1,8500,0,8500,5000,3500,Completed,Paid
ORD10203,25-01-2025,CUST1047,PROD011,Leather Formal Shoes,Footwear,North,2,6500,650,12350,6000,6350,Completed,Paid
ORD10204,25-01-2025,CUST1026,PROD013,Air Fryer,Home & Kitchen,West,1,9500,0,9500,5500,4000,Cancelled,Refunded
ORD10205,26-01-2025,CUST1425,PROD013,Air Fryer,Home & Kitchen,Central,1,9500,0,9500,5500,4000,Completed,Paid
ORD10206,26-01-2025,CUST1169,PROD013,Air Fryer,Home & Kitchen,North,2,9500,950,18050,11000,7050,Completed,Paid
ORD10207,26-01-2025,CUST1440,PROD003,Wireless Headphones,Electronics,North,2,6000,1200,10800,7000,3800,Completed,Paid
ORD10208,26-01-2025,CUST1339,PROD014,Backpack,Accessories,South,1,2200,0,2200,900,1300,Completed,Paid
ORD10209,26-01-2025,CUST1302,PROD006,Standing Desk,Furniture,South,1,22000,0,22000,14000,8000,Pending,Paid
ORD10210,26-01-2025,CUST1270,PROD002,Smartphone,Electronics,South,1,32000,3200,28800,22000,6800,Cancelled,Refunded
ORD10211,26-01-2025,CUST1232,PROD009,Denim Jeans,Apparel,North,4,2800,0,11200,4800,6400,Pending,Paid
ORD10212,26-01-2025,CUST1235,PROD011,Leather Formal Shoes,Footwear,South,1,6500,325,6175,3000,3175,Completed,Paid
ORD10213,27-01-2025,CUST1352,PROD002,Smartphone,Electronics,East,2,32000,0,64000,44000,20000,Completed,Paid
ORD10214,27-01-2025,CUST1165,PROD010,Running Shoes,Footwear,North,1,5500,0,5500,2500,3000,Pending,Paid
ORD10215,27-01-2025,CUST1196,PROD010,Running Shoes,Footwear,Central,1,5500,275,5225,2500,2725,Completed,Paid
ORD10216,27-01-2025,CUST1051,PROD013,Air Fryer,Home & Kitchen,South,3,9500,1425,27075,16500,10575,Cancelled,Refunded
ORD10217,27-01-2025,CUST1221,PROD008,Cotton T-Shirt Pack,Apparel,North,1,1500,150,1350,600,750,Completed,Paid
ORD10218,27-01-2025,CUST1213,PROD012,Coffee Maker,Home & Kitchen,South,1,7500,0,7500,4000,3500,Completed,Paid
ORD10219,27-01-2025,CUST1192,PROD003,Wireless Headphones,Electronics,East,1,6000,600,5400,3500,1900,Completed,Paid
ORD10220,28-01-2025,CUST1050,PROD012,Coffee Maker,Home & Kitchen,West,3,7500,1125,21375,12000,9375,Cancelled,Failed
ORD10221,28-01-2025,CUST1344,PROD002,Smartphone,Electronics,East,1,32000,1600,30400,22000,8400,Completed,Paid
ORD10222,28-01-2025,CUST1445,PROD012,Coffee Maker,Home & Kitchen,South,4,7500,1500,28500,16000,12500,Completed,Paid
ORD10223,28-01-2025,CUST1054,PROD010,Running Shoes,Footwear,Central,1,5500,275,5225,2500,2725,Completed,Paid
ORD10224,28-01-2025,CUST1434,PROD002,Smartphone,Electronics,West,3,32000,0,96000,66000,30000,Completed,Paid
ORD10225,28-01-2025,CUST1294,PROD004,Smart Watch,Electronics,East,3,14000,6300,35700,24000,11700,Cancelled,Refunded
ORD10226,28-01-2025,CUST1312,PROD011,Leather Formal Shoes,Footwear,West,1,6500,0,6500,3000,3500,Completed,Paid
ORD10227,29-01-2025,CUST1180,PROD001,Laptop,Electronics,North,3,50000,7500,142500,105000,37500,Completed,Paid
ORD10228,29-01-2025,CUST1036,PROD003,Wireless Headphones,Electronics,South,1,6000,300,5700,3500,2200,Completed,Paid
ORD10229,29-01-2025,CUST1215,PROD008,Cotton T-Shirt Pack,Apparel,West,1,1500,0,1500,600,900,Completed,Paid
ORD10230,29-01-2025,CUST1398,PROD010,Running Shoes,Footwear,Central,1,5500,0,5500,2500,3000,Completed,Paid
ORD10231,29-01-2025,CUST1387,PROD010,Running Shoes,Footwear,South,2,5500,0,11000,5000,6000,Pending,Paid
ORD10232,29-01-2025,CUST1249,PROD010,Running Shoes,Footwear,East,1,5500,0,5500,2500,3000,Cancelled,Refunded
ORD10233,30-01-2025,CUST1221,PROD002,Smartphone,Electronics,West,2,32000,3200,60800,44000,16800,Cancelled,Failed
ORD10234,30-01-2025,CUST1024,PROD004,Smart Watch,Electronics,East,5,14000,0,70000,40000,30000,Completed,Paid
ORD10235,30-01-2025,CUST1155,PROD004,Smart Watch,Electronics,North,2,14000,0,28000,16000,12000,Completed,Paid
ORD10236,30-01-2025,CUST1004,PROD008,Cotton T-Shirt Pack,Apparel,East,1,1500,0,1500,600,900,Pending,Pending
ORD10237,30-01-2025,CUST1257,PROD009,Denim Jeans,Apparel,West,1,2800,280,2520,1200,1320,Completed,Paid
ORD10238,30-01-2025,CUST1224,PROD001,Laptop,Electronics,East,4,50000,20000,180000,140000,40000,Cancelled,Failed
ORD10239,31-01-2025,CUST1208,PROD012,Coffee Maker,Home & Kitchen,East,1,7500,0,7500,4000,3500,Completed,Paid
ORD10240,31-01-2025,CUST1088,PROD013,Air Fryer,Home & Kitchen,Central,1,9500,475,9025,5500,3525,Completed,Paid
ORD10241,31-01-2025,CUST1046,PROD007,Bookshelf,Furniture,South,1,8500,425,8075,5000,3075,Cancelled,Refunded
ORD10242,31-01-2025,CUST1203,PROD014,Backpack,Accessories,West,2,2200,0,4400,1800,2600,Completed,Paid
ORD10243,31-01-2025,CUST1040,PROD009,Denim Jeans,Apparel,South,2,2800,0,5600,2400,3200,Completed,Paid
ORD10244,31-01-2025,CUST1180,PROD012,Coffee Maker,Home & Kitchen,North,1,7500,0,7500,4000,3500,Completed,Paid
ORD10245,31-01-2025,CUST1089,PROD010,Running Shoes,Footwear,North,2,5500,550,10450,5000,5450,Completed,Paid
ORD10246,31-01-2025,CUST1396,PROD011,Leather Formal Shoes,Footwear,East,1,6500,325,6175,3000,3175,Cancelled,Failed
ORD10247,31-01-2025,CUST1349,PROD010,Running Shoes,Footwear,Central,1,5500,825,4675,2500,2175,Completed,Paid
ORD10248,31-01-2025,CUST1078,PROD008,Cotton T-Shirt Pack,Apparel,South,1,1500,75,1425,600,825,Completed,Paid
ORD10249,31-01-2025,CUST1303,PROD001,Laptop,Electronics,West,2,50000,0,100000,70000,30000,Completed,Paid
ORD10250,31-01-2025,CUST1020,PROD001,Laptop,Electronics,West,3,50000,0,150000,105000,45000,Completed,Paid
ORD10251,01-02-2025,CUST1305,PROD009,Denim Jeans,Apparel,East,1,2800,140,2660,1200,1460,Pending,Pending
ORD10252,01-02-2025,CUST1231,PROD013,Air Fryer,Home & Kitchen,Central,2,9500,0,19000,11000,8000,Completed,Paid
ORD10253,01-02-2025,CUST1257,PROD003,Wireless Headphones,Electronics,South,1,6000,600,5400,3500,1900,Completed,Paid
ORD10254,01-02-2025,CUST1366,PROD002,Smartphone,Electronics,Central,2,32000,0,64000,44000,20000,Pending,Paid
ORD10255,01-02-2025,CUST1225,PROD009,Denim Jeans,Apparel,Central,2,2800,0,5600,2400,3200,Completed,Paid
ORD10256,01-02-2025,CUST1199,PROD007,Bookshelf,Furniture,West,2,8500,0,17000,10000,7000,Pending,Paid
ORD10257,01-02-2025,CUST1034,PROD006,Standing Desk,Furniture,South,2,22000,0,44000,28000,16000,Completed,Paid
ORD10258,01-02-2025,CUST1371,PROD014,Backpack,Accessories,Central,3,2200,0,6600,2700,3900,Cancelled,Refunded
ORD10259,01-02-2025,CUST1180,PROD005,Office Chair,Furniture,East,1,15000,1500,13500,9000,4500,Completed,Paid
ORD10260,01-02-2025,CUST1159,PROD009,Denim Jeans,Apparel,East,2,2800,0,5600,2400,3200,Completed,Paid
ORD10261,01-02-2025,CUST1344,PROD012,Coffee Maker,Home & Kitchen,Central,1,7500,375,7125,4000,3125,Cancelled,Failed
ORD10262,01-02-2025,CUST1010,PROD006,Standing Desk,Furniture,West,1,22000,0,22000,14000,8000,Completed,Paid
ORD10263,02-02-2025,CUST1116,PROD003,Wireless Headphones,Electronics,North,1,6000,600,5400,3500,1900,Completed,Paid
ORD10264,02-02-2025,CUST1260,PROD013,Air Fryer,Home & Kitchen,Central,3,9500,2850,25650,16500,9150,Completed,Paid
ORD10265,02-02-2025,CUST1339,PROD006,Standing Desk,Furniture,Central,1,22000,0,22000,14000,8000,Completed,Paid
ORD10266,02-02-2025,CUST1093,PROD014,Backpack,Accessories,Central,3,2200,0,6600,2700,3900,Completed,Paid
ORD10267,02-02-2025,CUST1023,PROD007,Bookshelf,Furniture,West,2,8500,0,17000,10000,7000,Completed,Paid
ORD10268,02-02-2025,CUST1313,PROD005,Office Chair,Furniture,East,1,15000,0,15000,9000,6000,Completed,Paid
ORD10269,02-02-2025,CUST1428,PROD004,Smart Watch,Electronics,West,2,14000,1400,26600,16000,10600,Completed,Paid
ORD10270,02-02-2025,CUST1237,PROD013,Air Fryer,Home & Kitchen,West,2,9500,950,18050,11000,7050,Completed,Paid
ORD10271,02-02-2025,CUST1083,PROD014,Backpack,Accessories,North,3,2200,0,6600,2700,3900,Completed,Paid
ORD10272,03-02-2025,CUST1329,PROD008,Cotton T-Shirt Pack,Apparel,West,2,1500,0,3000,1200,1800,Cancelled,Refunded
ORD10273,03-02-2025,CUST1146,PROD002,Smartphone,Electronics,North,1,32000,4800,27200,22000,5200,Completed,Paid
ORD10274,03-02-2025,CUST1426,PROD007,Bookshelf,Furniture,South,4,8500,0,34000,20000,14000,Completed,Paid
ORD10275,03-02-2025,CUST1179,PROD001,Laptop,Electronics,East,1,50000,2500,47500,35000,12500,Completed,Paid
ORD10276,04-02-2025,CUST1042,PROD006,Standing Desk,Furniture,North,1,22000,3300,18700,14000,4700,Pending,Paid
ORD10277,04-02-2025,CUST1406,PROD003,Wireless Headphones,Electronics,North,1,6000,900,5100,3500,1600,Completed,Paid
ORD10278,04-02-2025,CUST1357,PROD014,Backpack,Accessories,North,2,2200,220,4180,1800,2380,Cancelled,Refunded
ORD10279,04-02-2025,CUST1041,PROD001,Laptop,Electronics,West,1,50000,0,50000,35000,15000,Pending,Paid
ORD10280,04-02-2025,CUST1057,PROD013,Air Fryer,Home & Kitchen,West,1,9500,0,9500,5500,4000,Completed,Paid
ORD10281,04-02-2025,CUST1215,PROD011,Leather Formal Shoes,Footwear,Central,1,6500,0,6500,3000,3500,Completed,Paid
ORD10282,04-02-2025,CUST1306,PROD009,Denim Jeans,Apparel,South,2,2800,280,5320,2400,2920,Pending,Pending
ORD10283,05-02-2025,CUST1220,PROD001,Laptop,Electronics,Central,1,50000,2500,47500,35000,12500,Completed,Paid
ORD10284,05-02-2025,CUST1341,PROD011,Leather Formal Shoes,Footwear,South,2,6500,0,13000,6000,7000,Cancelled,Refunded
ORD10285,05-02-2025,CUST1200,PROD014,Backpack,Accessories,East,1,2200,0,2200,900,1300,Completed,Paid
ORD10286,05-02-2025,CUST1130,PROD012,Coffee Maker,Home & Kitchen,South,1,7500,0,7500,4000,3500,Completed,Paid
ORD10287,05-02-2025,CUST1376,PROD011,Leather Formal Shoes,Footwear,South,2,6500,1300,11700,6000,5700,Completed,Paid
ORD10288,05-02-2025,CUST1069,PROD001,Laptop,Electronics,West,2,50000,10000,90000,70000,20000,Completed,Paid
ORD10289,06-02-2025,CUST1238,PROD012,Coffee Maker,Home & Kitchen,East,2,7500,1500,13500,8000,5500,Completed,Paid
ORD10290,06-02-2025,CUST1367,PROD013,Air Fryer,Home & Kitchen,East,1,9500,0,9500,5500,4000,Completed,Paid
ORD10291,06-02-2025,CUST1022,PROD006,Standing Desk,Furniture,West,2,22000,6600,37400,28000,9400,Cancelled,Failed
ORD10292,06-02-2025,CUST1130,PROD001,Laptop,Electronics,North,1,50000,5000,45000,35000,10000,Completed,Paid
ORD10293,06-02-2025,CUST1444,PROD011,Leather Formal Shoes,Footwear,West,1,6500,650,5850,3000,2850,Completed,Paid
ORD10294,06-02-2025,CUST1205,PROD012,Coffee Maker,Home & Kitchen,East,3,7500,0,22500,12000,10500,Completed,Paid
ORD10295,06-02-2025,CUST1255,PROD012,Coffee Maker,Home & Kitchen,East,1,7500,750,6750,4000,2750,Completed,Paid
ORD10296,06-02-2025,CUST1411,PROD002,Smartphone,Electronics,East,1,32000,1600,30400,22000,8400,Completed,Paid
ORD10297,06-02-2025,CUST1280,PROD005,Office Chair,Furniture,West,1,15000,0,15000,9000,6000,Completed,Paid
ORD10298,07-02-2025,CUST1229,PROD010,Running Shoes,Footwear,East,1,5500,0,5500,2500,3000,Completed,Paid
ORD10299,07-02-2025,CUST1022,PROD012,Coffee Maker,Home & Kitchen,West,2,7500,0,15000,8000,7000,Pending,Pending
ORD10300,07-02-2025,CUST1039,PROD011,Leather Formal Shoes,Footwear,East,1,6500,650,5850,3000,2850,Pending,Pending
ORD10301,07-02-2025,CUST1016,PROD003,Wireless Headphones,Electronics,Central,2,6000,0,12000,7000,5000,Completed,Paid
ORD10302,07-02-2025,CUST1035,PROD004,Smart Watch,Electronics,West,1,14000,2100,11900,8000,3900,Completed,Paid
ORD10303,07-02-2025,CUST1310,PROD003,Wireless Headphones,Electronics,East,4,6000,0,24000,14000,10000,Completed,Paid
ORD10304,07-02-2025,CUST1294,PROD003,Wireless Headphones,Electronics,Central,1,6000,0,6000,3500,2500,Completed,Paid
ORD10305,07-02-2025,CUST1128,PROD002,Smartphone,Electronics,South,2,32000,3200,60800,44000,16800,Completed,Paid
ORD10306,07-02-2025,CUST1288,PROD002,Smartphone,Electronics,West,2,32000,6400,57600,44000,13600,Completed,Paid
ORD10307,07-02-2025,CUST1314,PROD005,Office Chair,Furniture,East,1,15000,0,15000,9000,6000,Completed,Paid
ORD10308,08-02-2025,CUST1089,PROD012,Coffee Maker,Home & Kitchen,East,5,7500,3750,33750,20000,13750,Completed,Paid
ORD10309,08-02-2025,CUST1342,PROD006,Standing Desk,Furniture,South,2,22000,0,44000,28000,16000,Completed,Paid
ORD10310,08-02-2025,CUST1436,PROD003,Wireless Headphones,Electronics,North,2,6000,600,11400,7000,4400,Completed,Paid
ORD10311,08-02-2025,CUST1103,PROD013,Air Fryer,Home & Kitchen,North,1,9500,475,9025,5500,3525,Completed,Paid
ORD10312,08-02-2025,CUST1284,PROD010,Running Shoes,Footwear,West,1,5500,825,4675,2500,2175,Completed,Paid
ORD10313,08-02-2025,CUST1314,PROD002,Smartphone,Electronics,South,1,32000,4800,27200,22000,5200,Pending,Paid
ORD10314,08-02-2025,CUST1270,PROD007,Bookshelf,Furniture,East,3,8500,0,25500,15000,10500,Completed,Paid
ORD10315,08-02-2025,CUST1329,PROD002,Smartphone,Electronics,East,1,32000,1600,30400,22000,8400,Completed,Paid
ORD10316,08-02-2025,CUST1450,PROD014,Backpack,Accessories,Central,2,2200,0,4400,1800,2600,Completed,Paid
ORD10317,08-02-2025,CUST1222,PROD009,Denim Jeans,Apparel,South,3,2800,420,7980,3600,4380,Completed,Paid
ORD10318,08-02-2025,CUST1085,PROD003,Wireless Headphones,Electronics,West,4,6000,0,24000,14000,10000,Cancelled,Failed
ORD10319,09-02-2025,CUST1129,PROD004,Smart Watch,Electronics,Central,1,14000,700,13300,8000,5300,Cancelled,Refunded
ORD10320,09-02-2025,CUST1258,PROD011,Leather Formal Shoes,Footwear,North,2,6500,650,12350,6000,6350,Completed,Paid
ORD10321,09-02-2025,CUST1338,PROD010,Running Shoes,Footwear,Central,1,5500,825,4675,2500,2175,Completed,Paid
ORD10322,09-02-2025,CUST1423,PROD014,Backpack,Accessories,South,1,2200,330,1870,900,970,Cancelled,Failed
ORD10323,09-02-2025,CUST1334,PROD004,Smart Watch,Electronics,Central,1,14000,700,13300,8000,5300,Completed,Paid
ORD10324,09-02-2025,CUST1322,PROD009,Denim Jeans,Apparel,West,2,2800,0,5600,2400,3200,Completed,Paid
ORD10325,09-02-2025,CUST1413,PROD013,Air Fryer,Home & Kitchen,East,1,9500,0,9500,5500,4000,Completed,Paid
ORD10326,09-02-2025,CUST1081,PROD008,Cotton T-Shirt Pack,Apparel,East,1,1500,0,1500,600,900,Cancelled,Refunded
ORD10327,10-02-2025,CUST1442,PROD012,Coffee Maker,Home & Kitchen,West,2,7500,1500,13500,8000,5500,Completed,Paid
ORD10328,10-02-2025,CUST1067,PROD013,Air Fryer,Home & Kitchen,West,2,9500,0,19000,11000,8000,Completed,Paid
ORD10329,10-02-2025,CUST1239,PROD002,Smartphone,Electronics,West,1,32000,0,32000,22000,10000,Completed,Paid
ORD10330,10-02-2025,CUST1149,PROD007,Bookshelf,Furniture,Central,1,8500,1275,7225,5000,2225,Completed,Paid
ORD10331,10-02-2025,CUST1417,PROD006,Standing Desk,Furniture,Central,2,22000,0,44000,28000,16000,Completed,Paid
ORD10332,10-02-2025,CUST1256,PROD009,Denim Jeans,Apparel,East,1,2800,0,2800,1200,1600,Completed,Paid
ORD10333,11-02-2025,CUST1202,PROD009,Denim Jeans,Apparel,East,4,2800,0,11200,4800,6400,Completed,Paid
ORD10334,11-02-2025,CUST1025,PROD001,Laptop,Electronics,West,1,50000,5000,45000,35000,10000,Pending,Paid
ORD10335,11-02-2025,CUST1147,PROD009,Denim Jeans,Apparel,South,3,2800,0,8400,3600,4800,Completed,Paid
ORD10336,11-02-2025,CUST1373,PROD006,Standing Desk,Furniture,East,1,22000,0,22000,14000,8000,Cancelled,Refunded
ORD10337,12-02-2025,CUST1284,PROD005,Office Chair,Furniture,South,1,15000,750,14250,9000,5250,Cancelled,Failed
ORD10338,12-02-2025,CUST1423,PROD010,Running Shoes,Footwear,Central,1,5500,825,4675,2500,2175,Completed,Paid
ORD10339,12-02-2025,CUST1192,PROD013,Air Fryer,Home & Kitchen,West,2,9500,0,19000,11000,8000,Completed,Paid
ORD10340,12-02-2025,CUST1102,PROD010,Running Shoes,Footwear,Central,1,5500,0,5500,2500,3000,Completed,Paid
ORD10341,12-02-2025,CUST1071,PROD012,Coffee Maker,Home & Kitchen,West,3,7500,1125,21375,12000,9375,Completed,Paid
ORD10342,12-02-2025,CUST1311,PROD009,Denim Jeans,Apparel,North,1,2800,140,2660,1200,1460,Completed,Paid
ORD10343,13-02-2025,CUST1316,PROD012,Coffee Maker,Home & Kitchen,West,2,7500,750,14250,8000,6250,Cancelled,Failed
ORD10344,13-02-2025,CUST1363,PROD010,Running Shoes,Footwear,West,1,5500,0,5500,2500,3000,Completed,Paid
ORD10345,13-02-2025,CUST1345,PROD002,Smartphone,Electronics,East,2,32000,6400,57600,44000,13600,Pending,Pending
ORD10346,13-02-2025,CUST1306,PROD008,Cotton T-Shirt Pack,Apparel,West,4,1500,600,5400,2400,3000,Cancelled,Refunded
ORD10347,13-02-2025,CUST1370,PROD001,Laptop,Electronics,Central,1,50000,2500,47500,35000,12500,Pending,Paid
ORD10348,13-02-2025,CUST1076,PROD014,Backpack,Accessories,North,1,2200,330,1870,900,970,Completed,Paid
ORD10349,13-02-2025,CUST1098,PROD001,Laptop,Electronics,East,1,50000,0,50000,35000,15000,Pending,Pending
ORD10350,14-02-2025,CUST1257,PROD013,Air Fryer,Home & Kitchen,Central,4,9500,3800,34200,22000,12200,Pending,Pending
ORD10351,14-02-2025,CUST1362,PROD003,Wireless Headphones,Electronics,Central,1,6000,0,6000,3500,2500,Pending,Paid
ORD10352,14-02-2025,CUST1270,PROD007,Bookshelf,Furniture,West,4,8500,1700,32300,20000,12300,Cancelled,Failed
ORD10353,14-02-2025,CUST1280,PROD006,Standing Desk,Furniture,West,2,22000,0,44000,28000,16000,Completed,Paid
ORD10354,14-02-2025,CUST1143,PROD009,Denim Jeans,Apparel,West,1,2800,420,2380,1200,1180,Completed,Paid
ORD10355,14-02-2025,CUST1395,PROD005,Office Chair,Furniture,North,2,15000,1500,28500,18000,10500,Completed,Paid
ORD10356,14-02-2025,CUST1179,PROD009,Denim Jeans,Apparel,West,1,2800,140,2660,1200,1460,Cancelled,Failed
ORD10357,14-02-2025,CUST1203,PROD014,Backpack,Accessories,West,4,2200,880,7920,3600,4320,Completed,Paid
ORD10358,14-02-2025,CUST1022,PROD005,Office Chair,Furniture,South,1,15000,0,15000,9000,6000,Completed,Paid
ORD10359,14-02-2025,CUST1383,PROD008,Cotton T-Shirt Pack,Apparel,North,1,1500,75,1425,600,825,Cancelled,Failed
ORD10360,14-02-2025,CUST1071,PROD002,Smartphone,Electronics,Central,2,32000,0,64000,44000,20000,Completed,Paid
ORD10361,15-02-2025,CUST1272,PROD004,Smart Watch,Electronics,North,1,14000,0,14000,8000,6000,Pending,Paid
ORD10362,15-02-2025,CUST1052,PROD011,Leather Formal Shoes,Footwear,North,1,6500,325,6175,3000,3175,Completed,Paid
ORD10363,15-02-2025,CUST1209,PROD011,Leather Formal Shoes,Footwear,East,1,6500,0,6500,3000,3500,Completed,Paid
ORD10364,15-02-2025,CUST1165,PROD005,Office Chair,Furniture,South,3,15000,0,45000,27000,18000,Cancelled,Refunded
ORD10365,15-02-2025,CUST1274,PROD012,Coffee Maker,Home & Kitchen,South,3,7500,0,22500,12000,10500,Completed,Paid
ORD10366,15-02-2025,CUST1019,PROD014,Backpack,Accessories,East,2,2200,0,4400,1800,2600,Pending,Paid
ORD10367,15-02-2025,CUST1449,PROD001,Laptop,Electronics,South,1,50000,2500,47500,35000,12500,Completed,Paid
ORD10368,15-02-2025,CUST1146,PROD008,Cotton T-Shirt Pack,Apparel,Central,2,1500,300,2700,1200,1500,Completed,Paid
ORD10369,15-02-2025,CUST1436,PROD009,Denim Jeans,Apparel,East,1,2800,280,2520,1200,1320,Completed,Paid
ORD10370,15-02-2025,CUST1084,PROD012,Coffee Maker,Home & Kitchen,East,2,7500,1500,13500,8000,5500,Completed,Paid
ORD10371,15-02-2025,CUST1378,PROD006,Standing Desk,Furniture,West,2,22000,4400,39600,28000,11600,Completed,Paid
ORD10372,15-02-2025,CUST1313,PROD014,Backpack,Accessories,East,3,2200,330,6270,2700,3570,Completed,Paid
ORD10373,15-02-2025,CUST1206,PROD011,Leather Formal Shoes,Footwear,South,1,6500,0,6500,3000,3500,Completed,Paid
ORD10374,16-02-2025,CUST1004,PROD005,Office Chair,Furniture,East,1,15000,1500,13500,9000,4500,Completed,Paid
ORD10375,16-02-2025,CUST1155,PROD010,Running Shoes,Footwear,Central,1,5500,275,5225,2500,2725,Pending,Pending
ORD10376,16-02-2025,CUST1032,PROD011,Leather Formal Shoes,Footwear,South,1,6500,0,6500,3000,3500,Pending,Paid
ORD10377,16-02-2025,CUST1354,PROD002,Smartphone,Electronics,West,1,32000,0,32000,22000,10000,Completed,Paid
ORD10378,16-02-2025,CUST1245,PROD003,Wireless Headphones,Electronics,East,2,6000,600,11400,7000,4400,Completed,Paid
ORD10379,16-02-2025,CUST1360,PROD009,Denim Jeans,Apparel,East,2,2800,560,5040,2400,2640,Completed,Paid
ORD10380,16-02-2025,CUST1391,PROD004,Smart Watch,Electronics,Central,3,14000,0,42000,24000,18000,Completed,Paid
ORD10381,16-02-2025,CUST1271,PROD012,Coffee Maker,Home & Kitchen,West,1,7500,375,7125,4000,3125,Completed,Paid
ORD10382,16-02-2025,CUST1425,PROD009,Denim Jeans,Apparel,Central,1,2800,140,2660,1200,1460,Completed,Paid
ORD10383,17-02-2025,CUST1438,PROD009,Denim Jeans,Apparel,East,1,2800,0,2800,1200,1600,Cancelled,Failed
ORD10384,17-02-2025,CUST1047,PROD009,Denim Jeans,Apparel,East,3,2800,420,7980,3600,4380,Cancelled,Failed
ORD10385,17-02-2025,CUST1234,PROD010,Running Shoes,Footwear,South,2,5500,550,10450,5000,5450,Completed,Paid
ORD10386,17-02-2025,CUST1371,PROD001,Laptop,Electronics,East,1,50000,0,50000,35000,15000,Completed,Paid
ORD10387,17-02-2025,CUST1297,PROD002,Smartphone,Electronics,South,1,32000,3200,28800,22000,6800,Cancelled,Refunded
ORD10388,17-02-2025,CUST1036,PROD008,Cotton T-Shirt Pack,Apparel,South,1,1500,0,1500,600,900,Completed,Paid
ORD10389,18-02-2025,CUST1374,PROD011,Leather Formal Shoes,Footwear,East,1,6500,650,5850,3000,2850,Completed,Paid
ORD10390,18-02-2025,CUST1446,PROD007,Bookshelf,Furniture,East,1,8500,1275,7225,5000,2225,Cancelled,Refunded
ORD10391,18-02-2025,CUST1335,PROD014,Backpack,Accessories,West,1,2200,330,1870,900,970,Completed,Paid
ORD10392,18-02-2025,CUST1271,PROD003,Wireless Headphones,Electronics,North,3,6000,1800,16200,10500,5700,Completed,Paid
ORD10393,18-02-2025,CUST1238,PROD011,Leather Formal Shoes,Footwear,Central,1,6500,0,6500,3000,3500,Completed,Paid
ORD10394,18-02-2025,CUST1127,PROD008,Cotton T-Shirt Pack,Apparel,West,1,1500,0,1500,600,900,Pending,Pending
ORD10395,18-02-2025,CUST1017,PROD013,Air Fryer,Home & Kitchen,East,2,9500,2850,16150,11000,5150,Completed,Paid
ORD10396,18-02-2025,CUST1124,PROD004,Smart Watch,Electronics,South,1,14000,0,14000,8000,6000,Cancelled,Refunded
ORD10397,18-02-2025,CUST1126,PROD012,Coffee Maker,Home & Kitchen,South,1,7500,0,7500,4000,3500,Completed,Paid
ORD10398,19-02-2025,CUST1072,PROD009,Denim Jeans,Apparel,West,1,2800,420,2380,1200,1180,Cancelled,Failed
ORD10399,19-02-2025,CUST1296,PROD010,Running Shoes,Footwear,West,1,5500,550,4950,2500,2450,Pending,Pending
ORD10400,19-02-2025,CUST1212,PROD005,Office Chair,Furniture,West,1,15000,2250,12750,9000,3750,Pending,Pending
ORD10401,19-02-2025,CUST1321,PROD011,Leather Formal Shoes,Footwear,East,2,6500,0,13000,6000,7000,Completed,Paid
ORD10402,20-02-2025,CUST1344,PROD007,Bookshelf,Furniture,Central,1,8500,0,8500,5000,3500,Completed,Paid
ORD10403,20-02-2025,CUST1154,PROD007,Bookshelf,Furniture,North,2,8500,850,16150,10000,6150,Completed,Paid
ORD10404,20-02-2025,CUST1154,PROD014,Backpack,Accessories,North,3,2200,990,5610,2700,2910,Cancelled,Failed
ORD10405,20-02-2025,CUST1214,PROD009,Denim Jeans,Apparel,Central,1,2800,0,2800,1200,1600,Completed,Paid
ORD10406,20-02-2025,CUST1170,PROD011,Leather Formal Shoes,Footwear,South,4,6500,2600,23400,12000,11400,Completed,Paid
ORD10407,20-02-2025,CUST1275,PROD012,Coffee Maker,Home & Kitchen,North,1,7500,0,7500,4000,3500,Cancelled,Refunded
ORD10408,20-02-2025,CUST1448,PROD002,Smartphone,Electronics,North,3,32000,4800,91200,66000,25200,Pending,Pending
ORD10409,20-02-2025,CUST1246,PROD004,Smart Watch,Electronics,West,1,14000,2100,11900,8000,3900,Completed,Paid
ORD10410,20-02-2025,CUST1098,PROD012,Coffee Maker,Home & Kitchen,South,2,7500,1500,13500,8000,5500,Completed,Paid
ORD10411,21-02-2025,CUST1310,PROD012,Coffee Maker,Home & Kitchen,North,1,7500,0,7500,4000,3500,Completed,Paid
ORD10412,21-02-2025,CUST1398,PROD005,Office Chair,Furniture,East,1,15000,750,14250,9000,5250,Completed,Paid
ORD10413,21-02-2025,CUST1134,PROD006,Standing Desk,Furniture,Central,3,22000,3300,62700,42000,20700,Pending,Paid
ORD10414,21-02-2025,CUST1390,PROD014,Backpack,Accessories,West,3,2200,0,6600,2700,3900,Completed,Paid
ORD10415,21-02-2025,CUST1024,PROD010,Running Shoes,Footwear,North,2,5500,0,11000,5000,6000,Cancelled,Failed
ORD10416,21-02-2025,CUST1152,PROD003,Wireless Headphones,Electronics,North,1,6000,0,6000,3500,2500,Completed,Paid
ORD10417,21-02-2025,CUST1256,PROD009,Denim Jeans,Apparel,West,1,2800,280,2520,1200,1320,Pending,Paid
ORD10418,21-02-2025,CUST1236,PROD003,Wireless Headphones,Electronics,West,1,6000,600,5400,3500,1900,Completed,Paid
ORD10419,21-02-2025,CUST1095,PROD009,Denim Jeans,Apparel,South,2,2800,560,5040,2400,2640,Completed,Paid
ORD10420,21-02-2025,CUST1419,PROD011,Leather Formal Shoes,Footwear,South,2,6500,0,13000,6000,7000,Pending,Pending
ORD10421,21-02-2025,CUST1035,PROD012,Coffee Maker,Home & Kitchen,North,1,7500,375,7125,4000,3125,Completed,Paid
ORD10422,21-02-2025,CUST1031,PROD010,Running Shoes,Footwear,Central,3,5500,825,15675,7500,8175,Completed,Paid
ORD10423,21-02-2025,CUST1004,PROD009,Denim Jeans,Apparel,Central,1,2800,0,2800,1200,1600,Pending,Paid
ORD10424,22-02-2025,CUST1147,PROD001,Laptop,Electronics,Central,3,50000,7500,142500,105000,37500,Completed,Paid
ORD10425,22-02-2025,CUST1055,PROD002,Smartphone,Electronics,Central,1,32000,0,32000,22000,10000,Cancelled,Failed
ORD10426,22-02-2025,CUST1418,PROD006,Standing Desk,Furniture,West,2,22000,0,44000,28000,16000,Completed,Paid
ORD10427,22-02-2025,CUST1236,PROD010,Running Shoes,Footwear,North,5,5500,0,27500,12500,15000,Pending,Pending
ORD10428,22-02-2025,CUST1335,PROD014,Backpack,Accessories,South,1,2200,0,2200,900,1300,Cancelled,Failed
ORD10429,22-02-2025,CUST1029,PROD011,Leather Formal Shoes,Footwear,South,2,6500,0,13000,6000,7000,Completed,Paid
ORD10430,22-02-2025,CUST1331,PROD013,Air Fryer,Home & Kitchen,West,2,9500,1900,17100,11000,6100,Completed,Paid
ORD10431,22-02-2025,CUST1271,PROD001,Laptop,Electronics,North,1,50000,5000,45000,35000,10000,Cancelled,Failed
ORD10432,22-02-2025,CUST1139,PROD001,Laptop,Electronics,South,2,50000,0,100000,70000,30000,Cancelled,Refunded
ORD10433,22-02-2025,CUST1092,PROD014,Backpack,Accessories,West,1,2200,0,2200,900,1300,Completed,Paid
ORD10434,22-02-2025,CUST1386,PROD014,Backpack,Accessories,East,4,2200,0,8800,3600,5200,Cancelled,Refunded
ORD10435,22-02-2025,CUST1291,PROD014,Backpack,Accessories,East,2,2200,220,4180,1800,2380,Completed,Paid
ORD10436,23-02-2025,CUST1072,PROD013,Air Fryer,Home & Kitchen,South,2,9500,2850,16150,11000,5150,Completed,Paid
ORD10437,23-02-2025,CUST1051,PROD007,Bookshelf,Furniture,North,3,8500,0,25500,15000,10500,Cancelled,Failed
ORD10438,23-02-2025,CUST1397,PROD006,Standing Desk,Furniture,South,2,22000,4400,39600,28000,11600,Completed,Paid
ORD10439,23-02-2025,CUST1252,PROD004,Smart Watch,Electronics,West,2,14000,0,28000,16000,12000,Completed,Paid
ORD10440,23-02-2025,CUST1349,PROD010,Running Shoes,Footwear,East,1,5500,275,5225,2500,2725,Completed,Paid
ORD10441,23-02-2025,CUST1366,PROD002,Smartphone,Electronics,South,1,32000,0,32000,22000,10000,Pending,Pending
ORD10442,23-02-2025,CUST1379,PROD007,Bookshelf,Furniture,West,1,8500,0,8500,5000,3500,Completed,Paid
ORD10443,23-02-2025,CUST1228,PROD006,Standing Desk,Furniture,West,1,22000,0,22000,14000,8000,Completed,Paid
ORD10444,23-02-2025,CUST1230,PROD009,Denim Jeans,Apparel,Central,2,2800,0,5600,2400,3200,Completed,Paid
ORD10445,23-02-2025,CUST1182,PROD009,Denim Jeans,Apparel,South,2,2800,560,5040,2400,2640,Completed,Paid
ORD10446,23-02-2025,CUST1007,PROD005,Office Chair,Furniture,East,1,15000,0,15000,9000,6000,Cancelled,Refunded
ORD10447,23-02-2025,CUST1293,PROD009,Denim Jeans,Apparel,North,2,2800,0,5600,2400,3200,Completed,Paid
ORD10448,23-02-2025,CUST1155,PROD005,Office Chair,Furniture,East,1,15000,0,15000,9000,6000,Completed,Paid
ORD10449,24-02-2025,CUST1154,PROD008,Cotton T-Shirt Pack,Apparel,South,1,1500,225,1275,600,675,Pending,Paid
ORD10450,24-02-2025,CUST1305,PROD010,Running Shoes,Footwear,North,1,5500,0,5500,2500,3000,Completed,Paid
ORD10451,24-02-2025,CUST1203,PROD006,Standing Desk,Furniture,Central,1,22000,2200,19800,14000,5800,Completed,Paid
ORD10452,24-02-2025,CUST1172,PROD007,Bookshelf,Furniture,Central,1,8500,0,8500,5000,3500,Pending,Pending
ORD10453,24-02-2025,CUST1246,PROD006,Standing Desk,Furniture,North,4,22000,13200,74800,56000,18800,Completed,Paid
ORD10454,24-02-2025,CUST1377,PROD012,Coffee Maker,Home & Kitchen,East,4,7500,3000,27000,16000,11000,Completed,Paid
ORD10455,24-02-2025,CUST1193,PROD005,Office Chair,Furniture,East,1,15000,2250,12750,9000,3750,Completed,Paid
ORD10456,25-02-2025,CUST1280,PROD003,Wireless Headphones,Electronics,Central,1,6000,600,5400,3500,1900,Pending,Pending
ORD10457,25-02-2025,CUST1225,PROD013,Air Fryer,Home & Kitchen,West,3,9500,0,28500,16500,12000,Completed,Paid
ORD10458,25-02-2025,CUST1345,PROD008,Cotton T-Shirt Pack,Apparel,North,2,1500,0,3000,1200,1800,Pending,Pending
ORD10459,25-02-2025,CUST1367,PROD007,Bookshelf,Furniture,East,1,8500,1275,7225,5000,2225,Completed,Paid
ORD10460,25-02-2025,CUST1299,PROD007,Bookshelf,Furniture,Central,2,8500,2550,14450,10000,4450,Pending,Paid
ORD10461,25-02-2025,CUST1279,PROD001,Laptop,Electronics,West,2,50000,10000,90000,70000,20000,Cancelled,Refunded
ORD10462,25-02-2025,CUST1056,PROD013,Air Fryer,Home & Kitchen,North,2,9500,0,19000,11000,8000,Pending,Pending
ORD10463,25-02-2025,CUST1289,PROD011,Leather Formal Shoes,Footwear,East,4,6500,0,26000,12000,14000,Completed,Paid
ORD10464,26-02-2025,CUST1006,PROD002,Smartphone,Electronics,West,1,32000,3200,28800,22000,6800,Cancelled,Refunded
ORD10465,26-02-2025,CUST1229,PROD006,Standing Desk,Furniture,East,1,22000,1100,20900,14000,6900,Pending,Pending
ORD10466,26-02-2025,CUST1177,PROD001,Laptop,Electronics,East,1,50000,0,50000,35000,15000,Completed,Paid
ORD10467,26-02-2025,CUST1060,PROD014,Backpack,Accessories,North,1,2200,0,2200,900,1300,Completed,Paid
ORD10468,27-02-2025,CUST1248,PROD006,Standing Desk,Furniture,East,1,22000,2200,19800,14000,5800,Completed,Paid
ORD10469,27-02-2025,CUST1164,PROD002,Smartphone,Electronics,West,1,32000,3200,28800,22000,6800,Completed,Paid
ORD10470,27-02-2025,CUST1435,PROD006,Standing Desk,Furniture,South,2,22000,0,44000,28000,16000,Pending,Pending
ORD10471,27-02-2025,CUST1265,PROD003,Wireless Headphones,Electronics,Central,1,6000,300,5700,3500,2200,Completed,Paid
ORD10472,27-02-2025,CUST1119,PROD013,Air Fryer,Home & Kitchen,East,2,9500,0,19000,11000,8000,Pending,Paid
ORD10473,27-02-2025,CUST1203,PROD001,Laptop,Electronics,Central,3,50000,0,150000,105000,45000,Completed,Paid
ORD10474,27-02-2025,CUST1200,PROD001,Laptop,Electronics,North,1,50000,5000,45000,35000,10000,Completed,Paid
ORD10475,27-02-2025,CUST1296,PROD002,Smartphone,Electronics,Central,1,32000,0,32000,22000,10000,Completed,Paid
ORD10476,28-02-2025,CUST1135,PROD011,Leather Formal Shoes,Footwear,East,2,6500,650,12350,6000,6350,Cancelled,Failed
ORD10477,28-02-2025,CUST1313,PROD007,Bookshelf,Furniture,Central,1,8500,0,8500,5000,3500,Completed,Paid
ORD10478,28-02-2025,CUST1317,PROD003,Wireless Headphones,Electronics,West,3,6000,900,17100,10500,6600,Pending,Pending
ORD10479,28-02-2025,CUST1161,PROD002,Smartphone,Electronics,North,1,32000,0,32000,22000,10000,Pending,Pending
ORD10480,28-02-2025,CUST1262,PROD007,Bookshelf,Furniture,East,2,8500,850,16150,10000,6150,Completed,Paid
ORD10481,28-02-2025,CUST1096,PROD008,Cotton T-Shirt Pack,Apparel,Central,2,1500,150,2850,1200,1650,Completed,Paid
ORD10482,28-02-2025,CUST1285,PROD003,Wireless Headphones,Electronics,East,1,6000,0,6000,3500,2500,Completed,Paid
ORD10483,28-02-2025,CUST1318,PROD001,Laptop,Electronics,West,4,50000,10000,190000,140000,50000,Completed,Paid
ORD10484,01-03-2025,CUST1288,PROD009,Denim Jeans,Apparel,East,1,2800,140,2660,1200,1460,Pending,Paid
ORD10485,01-03-2025,CUST1251,PROD003,Wireless Headphones,Electronics,South,2,6000,1200,10800,7000,3800,Completed,Paid
ORD10486,01-03-2025,CUST1150,PROD001,Laptop,Electronics,West,1,50000,0,50000,35000,15000,Completed,Paid
ORD10487,01-03-2025,CUST1290,PROD012,Coffee Maker,Home & Kitchen,East,2,7500,0,15000,8000,7000,Completed,Paid
ORD10488,01-03-2025,CUST1138,PROD013,Air Fryer,Home & Kitchen,Central,3,9500,0,28500,16500,12000,Completed,Paid
ORD10489,01-03-2025,CUST1390,PROD012,Coffee Maker,Home & Kitchen,East,2,7500,2250,12750,8000,4750,Completed,Paid
ORD10490,01-03-2025,CUST1377,PROD014,Backpack,Accessories,North,1,2200,330,1870,900,970,Completed,Paid
ORD10491,01-03-2025,CUST1135,PROD006,Standing Desk,Furniture,South,1,22000,3300,18700,14000,4700,Completed,Paid
ORD10492,01-03-2025,CUST1108,PROD013,Air Fryer,Home & Kitchen,Central,2,9500,1900,17100,11000,6100,Cancelled,Failed
ORD10493,01-03-2025,CUST1085,PROD010,Running Shoes,Footwear,North,2,5500,1100,9900,5000,4900,Completed,Paid
ORD10494,01-03-2025,CUST1292,PROD006,Standing Desk,Furniture,Central,1,22000,1100,20900,14000,6900,Completed,Paid
ORD10495,02-03-2025,CUST1150,PROD005,Office Chair,Furniture,Central,1,15000,1500,13500,9000,4500,Pending,Pending
ORD10496,02-03-2025,CUST1070,PROD013,Air Fryer,Home & Kitchen,East,3,9500,4275,24225,16500,7725,Pending,Pending
ORD10497,02-03-2025,CUST1360,PROD014,Backpack,Accessories,North,1,2200,220,1980,900,1080,Completed,Paid
ORD10498,02-03-2025,CUST1390,PROD014,Backpack,Accessories,East,1,2200,110,2090,900,1190,Completed,Paid
ORD10499,02-03-2025,CUST1322,PROD007,Bookshelf,Furniture,East,1,8500,425,8075,5000,3075,Completed,Paid
ORD10500,02-03-2025,CUST1207,PROD009,Denim Jeans,Apparel,West,2,2800,560,5040,2400,2640,Completed,Paid
ORD10501,02-03-2025,CUST1250,PROD006,Standing Desk,Furniture,Central,1,22000,2200,19800,14000,5800,Pending,Pending
ORD10502,02-03-2025,CUST1375,PROD008,Cotton T-Shirt Pack,Apparel,West,3,1500,450,4050,1800,2250,Completed,Paid
ORD10503,02-03-2025,CUST1112,PROD007,Bookshelf,Furniture,North,1,8500,0,8500,5000,3500,Completed,Paid
ORD10504,02-03-2025,CUST1173,PROD009,Denim Jeans,Apparel,Central,1,2800,280,2520,1200,1320,Completed,Paid
ORD10505,02-03-2025,CUST1350,PROD013,Air Fryer,Home & Kitchen,South,1,9500,475,9025,5500,3525,Completed,Paid
ORD10506,02-03-2025,CUST1009,PROD002,Smartphone,Electronics,North,1,32000,0,32000,22000,10000,Completed,Paid
ORD10507,02-03-2025,CUST1104,PROD012,Coffee Maker,Home & Kitchen,North,3,7500,0,22500,12000,10500,Completed,Paid
ORD10508,03-03-2025,CUST1336,PROD006,Standing Desk,Furniture,West,1,22000,1100,20900,14000,6900,Pending,Pending
ORD10509,03-03-2025,CUST1027,PROD007,Bookshelf,Furniture,West,2,8500,1700,15300,10000,5300,Completed,Paid
ORD10510,03-03-2025,CUST1336,PROD002,Smartphone,Electronics,South,1,32000,1600,30400,22000,8400,Completed,Paid
ORD10511,03-03-2025,CUST1304,PROD004,Smart Watch,Electronics,Central,2,14000,0,28000,16000,12000,Pending,Paid
ORD10512,04-03-2025,CUST1441,PROD007,Bookshelf,Furniture,North,1,8500,0,8500,5000,3500,Completed,Paid
ORD10513,04-03-2025,CUST1375,PROD013,Air Fryer,Home & Kitchen,South,1,9500,0,9500,5500,4000,Completed,Paid
ORD10514,04-03-2025,CUST1071,PROD007,Bookshelf,Furniture,North,2,8500,850,16150,10000,6150,Completed,Paid
ORD10515,04-03-2025,CUST1272,PROD010,Running Shoes,Footwear,South,2,5500,0,11000,5000,6000,Completed,Paid
ORD10516,05-03-2025,CUST1110,PROD011,Leather Formal Shoes,Footwear,North,3,6500,975,18525,9000,9525,Completed,Paid
ORD10517,05-03-2025,CUST1441,PROD004,Smart Watch,Electronics,South,3,14000,0,42000,24000,18000,Completed,Paid
ORD10518,05-03-2025,CUST1302,PROD012,Coffee Maker,Home & Kitchen,East,1,7500,0,7500,4000,3500,Completed,Paid
ORD10519,05-03-2025,CUST1127,PROD005,Office Chair,Furniture,South,1,15000,750,14250,9000,5250,Pending,Paid
ORD10520,05-03-2025,CUST1399,PROD012,Coffee Maker,Home & Kitchen,South,3,7500,1125,21375,12000,9375,Completed,Paid
ORD10521,05-03-2025,CUST1106,PROD009,Denim Jeans,Apparel,Central,2,2800,560,5040,2400,2640,Completed,Paid
ORD10522,05-03-2025,CUST1331,PROD001,Laptop,Electronics,North,1,50000,0,50000,35000,15000,Completed,Paid
ORD10523,05-03-2025,CUST1327,PROD010,Running Shoes,Footwear,South,2,5500,1650,9350,5000,4350,Completed,Paid
ORD10524,05-03-2025,CUST1163,PROD003,Wireless Headphones,Electronics,East,3,6000,900,17100,10500,6600,Completed,Paid
ORD10525,06-03-2025,CUST1350,PROD003,Wireless Headphones,Electronics,East,4,6000,2400,21600,14000,7600,Completed,Paid
ORD10526,06-03-2025,CUST1301,PROD002,Smartphone,Electronics,South,1,32000,0,32000,22000,10000,Completed,Paid
ORD10527,06-03-2025,CUST1405,PROD007,Bookshelf,Furniture,Central,1,8500,850,7650,5000,2650,Completed,Paid
ORD10528,06-03-2025,CUST1217,PROD012,Coffee Maker,Home & Kitchen,East,1,7500,375,7125,4000,3125,Cancelled,Refunded
ORD10529,06-03-2025,CUST1143,PROD002,Smartphone,Electronics,West,1,32000,4800,27200,22000,5200,Completed,Paid
ORD10530,06-03-2025,CUST1275,PROD006,Standing Desk,Furniture,East,2,22000,4400,39600,28000,11600,Pending,Pending
ORD10531,06-03-2025,CUST1159,PROD012,Coffee Maker,Home & Kitchen,East,2,7500,1500,13500,8000,5500,Completed,Paid
ORD10532,06-03-2025,CUST1126,PROD002,Smartphone,Electronics,East,1,32000,1600,30400,22000,8400,Completed,Paid
ORD10533,07-03-2025,CUST1342,PROD012,Coffee Maker,Home & Kitchen,North,1,7500,750,6750,4000,2750,Pending,Pending
ORD10534,07-03-2025,CUST1084,PROD008,Cotton T-Shirt Pack,Apparel,West,2,1500,300,2700,1200,1500,Pending,Paid
ORD10535,07-03-2025,CUST1086,PROD006,Standing Desk,Furniture,North,2,22000,4400,39600,28000,11600,Pending,Pending
ORD10536,07-03-2025,CUST1395,PROD001,Laptop,Electronics,West,3,50000,0,150000,105000,45000,Completed,Paid
ORD10537,07-03-2025,CUST1135,PROD012,Coffee Maker,Home & Kitchen,Central,2,7500,750,14250,8000,6250,Cancelled,Failed
ORD10538,07-03-2025,CUST1029,PROD008,Cotton T-Shirt Pack,Apparel,Central,1,1500,0,1500,600,900,Completed,Paid
ORD10539,07-03-2025,CUST1294,PROD011,Leather Formal Shoes,Footwear,South,1,6500,325,6175,3000,3175,Completed,Paid
ORD10540,07-03-2025,CUST1440,PROD014,Backpack,Accessories,South,1,2200,110,2090,900,1190,Completed,Paid
ORD10541,07-03-2025,CUST1077,PROD003,Wireless Headphones,Electronics,South,2,6000,1800,10200,7000,3200,Pending,Paid
ORD10542,07-03-2025,CUST1115,PROD006,Standing Desk,Furniture,North,1,22000,2200,19800,14000,5800,Completed,Paid
ORD10543,08-03-2025,CUST1293,PROD006,Standing Desk,Furniture,South,2,22000,6600,37400,28000,9400,Completed,Paid
ORD10544,08-03-2025,CUST1115,PROD013,Air Fryer,Home & Kitchen,Central,5,9500,7125,40375,27500,12875,Completed,Paid
ORD10545,08-03-2025,CUST1450,PROD008,Cotton T-Shirt Pack,Apparel,West,2,1500,0,3000,1200,1800,Completed,Paid
ORD10546,08-03-2025,CUST1284,PROD008,Cotton T-Shirt Pack,Apparel,South,1,1500,0,1500,600,900,Completed,Paid
ORD10547,08-03-2025,CUST1379,PROD010,Running Shoes,Footwear,North,1,5500,275,5225,2500,2725,Completed,Paid
ORD10548,08-03-2025,CUST1396,PROD013,Air Fryer,Home & Kitchen,North,2,9500,950,18050,11000,7050,Completed,Paid
ORD10549,08-03-2025,CUST1078,PROD001,Laptop,Electronics,East,1,50000,2500,47500,35000,12500,Pending,Pending
ORD10550,08-03-2025,CUST1172,PROD001,Laptop,Electronics,East,3,50000,15000,135000,105000,30000,Completed,Paid
ORD10551,09-03-2025,CUST1272,PROD004,Smart Watch,Electronics,East,1,14000,0,14000,8000,6000,Completed,Paid
ORD10552,09-03-2025,CUST1365,PROD005,Office Chair,Furniture,South,1,15000,0,15000,9000,6000,Cancelled,Failed
ORD10553,09-03-2025,CUST1359,PROD006,Standing Desk,Furniture,East,5,22000,0,110000,70000,40000,Completed,Paid
ORD10554,09-03-2025,CUST1259,PROD003,Wireless Headphones,Electronics,East,1,6000,300,5700,3500,2200,Completed,Paid
ORD10555,09-03-2025,CUST1340,PROD003,Wireless Headphones,Electronics,North,1,6000,600,5400,3500,1900,Completed,Paid
ORD10556,09-03-2025,CUST1359,PROD014,Backpack,Accessories,West,1,2200,0,2200,900,1300,Completed,Paid
ORD10557,09-03-2025,CUST1104,PROD003,Wireless Headphones,Electronics,Central,1,6000,0,6000,3500,2500,Completed,Paid
ORD10558,09-03-2025,CUST1239,PROD006,Standing Desk,Furniture,East,1,22000,0,22000,14000,8000,Completed,Paid
ORD10559,09-03-2025,CUST1232,PROD005,Office Chair,Furniture,East,1,15000,0,15000,9000,6000,Completed,Paid
ORD10560,10-03-2025,CUST1156,PROD014,Backpack,Accessories,Central,1,2200,220,1980,900,1080,Completed,Paid
ORD10561,10-03-2025,CUST1076,PROD002,Smartphone,Electronics,North,4,32000,0,128000,88000,40000,Completed,Paid
ORD10562,10-03-2025,CUST1347,PROD005,Office Chair,Furniture,West,3,15000,0,45000,27000,18000,Completed,Paid
ORD10563,10-03-2025,CUST1438,PROD008,Cotton T-Shirt Pack,Apparel,Central,2,1500,0,3000,1200,1800,Completed,Paid
ORD10564,10-03-2025,CUST1053,PROD013,Air Fryer,Home & Kitchen,North,1,9500,0,9500,5500,4000,Completed,Paid
ORD10565,10-03-2025,CUST1067,PROD004,Smart Watch,Electronics,East,1,14000,700,13300,8000,5300,Pending,Pending
ORD10566,10-03-2025,CUST1299,PROD010,Running Shoes,Footwear,West,3,5500,0,16500,7500,9000,Completed,Paid
ORD10567,10-03-2025,CUST1102,PROD011,Leather Formal Shoes,Footwear,East,3,6500,0,19500,9000,10500,Completed,Paid
ORD10568,10-03-2025,CUST1063,PROD001,Laptop,Electronics,East,1,50000,7500,42500,35000,7500,Completed,Paid
ORD10569,11-03-2025,CUST1203,PROD008,Cotton T-Shirt Pack,Apparel,South,1,1500,0,1500,600,900,Completed,Paid
ORD10570,11-03-2025,CUST1110,PROD003,Wireless Headphones,Electronics,West,1,6000,600,5400,3500,1900,Completed,Paid
ORD10571,11-03-2025,CUST1315,PROD010,Running Shoes,Footwear,Central,1,5500,0,5500,2500,3000,Completed,Paid
ORD10572,11-03-2025,CUST1282,PROD008,Cotton T-Shirt Pack,Apparel,South,1,1500,0,1500,600,900,Completed,Paid
ORD10573,11-03-2025,CUST1103,PROD011,Leather Formal Shoes,Footwear,Central,1,6500,975,5525,3000,2525,Cancelled,Refunded
ORD10574,11-03-2025,CUST1196,PROD013,Air Fryer,Home & Kitchen,West,1,9500,950,8550,5500,3050,Completed,Paid
ORD10575,11-03-2025,CUST1290,PROD009,Denim Jeans,Apparel,West,1,2800,0,2800,1200,1600,Completed,Paid
ORD10576,11-03-2025,CUST1306,PROD004,Smart Watch,Electronics,South,3,14000,4200,37800,24000,13800,Completed,Paid
ORD10577,11-03-2025,CUST1415,PROD008,Cotton T-Shirt Pack,Apparel,Central,1,1500,75,1425,600,825,Completed,Paid
ORD10578,12-03-2025,CUST1052,PROD004,Smart Watch,Electronics,North,1,14000,1400,12600,8000,4600,Pending,Pending
ORD10579,12-03-2025,CUST1392,PROD004,Smart Watch,Electronics,Central,3,14000,4200,37800,24000,13800,Completed,Paid
ORD10580,12-03-2025,CUST1430,PROD014,Backpack,Accessories,North,1,2200,110,2090,900,1190,Pending,Paid
ORD10581,12-03-2025,CUST1303,PROD001,Laptop,Electronics,West,4,50000,10000,190000,140000,50000,Cancelled,Refunded
ORD10582,12-03-2025,CUST1429,PROD013,Air Fryer,Home & Kitchen,East,2,9500,0,19000,11000,8000,Completed,Paid
ORD10583,13-03-2025,CUST1029,PROD004,Smart Watch,Electronics,Central,1,14000,700,13300,8000,5300,Completed,Paid
ORD10584,13-03-2025,CUST1170,PROD010,Running Shoes,Footwear,North,3,5500,0,16500,7500,9000,Completed,Paid
ORD10585,13-03-2025,CUST1411,PROD014,Backpack,Accessories,West,1,2200,0,2200,900,1300,Pending,Pending
ORD10586,13-03-2025,CUST1397,PROD002,Smartphone,Electronics,Central,3,32000,14400,81600,66000,15600,Completed,Paid
ORD10587,14-03-2025,CUST1340,PROD007,Bookshelf,Furniture,Central,1,8500,0,8500,5000,3500,Completed,Paid
ORD10588,14-03-2025,CUST1081,PROD012,Coffee Maker,Home & Kitchen,East,2,7500,2250,12750,8000,4750,Pending,Paid
ORD10589,14-03-2025,CUST1090,PROD012,Coffee Maker,Home & Kitchen,Central,2,7500,2250,12750,8000,4750,Completed,Paid
ORD10590,14-03-2025,CUST1115,PROD011,Leather Formal Shoes,Footwear,Central,3,6500,0,19500,9000,10500,Pending,Paid
ORD10591,14-03-2025,CUST1066,PROD003,Wireless Headphones,Electronics,South,4,6000,3600,20400,14000,6400,Completed,Paid
ORD10592,14-03-2025,CUST1436,PROD013,Air Fryer,Home & Kitchen,Central,1,9500,475,9025,5500,3525,Cancelled,Refunded
ORD10593,14-03-2025,CUST1328,PROD010,Running Shoes,Footwear,South,4,5500,0,22000,10000,12000,Pending,Pending
ORD10594,14-03-2025,CUST1122,PROD006,Standing Desk,Furniture,West,1,22000,2200,19800,14000,5800,Completed,Paid
ORD10595,14-03-2025,CUST1421,PROD012,Coffee Maker,Home & Kitchen,West,1,7500,0,7500,4000,3500,Completed,Paid
ORD10596,14-03-2025,CUST1355,PROD002,Smartphone,Electronics,West,1,32000,0,32000,22000,10000,Completed,Paid
ORD10597,14-03-2025,CUST1025,PROD007,Bookshelf,Furniture,East,2,8500,2550,14450,10000,4450,Completed,Paid
ORD10598,14-03-2025,CUST1253,PROD007,Bookshelf,Furniture,West,2,8500,0,17000,10000,7000,Completed,Paid
ORD10599,14-03-2025,CUST1404,PROD014,Backpack,Accessories,Central,2,2200,220,4180,1800,2380,Completed,Paid
ORD10600,15-03-2025,CUST1038,PROD013,Air Fryer,Home & Kitchen,South,1,9500,0,9500,5500,4000,Completed,Paid
ORD10601,15-03-2025,CUST1038,PROD006,Standing Desk,Furniture,North,3,22000,0,66000,42000,24000,Completed,Paid
ORD10602,15-03-2025,CUST1281,PROD002,Smartphone,Electronics,West,2,32000,3200,60800,44000,16800,Completed,Paid
ORD10603,15-03-2025,CUST1361,PROD001,Laptop,Electronics,East,4,50000,0,200000,140000,60000,Completed,Paid
ORD10604,15-03-2025,CUST1081,PROD001,Laptop,Electronics,South,1,50000,7500,42500,35000,7500,Completed,Paid
ORD10605,15-03-2025,CUST1357,PROD009,Denim Jeans,Apparel,Central,1,2800,0,2800,1200,1600,Completed,Paid
ORD10606,15-03-2025,CUST1050,PROD001,Laptop,Electronics,East,2,50000,10000,90000,70000,20000,Completed,Paid
ORD10607,15-03-2025,CUST1028,PROD006,Standing Desk,Furniture,South,1,22000,0,22000,14000,8000,Pending,Paid
ORD10608,15-03-2025,CUST1103,PROD002,Smartphone,Electronics,South,1,32000,1600,30400,22000,8400,Completed,Paid
ORD10609,15-03-2025,CUST1243,PROD014,Backpack,Accessories,South,1,2200,0,2200,900,1300,Completed,Paid
ORD10610,15-03-2025,CUST1339,PROD005,Office Chair,Furniture,South,2,15000,0,30000,18000,12000,Completed,Paid
ORD10611,16-03-2025,CUST1190,PROD003,Wireless Headphones,Electronics,East,1,6000,0,6000,3500,2500,Completed,Paid
ORD10612,16-03-2025,CUST1116,PROD014,Backpack,Accessories,West,2,2200,0,4400,1800,2600,Pending,Pending
ORD10613,16-03-2025,CUST1044,PROD011,Leather Formal Shoes,Footwear,West,3,6500,0,19500,9000,10500,Cancelled,Refunded
ORD10614,16-03-2025,CUST1284,PROD001,Laptop,Electronics,East,3,50000,0,150000,105000,45000,Cancelled,Failed
ORD10615,16-03-2025,CUST1294,PROD004,Smart Watch,Electronics,East,1,14000,0,14000,8000,6000,Pending,Pending
ORD10616,16-03-2025,CUST1258,PROD010,Running Shoes,Footwear,Central,3,5500,825,15675,7500,8175,Cancelled,Refunded
ORD10617,16-03-2025,CUST1062,PROD013,Air Fryer,Home & Kitchen,East,1,9500,1425,8075,5500,2575,Completed,Paid
ORD10618,16-03-2025,CUST1414,PROD004,Smart Watch,Electronics,North,1,14000,0,14000,8000,6000,Pending,Paid
ORD10619,16-03-2025,CUST1104,PROD014,Backpack,Accessories,North,3,2200,0,6600,2700,3900,Pending,Pending
ORD10620,16-03-2025,CUST1045,PROD007,Bookshelf,Furniture,Central,1,8500,0,8500,5000,3500,Completed,Paid
ORD10621,16-03-2025,CUST1267,PROD008,Cotton T-Shirt Pack,Apparel,South,2,1500,150,2850,1200,1650,Cancelled,Failed
ORD10622,17-03-2025,CUST1213,PROD003,Wireless Headphones,Electronics,North,2,6000,600,11400,7000,4400,Completed,Paid
ORD10623,17-03-2025,CUST1055,PROD010,Running Shoes,Footwear,South,2,5500,1100,9900,5000,4900,Completed,Paid
ORD10624,17-03-2025,CUST1450,PROD007,Bookshelf,Furniture,West,1,8500,425,8075,5000,3075,Cancelled,Failed
ORD10625,17-03-2025,CUST1020,PROD003,Wireless Headphones,Electronics,West,1,6000,300,5700,3500,2200,Pending,Paid
ORD10626,18-03-2025,CUST1203,PROD006,Standing Desk,Furniture,North,1,22000,1100,20900,14000,6900,Completed,Paid
ORD10627,18-03-2025,CUST1191,PROD001,Laptop,Electronics,West,3,50000,0,150000,105000,45000,Completed,Paid
ORD10628,18-03-2025,CUST1432,PROD008,Cotton T-Shirt Pack,Apparel,South,5,1500,0,7500,3000,4500,Completed,Paid
ORD10629,18-03-2025,CUST1381,PROD008,Cotton T-Shirt Pack,Apparel,West,1,1500,0,1500,600,900,Pending,Pending
ORD10630,19-03-2025,CUST1227,PROD004,Smart Watch,Electronics,East,2,14000,2800,25200,16000,9200,Completed,Paid
ORD10631,19-03-2025,CUST1421,PROD001,Laptop,Electronics,Central,2,50000,0,100000,70000,30000,Pending,Paid
ORD10632,19-03-2025,CUST1070,PROD013,Air Fryer,Home & Kitchen,Central,3,9500,0,28500,16500,12000,Completed,Paid
ORD10633,19-03-2025,CUST1449,PROD014,Backpack,Accessories,North,3,2200,0,6600,2700,3900,Completed,Paid
ORD10634,19-03-2025,CUST1026,PROD006,Standing Desk,Furniture,North,1,22000,2200,19800,14000,5800,Cancelled,Failed
ORD10635,20-03-2025,CUST1064,PROD011,Leather Formal Shoes,Footwear,South,1,6500,325,6175,3000,3175,Completed,Paid
ORD10636,20-03-2025,CUST1091,PROD014,Backpack,Accessories,East,2,2200,0,4400,1800,2600,Completed,Paid
ORD10637,20-03-2025,CUST1429,PROD005,Office Chair,Furniture,South,1,15000,0,15000,9000,6000,Completed,Paid
ORD10638,20-03-2025,CUST1438,PROD010,Running Shoes,Footwear,North,3,5500,825,15675,7500,8175,Pending,Pending
ORD10639,20-03-2025,CUST1138,PROD011,Leather Formal Shoes,Footwear,East,2,6500,1300,11700,6000,5700,Pending,Pending
ORD10640,20-03-2025,CUST1243,PROD003,Wireless Headphones,Electronics,North,2,6000,0,12000,7000,5000,Completed,Paid
ORD10641,20-03-2025,CUST1312,PROD013,Air Fryer,Home & Kitchen,West,2,9500,1900,17100,11000,6100,Completed,Paid
ORD10642,20-03-2025,CUST1217,PROD007,Bookshelf,Furniture,West,1,8500,0,8500,5000,3500,Completed,Paid
ORD10643,20-03-2025,CUST1347,PROD009,Denim Jeans,Apparel,Central,1,2800,0,2800,1200,1600,Cancelled,Failed
ORD10644,21-03-2025,CUST1332,PROD010,Running Shoes,Footwear,Central,1,5500,275,5225,2500,2725,Completed,Paid
ORD10645,21-03-2025,CUST1033,PROD006,Standing Desk,Furniture,West,2,22000,4400,39600,28000,11600,Completed,Paid
ORD10646,21-03-2025,CUST1336,PROD012,Coffee Maker,Home & Kitchen,West,1,7500,375,7125,4000,3125,Completed,Paid
ORD10647,21-03-2025,CUST1030,PROD013,Air Fryer,Home & Kitchen,Central,1,9500,0,9500,5500,4000,Completed,Paid
ORD10648,21-03-2025,CUST1370,PROD001,Laptop,Electronics,East,5,50000,0,250000,175000,75000,Completed,Paid
ORD10649,21-03-2025,CUST1208,PROD007,Bookshelf,Furniture,South,2,8500,2550,14450,10000,4450,Completed,Paid
ORD10650,21-03-2025,CUST1176,PROD012,Coffee Maker,Home & Kitchen,North,2,7500,750,14250,8000,6250,Completed,Paid
ORD10651,21-03-2025,CUST1344,PROD006,Standing Desk,Furniture,Central,1,22000,0,22000,14000,8000,Pending,Pending
ORD10652,21-03-2025,CUST1151,PROD002,Smartphone,Electronics,East,1,32000,0,32000,22000,10000,Cancelled,Refunded
ORD10653,21-03-2025,CUST1349,PROD006,Standing Desk,Furniture,South,1,22000,0,22000,14000,8000,Completed,Paid
ORD10654,21-03-2025,CUST1216,PROD013,Air Fryer,Home & Kitchen,West,1,9500,475,9025,5500,3525,Completed,Paid
ORD10655,21-03-2025,CUST1436,PROD002,Smartphone,Electronics,East,1,32000,1600,30400,22000,8400,Cancelled,Refunded
ORD10656,22-03-2025,CUST1100,PROD009,Denim Jeans,Apparel,South,3,2800,0,8400,3600,4800,Completed,Paid
ORD10657,22-03-2025,CUST1212,PROD001,Laptop,Electronics,North,1,50000,0,50000,35000,15000,Completed,Paid
ORD10658,22-03-2025,CUST1292,PROD008,Cotton T-Shirt Pack,Apparel,North,1,1500,150,1350,600,750,Completed,Paid
ORD10659,22-03-2025,CUST1250,PROD006,Standing Desk,Furniture,North,1,22000,0,22000,14000,8000,Completed,Paid
ORD10660,22-03-2025,CUST1141,PROD004,Smart Watch,Electronics,North,2,14000,0,28000,16000,12000,Completed,Paid
ORD10661,22-03-2025,CUST1067,PROD010,Running Shoes,Footwear,East,2,5500,0,11000,5000,6000,Completed,Paid
ORD10662,22-03-2025,CUST1197,PROD001,Laptop,Electronics,South,2,50000,10000,90000,70000,20000,Completed,Paid
ORD10663,22-03-2025,CUST1165,PROD013,Air Fryer,Home & Kitchen,Central,1,9500,475,9025,5500,3525,Pending,Pending
ORD10664,22-03-2025,CUST1116,PROD012,Coffee Maker,Home & Kitchen,West,1,7500,0,7500,4000,3500,Cancelled,Failed
ORD10665,22-03-2025,CUST1086,PROD002,Smartphone,Electronics,South,1,32000,0,32000,22000,10000,Pending,Paid
ORD10666,22-03-2025,CUST1223,PROD011,Leather Formal Shoes,Footwear,North,1,6500,975,5525,3000,2525,Completed,Paid
ORD10667,23-03-2025,CUST1085,PROD013,Air Fryer,Home & Kitchen,East,1,9500,0,9500,5500,4000,Completed,Paid
ORD10668,23-03-2025,CUST1109,PROD012,Coffee Maker,Home & Kitchen,South,2,7500,0,15000,8000,7000,Completed,Paid
ORD10669,23-03-2025,CUST1365,PROD011,Leather Formal Shoes,Footwear,South,1,6500,325,6175,3000,3175,Cancelled,Refunded
ORD10670,23-03-2025,CUST1305,PROD001,Laptop,Electronics,South,2,50000,0,100000,70000,30000,Pending,Pending
ORD10671,23-03-2025,CUST1214,PROD008,Cotton T-Shirt Pack,Apparel,East,1,1500,0,1500,600,900,Pending,Pending
ORD10672,23-03-2025,CUST1106,PROD012,Coffee Maker,Home & Kitchen,South,1,7500,375,7125,4000,3125,Pending,Paid
ORD10673,23-03-2025,CUST1319,PROD010,Running Shoes,Footwear,North,1,5500,550,4950,2500,2450,Cancelled,Refunded
ORD10674,23-03-2025,CUST1145,PROD002,Smartphone,Electronics,South,1,32000,1600,30400,22000,8400,Completed,Paid
ORD10675,23-03-2025,CUST1426,PROD009,Denim Jeans,Apparel,North,1,2800,0,2800,1200,1600,Completed,Paid
ORD10676,24-03-2025,CUST1281,PROD008,Cotton T-Shirt Pack,Apparel,North,2,1500,150,2850,1200,1650,Completed,Paid
ORD10677,24-03-2025,CUST1002,PROD001,Laptop,Electronics,South,3,50000,15000,135000,105000,30000,Pending,Paid
ORD10678,24-03-2025,CUST1077,PROD002,Smartphone,Electronics,Central,1,32000,3200,28800,22000,6800,Completed,Paid
ORD10679,24-03-2025,CUST1330,PROD004,Smart Watch,Electronics,East,5,14000,0,70000,40000,30000,Completed,Paid
ORD10680,25-03-2025,CUST1052,PROD014,Backpack,Accessories,North,3,2200,660,5940,2700,3240,Completed,Paid
ORD10681,25-03-2025,CUST1411,PROD011,Leather Formal Shoes,Footwear,West,1,6500,0,6500,3000,3500,Completed,Paid
ORD10682,25-03-2025,CUST1005,PROD014,Backpack,Accessories,North,2,2200,0,4400,1800,2600,Completed,Paid
ORD10683,25-03-2025,CUST1225,PROD010,Running Shoes,Footwear,West,3,5500,0,16500,7500,9000,Completed,Paid
ORD10684,26-03-2025,CUST1059,PROD007,Bookshelf,Furniture,East,4,8500,0,34000,20000,14000,Completed,Paid
ORD10685,26-03-2025,CUST1354,PROD014,Backpack,Accessories,East,2,2200,220,4180,1800,2380,Completed,Paid
ORD10686,26-03-2025,CUST1058,PROD003,Wireless Headphones,Electronics,South,5,6000,3000,27000,17500,9500,Completed,Paid
ORD10687,26-03-2025,CUST1214,PROD010,Running Shoes,Footwear,East,3,5500,825,15675,7500,8175,Completed,Paid
ORD10688,26-03-2025,CUST1313,PROD007,Bookshelf,Furniture,West,2,8500,1700,15300,10000,5300,Pending,Pending
ORD10689,27-03-2025,CUST1250,PROD002,Smartphone,Electronics,East,1,32000,0,32000,22000,10000,Pending,Paid
ORD10690,27-03-2025,CUST1007,PROD012,Coffee Maker,Home & Kitchen,Central,2,7500,750,14250,8000,6250,Cancelled,Refunded
ORD10691,27-03-2025,CUST1343,PROD014,Backpack,Accessories,West,2,2200,220,4180,1800,2380,Cancelled,Refunded
ORD10692,27-03-2025,CUST1222,PROD011,Leather Formal Shoes,Footwear,North,1,6500,325,6175,3000,3175,Pending,Paid
ORD10693,27-03-2025,CUST1077,PROD014,Backpack,Accessories,Central,3,2200,330,6270,2700,3570,Completed,Paid
ORD10694,27-03-2025,CUST1330,PROD003,Wireless Headphones,Electronics,Central,3,6000,1800,16200,10500,5700,Completed,Paid
ORD10695,27-03-2025,CUST1039,PROD013,Air Fryer,Home & Kitchen,East,1,9500,0,9500,5500,4000,Completed,Paid
ORD10696,28-03-2025,CUST1260,PROD004,Smart Watch,Electronics,Central,2,14000,0,28000,16000,12000,Completed,Paid
ORD10697,28-03-2025,CUST1041,PROD008,Cotton T-Shirt Pack,Apparel,East,3,1500,0,4500,1800,2700,Completed,Paid
ORD10698,28-03-2025,CUST1229,PROD006,Standing Desk,Furniture,South,5,22000,11000,99000,70000,29000,Completed,Paid
ORD10699,28-03-2025,CUST1053,PROD007,Bookshelf,Furniture,East,1,8500,425,8075,5000,3075,Completed,Paid
ORD10700,28-03-2025,CUST1406,PROD010,Running Shoes,Footwear,Central,2,5500,1100,9900,5000,4900,Cancelled,Refunded
ORD10701,28-03-2025,CUST1336,PROD011,Leather Formal Shoes,Footwear,East,4,6500,0,26000,12000,14000,Completed,Paid
ORD10702,28-03-2025,CUST1419,PROD004,Smart Watch,Electronics,East,1,14000,1400,12600,8000,4600,Cancelled,Failed
ORD10703,28-03-2025,CUST1367,PROD011,Leather Formal Shoes,Footwear,West,2,6500,0,13000,6000,7000,Pending,Pending
ORD10704,29-03-2025,CUST1175,PROD006,Standing Desk,Furniture,West,2,22000,0,44000,28000,16000,Completed,Paid
ORD10705,29-03-2025,CUST1024,PROD003,Wireless Headphones,Electronics,East,1,6000,600,5400,3500,1900,Pending,Paid
ORD10706,29-03-2025,CUST1055,PROD005,Office Chair,Furniture,Central,1,15000,0,15000,9000,6000,Completed,Paid
ORD10707,29-03-2025,CUST1111,PROD008,Cotton T-Shirt Pack,Apparel,North,2,1500,0,3000,1200,1800,Completed,Paid
ORD10708,29-03-2025,CUST1024,PROD011,Leather Formal Shoes,Footwear,Central,1,6500,650,5850,3000,2850,Completed,Paid
ORD10709,29-03-2025,CUST1338,PROD010,Running Shoes,Footwear,Central,1,5500,275,5225,2500,2725,Cancelled,Refunded
ORD10710,29-03-2025,CUST1284,PROD007,Bookshelf,Furniture,Central,1,8500,425,8075,5000,3075,Completed,Paid
ORD10711,29-03-2025,CUST1355,PROD010,Running Shoes,Footwear,North,2,5500,0,11000,5000,6000,Completed,Paid
ORD10712,30-03-2025,CUST1308,PROD010,Running Shoes,Footwear,West,2,5500,0,11000,5000,6000,Cancelled,Refunded
ORD10713,30-03-2025,CUST1141,PROD007,Bookshelf,Furniture,West,5,8500,2125,40375,25000,15375,Completed,Paid
ORD10714,30-03-2025,CUST1071,PROD007,Bookshelf,Furniture,Central,2,8500,1700,15300,10000,5300,Completed,Paid
ORD10715,30-03-2025,CUST1432,PROD012,Coffee Maker,Home & Kitchen,Central,3,7500,2250,20250,12000,8250,Cancelled,Refunded
ORD10716,30-03-2025,CUST1103,PROD004,Smart Watch,Electronics,Central,2,14000,1400,26600,16000,10600,Pending,Pending
ORD10717,30-03-2025,CUST1364,PROD011,Leather Formal Shoes,Footwear,North,2,6500,650,12350,6000,6350,Completed,Paid
ORD10718,30-03-2025,CUST1364,PROD002,Smartphone,Electronics,West,2,32000,3200,60800,44000,16800,Pending,Paid
ORD10719,30-03-2025,CUST1346,PROD012,Coffee Maker,Home & Kitchen,Central,1,7500,750,6750,4000,2750,Completed,Paid
ORD10720,30-03-2025,CUST1268,PROD002,Smartphone,Electronics,South,1,32000,0,32000,22000,10000,Completed,Paid
ORD10721,30-03-2025,CUST1103,PROD005,Office Chair,Furniture,North,5,15000,3750,71250,45000,26250,Completed,Paid
ORD10722,30-03-2025,CUST1430,PROD001,Laptop,Electronics,West,1,50000,2500,47500,35000,12500,Completed,Paid
ORD10723,30-03-2025,CUST1417,PROD008,Cotton T-Shirt Pack,Apparel,South,2,1500,150,2850,1200,1650,Cancelled,Refunded
ORD10724,30-03-2025,CUST1381,PROD011,Leather Formal Shoes,Footwear,Central,1,6500,325,6175,3000,3175,Pending,Paid
ORD10725,31-03-2025,CUST1341,PROD001,Laptop,Electronics,East,1,50000,7500,42500,35000,7500,Pending,Paid
ORD10726,31-03-2025,CUST1283,PROD001,Laptop,Electronics,South,2,50000,0,100000,70000,30000,Completed,Paid
ORD10727,31-03-2025,CUST1425,PROD004,Smart Watch,Electronics,West,2,14000,1400,26600,16000,10600,Cancelled,Refunded
ORD10728,31-03-2025,CUST1398,PROD012,Coffee Maker,Home & Kitchen,North,1,7500,0,7500,4000,3500,Pending,Pending
ORD10729,31-03-2025,CUST1096,PROD003,Wireless Headphones,Electronics,Central,1,6000,0,6000,3500,2500,Completed,Paid
ORD10730,31-03-2025,CUST1285,PROD005,Office Chair,Furniture,North,1,15000,1500,13500,9000,4500,Completed,Paid
ORD10731,31-03-2025,CUST1170,PROD008,Cotton T-Shirt Pack,Apparel,North,1,1500,225,1275,600,675,Cancelled,Refunded
ORD10732,31-03-2025,CUST1397,PROD011,Leather Formal Shoes,Footwear,Central,3,6500,0,19500,9000,10500,Cancelled,Failed
ORD10733,31-03-2025,CUST1038,PROD013,Air Fryer,Home & Kitchen,West,2,9500,2850,16150,11000,5150,Cancelled,Refunded
ORD10734,01-04-2025,CUST1082,PROD007,Bookshelf,Furniture,Central,2,8500,0,17000,10000,7000,Completed,Paid
ORD10735,01-04-2025,CUST1110,PROD011,Leather Formal Shoes,Footwear,West,1,6500,0,6500,3000,3500,Cancelled,Failed
ORD10736,01-04-2025,CUST1288,PROD014,Backpack,Accessories,South,1,2200,0,2200,900,1300,Completed,Paid
ORD10737,01-04-2025,CUST1329,PROD010,Running Shoes,Footwear,Central,1,5500,0,5500,2500,3000,Completed,Paid
ORD10738,01-04-2025,CUST1196,PROD013,Air Fryer,Home & Kitchen,South,1,9500,475,9025,5500,3525,Completed,Paid
ORD10739,01-04-2025,CUST1013,PROD009,Denim Jeans,Apparel,West,2,2800,280,5320,2400,2920,Completed,Paid
ORD10740,01-04-2025,CUST1023,PROD005,Office Chair,Furniture,North,1,15000,0,15000,9000,6000,Completed,Paid
ORD10741,01-04-2025,CUST1086,PROD013,Air Fryer,Home & Kitchen,Central,2,9500,950,18050,11000,7050,Completed,Paid
ORD10742,02-04-2025,CUST1323,PROD013,Air Fryer,Home & Kitchen,North,3,9500,0,28500,16500,12000,Completed,Paid
ORD10743,02-04-2025,CUST1106,PROD009,Denim Jeans,Apparel,East,2,2800,840,4760,2400,2360,Pending,Pending
ORD10744,02-04-2025,CUST1013,PROD008,Cotton T-Shirt Pack,Apparel,West,1,1500,0,1500,600,900,Completed,Paid
ORD10745,02-04-2025,CUST1407,PROD005,Office Chair,Furniture,Central,1,15000,1500,13500,9000,4500,Completed,Paid
ORD10746,02-04-2025,CUST1209,PROD007,Bookshelf,Furniture,East,2,8500,0,17000,10000,7000,Completed,Paid
ORD10747,02-04-2025,CUST1200,PROD011,Leather Formal Shoes,Footwear,South,2,6500,650,12350,6000,6350,Cancelled,Refunded
ORD10748,02-04-2025,CUST1388,PROD012,Coffee Maker,Home & Kitchen,Central,1,7500,750,6750,4000,2750,Completed,Paid
ORD10749,02-04-2025,CUST1258,PROD002,Smartphone,Electronics,West,2,32000,0,64000,44000,20000,Completed,Paid
ORD10750,02-04-2025,CUST1145,PROD013,Air Fryer,Home & Kitchen,East,1,9500,950,8550,5500,3050,Completed,Paid
ORD10751,03-04-2025,CUST1081,PROD009,Denim Jeans,Apparel,North,1,2800,0,2800,1200,1600,Cancelled,Failed
ORD10752,03-04-2025,CUST1325,PROD003,Wireless Headphones,Electronics,West,2,6000,1800,10200,7000,3200,Pending,Paid
ORD10753,03-04-2025,CUST1006,PROD009,Denim Jeans,Apparel,Central,1,2800,0,2800,1200,1600,Cancelled,Failed
ORD10754,03-04-2025,CUST1276,PROD009,Denim Jeans,Apparel,South,1,2800,280,2520,1200,1320,Pending,Paid
ORD10755,03-04-2025,CUST1109,PROD007,Bookshelf,Furniture,Central,1,8500,0,8500,5000,3500,Cancelled,Failed
ORD10756,03-04-2025,CUST1100,PROD002,Smartphone,Electronics,North,2,32000,3200,60800,44000,16800,Completed,Paid
ORD10757,03-04-2025,CUST1436,PROD013,Air Fryer,Home & Kitchen,Central,1,9500,475,9025,5500,3525,Completed,Paid
ORD10758,04-04-2025,CUST1035,PROD005,Office Chair,Furniture,South,1,15000,750,14250,9000,5250,Completed,Paid
ORD10759,04-04-2025,CUST1183,PROD003,Wireless Headphones,Electronics,North,1,6000,300,5700,3500,2200,Completed,Paid
ORD10760,04-04-2025,CUST1163,PROD008,Cotton T-Shirt Pack,Apparel,East,1,1500,75,1425,600,825,Pending,Pending
ORD10761,04-04-2025,CUST1290,PROD010,Running Shoes,Footwear,West,3,5500,2475,14025,7500,6525,Completed,Paid
ORD10762,04-04-2025,CUST1003,PROD006,Standing Desk,Furniture,North,2,22000,4400,39600,28000,11600,Pending,Paid
ORD10763,04-04-2025,CUST1142,PROD014,Backpack,Accessories,West,1,2200,220,1980,900,1080,Completed,Paid
ORD10764,04-04-2025,CUST1237,PROD008,Cotton T-Shirt Pack,Apparel,West,2,1500,150,2850,1200,1650,Completed,Paid
ORD10765,04-04-2025,CUST1090,PROD011,Leather Formal Shoes,Footwear,Central,1,6500,0,6500,3000,3500,Completed,Paid
ORD10766,04-04-2025,CUST1276,PROD004,Smart Watch,Electronics,West,2,14000,1400,26600,16000,10600,Pending,Pending
ORD10767,04-04-2025,CUST1010,PROD014,Backpack,Accessories,Central,2,2200,440,3960,1800,2160,Cancelled,Failed
ORD10768,04-04-2025,CUST1394,PROD010,Running Shoes,Footwear,North,3,5500,825,15675,7500,8175,Cancelled,Failed
ORD10769,04-04-2025,CUST1335,PROD013,Air Fryer,Home & Kitchen,North,1,9500,0,9500,5500,4000,Cancelled,Failed
ORD10770,04-04-2025,CUST1069,PROD008,Cotton T-Shirt Pack,Apparel,Central,2,1500,0,3000,1200,1800,Cancelled,Refunded
ORD10771,05-04-2025,CUST1123,PROD014,Backpack,Accessories,Central,2,2200,440,3960,1800,2160,Completed,Paid
ORD10772,05-04-2025,CUST1229,PROD003,Wireless Headphones,Electronics,North,2,6000,600,11400,7000,4400,Completed,Paid
ORD10773,05-04-2025,CUST1377,PROD012,Coffee Maker,Home & Kitchen,East,4,7500,0,30000,16000,14000,Completed,Paid
ORD10774,05-04-2025,CUST1119,PROD002,Smartphone,Electronics,West,1,32000,0,32000,22000,10000,Completed,Paid
ORD10775,05-04-2025,CUST1266,PROD013,Air Fryer,Home & Kitchen,West,1,9500,1425,8075,5500,2575,Completed,Paid
ORD10776,05-04-2025,CUST1021,PROD011,Leather Formal Shoes,Footwear,West,1,6500,975,5525,3000,2525,Pending,Paid
ORD10777,05-04-2025,CUST1428,PROD012,Coffee Maker,Home & Kitchen,West,2,7500,750,14250,8000,6250,Completed,Paid
ORD10778,05-04-2025,CUST1335,PROD007,Bookshelf,Furniture,West,2,8500,1700,15300,10000,5300,Completed,Paid
ORD10779,05-04-2025,CUST1265,PROD005,Office Chair,Furniture,East,5,15000,0,75000,45000,30000,Completed,Paid
ORD10780,05-04-2025,CUST1181,PROD014,Backpack,Accessories,West,1,2200,110,2090,900,1190,Cancelled,Refunded
ORD10781,05-04-2025,CUST1257,PROD003,Wireless Headphones,Electronics,East,1,6000,0,6000,3500,2500,Pending,Paid
ORD10782,05-04-2025,CUST1109,PROD003,Wireless Headphones,Electronics,North,1,6000,300,5700,3500,2200,Completed,Paid
ORD10783,05-04-2025,CUST1339,PROD004,Smart Watch,Electronics,East,3,14000,4200,37800,24000,13800,Completed,Paid
ORD10784,06-04-2025,CUST1246,PROD008,Cotton T-Shirt Pack,Apparel,North,2,1500,150,2850,1200,1650,Completed,Paid
ORD10785,06-04-2025,CUST1012,PROD004,Smart Watch,Electronics,South,1,14000,700,13300,8000,5300,Completed,Paid
ORD10786,06-04-2025,CUST1323,PROD009,Denim Jeans,Apparel,South,3,2800,0,8400,3600,4800,Completed,Paid
ORD10787,06-04-2025,CUST1133,PROD003,Wireless Headphones,Electronics,Central,4,6000,1200,22800,14000,8800,Cancelled,Refunded
ORD10788,06-04-2025,CUST1450,PROD012,Coffee Maker,Home & Kitchen,West,4,7500,0,30000,16000,14000,Cancelled,Failed
ORD10789,06-04-2025,CUST1445,PROD008,Cotton T-Shirt Pack,Apparel,North,1,1500,0,1500,600,900,Completed,Paid
ORD10790,06-04-2025,CUST1407,PROD010,Running Shoes,Footwear,North,2,5500,550,10450,5000,5450,Completed,Paid
ORD10791,06-04-2025,CUST1371,PROD011,Leather Formal Shoes,Footwear,West,4,6500,1300,24700,12000,12700,Completed,Paid
ORD10792,06-04-2025,CUST1118,PROD007,Bookshelf,Furniture,East,1,8500,0,8500,5000,3500,Cancelled,Failed
ORD10793,06-04-2025,CUST1424,PROD003,Wireless Headphones,Electronics,Central,1,6000,300,5700,3500,2200,Cancelled,Refunded
ORD10794,06-04-2025,CUST1450,PROD013,Air Fryer,Home & Kitchen,Central,2,9500,0,19000,11000,8000,Completed,Paid
ORD10795,06-04-2025,CUST1338,PROD003,Wireless Headphones,Electronics,Central,2,6000,0,12000,7000,5000,Pending,Paid
ORD10796,06-04-2025,CUST1268,PROD007,Bookshelf,Furniture,West,3,8500,1275,24225,15000,9225,Completed,Paid
ORD10797,07-04-2025,CUST1411,PROD008,Cotton T-Shirt Pack,Apparel,East,1,1500,150,1350,600,750,Pending,Pending
ORD10798,07-04-2025,CUST1218,PROD003,Wireless Headphones,Electronics,West,1,6000,0,6000,3500,2500,Completed,Paid
ORD10799,07-04-2025,CUST1146,PROD010,Running Shoes,Footwear,Central,1,5500,0,5500,2500,3000,Pending,Pending
ORD10800,07-04-2025,CUST1296,PROD009,Denim Jeans,Apparel,South,2,2800,0,5600,2400,3200,Completed,Paid
ORD10801,07-04-2025,CUST1353,PROD013,Air Fryer,Home & Kitchen,West,1,9500,0,9500,5500,4000,Completed,Paid
ORD10802,08-04-2025,CUST1300,PROD005,Office Chair,Furniture,West,3,15000,0,45000,27000,18000,Completed,Paid
ORD10803,08-04-2025,CUST1314,PROD005,Office Chair,Furniture,East,2,15000,0,30000,18000,12000,Cancelled,Failed
ORD10804,08-04-2025,CUST1092,PROD006,Standing Desk,Furniture,Central,2,22000,0,44000,28000,16000,Completed,Paid
ORD10805,08-04-2025,CUST1296,PROD006,Standing Desk,Furniture,East,2,22000,4400,39600,28000,11600,Pending,Pending
ORD10806,08-04-2025,CUST1383,PROD004,Smart Watch,Electronics,East,2,14000,4200,23800,16000,7800,Completed,Paid
ORD10807,08-04-2025,CUST1110,PROD009,Denim Jeans,Apparel,East,2,2800,560,5040,2400,2640,Cancelled,Refunded
ORD10808,08-04-2025,CUST1083,PROD007,Bookshelf,Furniture,South,3,8500,2550,22950,15000,7950,Completed,Paid
ORD10809,08-04-2025,CUST1308,PROD007,Bookshelf,Furniture,South,1,8500,0,8500,5000,3500,Completed,Paid
ORD10810,08-04-2025,CUST1312,PROD001,Laptop,Electronics,East,4,50000,0,200000,140000,60000,Pending,Paid
ORD10811,09-04-2025,CUST1306,PROD001,Laptop,Electronics,North,2,50000,0,100000,70000,30000,Completed,Paid
ORD10812,09-04-2025,CUST1436,PROD011,Leather Formal Shoes,Footwear,Central,1,6500,0,6500,3000,3500,Cancelled,Refunded
ORD10813,09-04-2025,CUST1315,PROD003,Wireless Headphones,Electronics,South,1,6000,300,5700,3500,2200,Completed,Paid
ORD10814,09-04-2025,CUST1045,PROD005,Office Chair,Furniture,East,1,15000,0,15000,9000,6000,Cancelled,Refunded
ORD10815,09-04-2025,CUST1266,PROD001,Laptop,Electronics,South,3,50000,7500,142500,105000,37500,Pending,Paid
ORD10816,09-04-2025,CUST1178,PROD014,Backpack,Accessories,West,1,2200,330,1870,900,970,Completed,Paid
ORD10817,09-04-2025,CUST1207,PROD010,Running Shoes,Footwear,South,1,5500,0,5500,2500,3000,Completed,Paid
ORD10818,09-04-2025,CUST1287,PROD002,Smartphone,Electronics,Central,1,32000,4800,27200,22000,5200,Cancelled,Failed
ORD10819,09-04-2025,CUST1449,PROD009,Denim Jeans,Apparel,Central,1,2800,0,2800,1200,1600,Completed,Paid
ORD10820,10-04-2025,CUST1248,PROD013,Air Fryer,Home & Kitchen,North,2,9500,2850,16150,11000,5150,Completed,Paid
ORD10821,10-04-2025,CUST1349,PROD008,Cotton T-Shirt Pack,Apparel,Central,3,1500,225,4275,1800,2475,Completed,Paid
ORD10822,10-04-2025,CUST1035,PROD007,Bookshelf,Furniture,North,2,8500,0,17000,10000,7000,Completed,Paid
ORD10823,10-04-2025,CUST1212,PROD006,Standing Desk,Furniture,Central,2,22000,4400,39600,28000,11600,Completed,Paid
ORD10824,10-04-2025,CUST1128,PROD005,Office Chair,Furniture,South,1,15000,1500,13500,9000,4500,Completed,Paid
ORD10825,10-04-2025,CUST1039,PROD009,Denim Jeans,Apparel,North,1,2800,0,2800,1200,1600,Cancelled,Failed
ORD10826,10-04-2025,CUST1094,PROD012,Coffee Maker,Home & Kitchen,North,1,7500,0,7500,4000,3500,Pending,Pending
ORD10827,10-04-2025,CUST1447,PROD005,Office Chair,Furniture,North,1,15000,1500,13500,9000,4500,Cancelled,Failed
ORD10828,11-04-2025,CUST1399,PROD002,Smartphone,Electronics,South,4,32000,6400,121600,88000,33600,Pending,Paid
ORD10829,11-04-2025,CUST1315,PROD001,Laptop,Electronics,Central,4,50000,20000,180000,140000,40000,Completed,Paid
ORD10830,11-04-2025,CUST1318,PROD006,Standing Desk,Furniture,East,3,22000,6600,59400,42000,17400,Cancelled,Failed
ORD10831,11-04-2025,CUST1252,PROD003,Wireless Headphones,Electronics,Central,1,6000,0,6000,3500,2500,Cancelled,Refunded
ORD10832,11-04-2025,CUST1028,PROD009,Denim Jeans,Apparel,East,1,2800,140,2660,1200,1460,Cancelled,Failed
ORD10833,11-04-2025,CUST1202,PROD014,Backpack,Accessories,North,1,2200,0,2200,900,1300,Cancelled,Failed
ORD10834,11-04-2025,CUST1162,PROD012,Coffee Maker,Home & Kitchen,South,1,7500,0,7500,4000,3500,Cancelled,Refunded
ORD10835,11-04-2025,CUST1167,PROD006,Standing Desk,Furniture,Central,3,22000,0,66000,42000,24000,Completed,Paid
ORD10836,11-04-2025,CUST1122,PROD005,Office Chair,Furniture,East,4,15000,0,60000,36000,24000,Completed,Paid
ORD10837,12-04-2025,CUST1218,PROD004,Smart Watch,Electronics,East,2,14000,0,28000,16000,12000,Completed,Paid
ORD10838,12-04-2025,CUST1144,PROD008,Cotton T-Shirt Pack,Apparel,North,2,1500,450,2550,1200,1350,Pending,Pending
ORD10839,12-04-2025,CUST1417,PROD002,Smartphone,Electronics,West,3,32000,4800,91200,66000,25200,Completed,Paid
ORD10840,12-04-2025,CUST1101,PROD003,Wireless Headphones,Electronics,North,1,6000,0,6000,3500,2500,Completed,Paid
ORD10841,12-04-2025,CUST1256,PROD003,Wireless Headphones,Electronics,Central,2,6000,0,12000,7000,5000,Completed,Paid
ORD10842,12-04-2025,CUST1154,PROD005,Office Chair,Furniture,Central,3,15000,0,45000,27000,18000,Completed,Paid
ORD10843,12-04-2025,CUST1354,PROD003,Wireless Headphones,Electronics,South,1,6000,0,6000,3500,2500,Pending,Pending
ORD10844,12-04-2025,CUST1231,PROD012,Coffee Maker,Home & Kitchen,West,1,7500,0,7500,4000,3500,Cancelled,Failed
ORD10845,12-04-2025,CUST1177,PROD001,Laptop,Electronics,East,1,50000,5000,45000,35000,10000,Cancelled,Refunded
ORD10846,12-04-2025,CUST1296,PROD010,Running Shoes,Footwear,Central,1,5500,550,4950,2500,2450,Completed,Paid
ORD10847,12-04-2025,CUST1167,PROD011,Leather Formal Shoes,Footwear,Central,1,6500,650,5850,3000,2850,Completed,Paid
ORD10848,13-04-2025,CUST1315,PROD005,Office Chair,Furniture,East,2,15000,0,30000,18000,12000,Completed,Paid
ORD10849,13-04-2025,CUST1328,PROD013,Air Fryer,Home & Kitchen,West,1,9500,475,9025,5500,3525,Completed,Paid
ORD10850,13-04-2025,CUST1435,PROD002,Smartphone,Electronics,South,1,32000,0,32000,22000,10000,Completed,Paid
ORD10851,13-04-2025,CUST1335,PROD005,Office Chair,Furniture,West,2,15000,0,30000,18000,12000,Completed,Paid
ORD10852,13-04-2025,CUST1400,PROD014,Backpack,Accessories,West,2,2200,220,4180,1800,2380,Completed,Paid
ORD10853,13-04-2025,CUST1212,PROD003,Wireless Headphones,Electronics,North,3,6000,0,18000,10500,7500,Completed,Paid
ORD10854,13-04-2025,CUST1339,PROD005,Office Chair,Furniture,South,1,15000,0,15000,9000,6000,Completed,Paid
ORD10855,13-04-2025,CUST1033,PROD008,Cotton T-Shirt Pack,Apparel,Central,1,1500,150,1350,600,750,Cancelled,Refunded
ORD10856,13-04-2025,CUST1054,PROD005,Office Chair,Furniture,Central,1,15000,750,14250,9000,5250,Completed,Paid
ORD10857,13-04-2025,CUST1159,PROD004,Smart Watch,Electronics,North,2,14000,0,28000,16000,12000,Completed,Paid
ORD10858,13-04-2025,CUST1068,PROD009,Denim Jeans,Apparel,North,1,2800,140,2660,1200,1460,Completed,Paid
ORD10859,14-04-2025,CUST1240,PROD014,Backpack,Accessories,Central,4,2200,440,8360,3600,4760,Completed,Paid
ORD10860,14-04-2025,CUST1358,PROD009,Denim Jeans,Apparel,North,2,2800,280,5320,2400,2920,Pending,Paid
ORD10861,14-04-2025,CUST1269,PROD011,Leather Formal Shoes,Footwear,Central,1,6500,0,6500,3000,3500,Cancelled,Refunded
ORD10862,14-04-2025,CUST1413,PROD002,Smartphone,Electronics,East,1,32000,0,32000,22000,10000,Completed,Paid
ORD10863,14-04-2025,CUST1156,PROD001,Laptop,Electronics,South,2,50000,10000,90000,70000,20000,Completed,Paid
ORD10864,14-04-2025,CUST1177,PROD005,Office Chair,Furniture,East,2,15000,1500,28500,18000,10500,Completed,Paid
ORD10865,14-04-2025,CUST1387,PROD008,Cotton T-Shirt Pack,Apparel,West,1,1500,0,1500,600,900,Completed,Paid
ORD10866,15-04-2025,CUST1119,PROD013,Air Fryer,Home & Kitchen,South,2,9500,0,19000,11000,8000,Cancelled,Failed
ORD10867,15-04-2025,CUST1203,PROD004,Smart Watch,Electronics,North,2,14000,1400,26600,16000,10600,Completed,Paid
ORD10868,15-04-2025,CUST1113,PROD005,Office Chair,Furniture,South,1,15000,0,15000,9000,6000,Cancelled,Failed
ORD10869,15-04-2025,CUST1146,PROD011,Leather Formal Shoes,Footwear,Central,3,6500,0,19500,9000,10500,Completed,Paid
ORD10870,15-04-2025,CUST1094,PROD003,Wireless Headphones,Electronics,West,1,6000,300,5700,3500,2200,Completed,Paid
ORD10871,15-04-2025,CUST1140,PROD012,Coffee Maker,Home & Kitchen,Central,1,7500,0,7500,4000,3500,Completed,Paid
ORD10872,15-04-2025,CUST1026,PROD009,Denim Jeans,Apparel,South,1,2800,0,2800,1200,1600,Completed,Paid
ORD10873,15-04-2025,CUST1065,PROD012,Coffee Maker,Home & Kitchen,East,2,7500,0,15000,8000,7000,Completed,Paid
ORD10874,16-04-2025,CUST1253,PROD004,Smart Watch,Electronics,West,1,14000,1400,12600,8000,4600,Completed,Paid
ORD10875,16-04-2025,CUST1191,PROD008,Cotton T-Shirt Pack,Apparel,South,1,1500,150,1350,600,750,Completed,Paid
ORD10876,16-04-2025,CUST1029,PROD005,Office Chair,Furniture,East,1,15000,750,14250,9000,5250,Completed,Paid
ORD10877,16-04-2025,CUST1431,PROD005,Office Chair,Furniture,East,3,15000,0,45000,27000,18000,Pending,Pending
ORD10878,17-04-2025,CUST1395,PROD008,Cotton T-Shirt Pack,Apparel,North,2,1500,0,3000,1200,1800,Completed,Paid
ORD10879,17-04-2025,CUST1377,PROD013,Air Fryer,Home & Kitchen,South,2,9500,2850,16150,11000,5150,Completed,Paid
ORD10880,17-04-2025,CUST1200,PROD011,Leather Formal Shoes,Footwear,West,4,6500,0,26000,12000,14000,Pending,Pending
ORD10881,17-04-2025,CUST1382,PROD009,Denim Jeans,Apparel,Central,1,2800,140,2660,1200,1460,Completed,Paid
ORD10882,17-04-2025,CUST1102,PROD006,Standing Desk,Furniture,South,3,22000,0,66000,42000,24000,Completed,Paid
ORD10883,17-04-2025,CUST1121,PROD011,Leather Formal Shoes,Footwear,East,1,6500,0,6500,3000,3500,Completed,Paid
ORD10884,17-04-2025,CUST1300,PROD002,Smartphone,Electronics,East,2,32000,0,64000,44000,20000,Completed,Paid
ORD10885,18-04-2025,CUST1402,PROD012,Coffee Maker,Home & Kitchen,East,2,7500,0,15000,8000,7000,Completed,Paid
ORD10886,18-04-2025,CUST1128,PROD003,Wireless Headphones,Electronics,East,1,6000,300,5700,3500,2200,Pending,Pending
ORD10887,18-04-2025,CUST1031,PROD006,Standing Desk,Furniture,North,2,22000,4400,39600,28000,11600,Completed,Paid
ORD10888,18-04-2025,CUST1250,PROD004,Smart Watch,Electronics,West,5,14000,7000,63000,40000,23000,Completed,Paid
ORD10889,18-04-2025,CUST1413,PROD008,Cotton T-Shirt Pack,Apparel,North,1,1500,0,1500,600,900,Pending,Pending
ORD10890,18-04-2025,CUST1129,PROD001,Laptop,Electronics,East,2,50000,5000,95000,70000,25000,Cancelled,Failed
ORD10891,18-04-2025,CUST1098,PROD010,Running Shoes,Footwear,North,2,5500,0,11000,5000,6000,Completed,Paid
ORD10892,18-04-2025,CUST1141,PROD014,Backpack,Accessories,Central,3,2200,330,6270,2700,3570,Completed,Paid
ORD10893,18-04-2025,CUST1272,PROD003,Wireless Headphones,Electronics,East,1,6000,0,6000,3500,2500,Completed,Paid
ORD10894,18-04-2025,CUST1233,PROD001,Laptop,Electronics,Central,1,50000,0,50000,35000,15000,Completed,Paid
ORD10895,18-04-2025,CUST1318,PROD014,Backpack,Accessories,West,2,2200,0,4400,1800,2600,Pending,Pending
ORD10896,18-04-2025,CUST1338,PROD009,Denim Jeans,Apparel,East,1,2800,140,2660,1200,1460,Cancelled,Refunded
ORD10897,19-04-2025,CUST1145,PROD006,Standing Desk,Furniture,East,2,22000,0,44000,28000,16000,Cancelled,Refunded
ORD10898,19-04-2025,CUST1023,PROD014,Backpack,Accessories,North,1,2200,0,2200,900,1300,Completed,Paid
ORD10899,19-04-2025,CUST1249,PROD004,Smart Watch,Electronics,South,1,14000,700,13300,8000,5300,Completed,Paid
ORD10900,19-04-2025,CUST1337,PROD008,Cotton T-Shirt Pack,Apparel,Central,2,1500,150,2850,1200,1650,Completed,Paid
ORD10901,19-04-2025,CUST1188,PROD004,Smart Watch,Electronics,Central,2,14000,0,28000,16000,12000,Completed,Paid
ORD10902,19-04-2025,CUST1336,PROD008,Cotton T-Shirt Pack,Apparel,South,1,1500,75,1425,600,825,Completed,Paid
ORD10903,19-04-2025,CUST1286,PROD012,Coffee Maker,Home & Kitchen,East,3,7500,2250,20250,12000,8250,Completed,Paid
ORD10904,19-04-2025,CUST1422,PROD010,Running Shoes,Footwear,West,2,5500,1100,9900,5000,4900,Completed,Paid
ORD10905,19-04-2025,CUST1040,PROD004,Smart Watch,Electronics,Central,1,14000,1400,12600,8000,4600,Cancelled,Failed
ORD10906,19-04-2025,CUST1098,PROD004,Smart Watch,Electronics,Central,2,14000,1400,26600,16000,10600,Completed,Paid
ORD10907,19-04-2025,CUST1286,PROD012,Coffee Maker,Home & Kitchen,Central,1,7500,0,7500,4000,3500,Pending,Paid
ORD10908,19-04-2025,CUST1346,PROD008,Cotton T-Shirt Pack,Apparel,East,3,1500,0,4500,1800,2700,Completed,Paid
ORD10909,20-04-2025,CUST1206,PROD009,Denim Jeans,Apparel,West,2,2800,280,5320,2400,2920,Cancelled,Failed
ORD10910,20-04-2025,CUST1181,PROD006,Standing Desk,Furniture,Central,5,22000,0,110000,70000,40000,Completed,Paid
ORD10911,20-04-2025,CUST1212,PROD013,Air Fryer,Home & Kitchen,East,3,9500,0,28500,16500,12000,Completed,Paid
ORD10912,20-04-2025,CUST1289,PROD009,Denim Jeans,Apparel,North,1,2800,140,2660,1200,1460,Pending,Paid
ORD10913,20-04-2025,CUST1185,PROD008,Cotton T-Shirt Pack,Apparel,East,4,1500,0,6000,2400,3600,Completed,Paid
ORD10914,20-04-2025,CUST1146,PROD010,Running Shoes,Footwear,South,2,5500,1650,9350,5000,4350,Completed,Paid
ORD10915,20-04-2025,CUST1004,PROD005,Office Chair,Furniture,North,1,15000,0,15000,9000,6000,Pending,Paid
ORD10916,20-04-2025,CUST1284,PROD009,Denim Jeans,Apparel,Central,2,2800,280,5320,2400,2920,Completed,Paid
ORD10917,20-04-2025,CUST1020,PROD008,Cotton T-Shirt Pack,Apparel,West,1,1500,0,1500,600,900,Cancelled,Refunded
ORD10918,20-04-2025,CUST1120,PROD005,Office Chair,Furniture,West,1,15000,0,15000,9000,6000,Completed,Paid
ORD10919,20-04-2025,CUST1376,PROD002,Smartphone,Electronics,West,2,32000,0,64000,44000,20000,Pending,Pending
ORD10920,20-04-2025,CUST1305,PROD011,Leather Formal Shoes,Footwear,West,1,6500,650,5850,3000,2850,Completed,Paid
ORD10921,21-04-2025,CUST1400,PROD001,Laptop,Electronics,West,1,50000,5000,45000,35000,10000,Completed,Paid
ORD10922,21-04-2025,CUST1445,PROD002,Smartphone,Electronics,North,2,32000,6400,57600,44000,13600,Completed,Paid
ORD10923,21-04-2025,CUST1325,PROD013,Air Fryer,Home & Kitchen,East,1,9500,475,9025,5500,3525,Completed,Paid
ORD10924,21-04-2025,CUST1277,PROD010,Running Shoes,Footwear,North,1,5500,275,5225,2500,2725,Completed,Paid
ORD10925,22-04-2025,CUST1345,PROD012,Coffee Maker,Home & Kitchen,East,5,7500,3750,33750,20000,13750,Cancelled,Refunded
ORD10926,22-04-2025,CUST1114,PROD007,Bookshelf,Furniture,West,2,8500,0,17000,10000,7000,Completed,Paid
ORD10927,22-04-2025,CUST1043,PROD008,Cotton T-Shirt Pack,Apparel,Central,2,1500,150,2850,1200,1650,Completed,Paid
ORD10928,22-04-2025,CUST1044,PROD007,Bookshelf,Furniture,Central,1,8500,425,8075,5000,3075,Completed,Paid
ORD10929,23-04-2025,CUST1287,PROD004,Smart Watch,Electronics,East,1,14000,700,13300,8000,5300,Cancelled,Refunded
ORD10930,23-04-2025,CUST1125,PROD002,Smartphone,Electronics,West,2,32000,0,64000,44000,20000,Cancelled,Refunded
ORD10931,23-04-2025,CUST1058,PROD011,Leather Formal Shoes,Footwear,East,1,6500,0,6500,3000,3500,Completed,Paid
ORD10932,23-04-2025,CUST1177,PROD010,Running Shoes,Footwear,South,2,5500,0,11000,5000,6000,Completed,Paid
ORD10933,23-04-2025,CUST1316,PROD014,Backpack,Accessories,East,2,2200,0,4400,1800,2600,Completed,Paid
ORD10934,23-04-2025,CUST1103,PROD011,Leather Formal Shoes,Footwear,West,1,6500,650,5850,3000,2850,Completed,Paid
ORD10935,23-04-2025,CUST1058,PROD012,Coffee Maker,Home & Kitchen,South,1,7500,375,7125,4000,3125,Completed,Paid
ORD10936,24-04-2025,CUST1008,PROD006,Standing Desk,Furniture,South,1,22000,1100,20900,14000,6900,Completed,Paid
ORD10937,24-04-2025,CUST1108,PROD012,Coffee Maker,Home & Kitchen,Central,1,7500,375,7125,4000,3125,Completed,Paid
ORD10938,24-04-2025,CUST1281,PROD008,Cotton T-Shirt Pack,Apparel,Central,2,1500,0,3000,1200,1800,Pending,Pending
ORD10939,24-04-2025,CUST1193,PROD010,Running Shoes,Footwear,Central,1,5500,0,5500,2500,3000,Completed,Paid
ORD10940,24-04-2025,CUST1103,PROD013,Air Fryer,Home & Kitchen,Central,1,9500,475,9025,5500,3525,Completed,Paid
ORD10941,24-04-2025,CUST1035,PROD007,Bookshelf,Furniture,West,2,8500,2550,14450,10000,4450,Completed,Paid
ORD10942,25-04-2025,CUST1010,PROD005,Office Chair,Furniture,East,1,15000,0,15000,9000,6000,Pending,Pending
ORD10943,25-04-2025,CUST1162,PROD008,Cotton T-Shirt Pack,Apparel,Central,2,1500,0,3000,1200,1800,Cancelled,Failed
ORD10944,25-04-2025,CUST1288,PROD012,Coffee Maker,Home & Kitchen,South,1,7500,1125,6375,4000,2375,Completed,Paid
ORD10945,25-04-2025,CUST1171,PROD008,Cotton T-Shirt Pack,Apparel,East,2,1500,0,3000,1200,1800,Pending,Paid
ORD10946,25-04-2025,CUST1182,PROD011,Leather Formal Shoes,Footwear,West,1,6500,975,5525,3000,2525,Cancelled,Failed
ORD10947,25-04-2025,CUST1416,PROD001,Laptop,Electronics,West,3,50000,15000,135000,105000,30000,Completed,Paid
ORD10948,25-04-2025,CUST1285,PROD005,Office Chair,Furniture,North,1,15000,1500,13500,9000,4500,Pending,Pending
ORD10949,25-04-2025,CUST1045,PROD012,Coffee Maker,Home & Kitchen,East,2,7500,750,14250,8000,6250,Pending,Pending
ORD10950,26-04-2025,CUST1124,PROD010,Running Shoes,Footwear,North,1,5500,0,5500,2500,3000,Cancelled,Failed
ORD10951,26-04-2025,CUST1230,PROD009,Denim Jeans,Apparel,North,1,2800,0,2800,1200,1600,Cancelled,Refunded
ORD10952,26-04-2025,CUST1442,PROD003,Wireless Headphones,Electronics,West,2,6000,1200,10800,7000,3800,Completed,Paid
ORD10953,26-04-2025,CUST1221,PROD013,Air Fryer,Home & Kitchen,North,2,9500,950,18050,11000,7050,Completed,Paid
ORD10954,26-04-2025,CUST1163,PROD002,Smartphone,Electronics,Central,2,32000,6400,57600,44000,13600,Completed,Paid
ORD10955,26-04-2025,CUST1163,PROD014,Backpack,Accessories,North,2,2200,440,3960,1800,2160,Completed,Paid
ORD10956,26-04-2025,CUST1211,PROD005,Office Chair,Furniture,East,2,15000,3000,27000,18000,9000,Pending,Paid
ORD10957,26-04-2025,CUST1078,PROD013,Air Fryer,Home & Kitchen,North,1,9500,0,9500,5500,4000,Cancelled,Failed
ORD10958,26-04-2025,CUST1311,PROD010,Running Shoes,Footwear,Central,1,5500,0,5500,2500,3000,Pending,Pending
ORD10959,26-04-2025,CUST1184,PROD002,Smartphone,Electronics,East,1,32000,3200,28800,22000,6800,Completed,Paid
ORD10960,26-04-2025,CUST1365,PROD011,Leather Formal Shoes,Footwear,West,1,6500,0,6500,3000,3500,Completed,Paid
ORD10961,27-04-2025,CUST1084,PROD004,Smart Watch,Electronics,North,1,14000,1400,12600,8000,4600,Completed,Paid
ORD10962,27-04-2025,CUST1139,PROD007,Bookshelf,Furniture,North,2,8500,2550,14450,10000,4450,Completed,Paid
ORD10963,27-04-2025,CUST1034,PROD003,Wireless Headphones,Electronics,East,3,6000,900,17100,10500,6600,Completed,Paid
ORD10964,27-04-2025,CUST1444,PROD008,Cotton T-Shirt Pack,Apparel,North,1,1500,150,1350,600,750,Cancelled,Failed
ORD10965,27-04-2025,CUST1369,PROD006,Standing Desk,Furniture,East,2,22000,4400,39600,28000,11600,Cancelled,Refunded
ORD10966,27-04-2025,CUST1267,PROD002,Smartphone,Electronics,East,1,32000,3200,28800,22000,6800,Completed,Paid
ORD10967,27-04-2025,CUST1266,PROD009,Denim Jeans,Apparel,East,5,2800,0,14000,6000,8000,Completed,Paid
ORD10968,27-04-2025,CUST1265,PROD013,Air Fryer,Home & Kitchen,South,1,9500,0,9500,5500,4000,Completed,Paid
ORD10969,27-04-2025,CUST1397,PROD014,Backpack,Accessories,West,1,2200,0,2200,900,1300,Cancelled,Refunded
ORD10970,28-04-2025,CUST1265,PROD003,Wireless Headphones,Electronics,East,3,6000,900,17100,10500,6600,Pending,Pending
ORD10971,28-04-2025,CUST1093,PROD013,Air Fryer,Home & Kitchen,Central,4,9500,1900,36100,22000,14100,Completed,Paid
ORD10972,28-04-2025,CUST1202,PROD007,Bookshelf,Furniture,West,1,8500,0,8500,5000,3500,Cancelled,Refunded
ORD10973,28-04-2025,CUST1233,PROD002,Smartphone,Electronics,West,1,32000,1600,30400,22000,8400,Pending,Pending
ORD10974,28-04-2025,CUST1368,PROD012,Coffee Maker,Home & Kitchen,South,1,7500,750,6750,4000,2750,Pending,Paid
ORD10975,28-04-2025,CUST1044,PROD009,Denim Jeans,Apparel,East,2,2800,840,4760,2400,2360,Cancelled,Refunded
ORD10976,28-04-2025,CUST1194,PROD009,Denim Jeans,Apparel,East,1,2800,0,2800,1200,1600,Completed,Paid
ORD10977,28-04-2025,CUST1290,PROD014,Backpack,Accessories,North,1,2200,0,2200,900,1300,Pending,Pending
ORD10978,28-04-2025,CUST1215,PROD005,Office Chair,Furniture,West,2,15000,4500,25500,18000,7500,Completed,Paid
ORD10979,29-04-2025,CUST1093,PROD002,Smartphone,Electronics,North,4,32000,0,128000,88000,40000,Completed,Paid
ORD10980,29-04-2025,CUST1007,PROD008,Cotton T-Shirt Pack,Apparel,East,3,1500,225,4275,1800,2475,Completed,Paid
ORD10981,29-04-2025,CUST1312,PROD008,Cotton T-Shirt Pack,Apparel,North,1,1500,75,1425,600,825,Completed,Paid
ORD10982,29-04-2025,CUST1210,PROD008,Cotton T-Shirt Pack,Apparel,South,2,1500,0,3000,1200,1800,Cancelled,Failed
ORD10983,29-04-2025,CUST1318,PROD011,Leather Formal Shoes,Footwear,Central,3,6500,0,19500,9000,10500,Completed,Paid
ORD10984,29-04-2025,CUST1076,PROD001,Laptop,Electronics,West,1,50000,5000,45000,35000,10000,Pending,Paid
ORD10985,29-04-2025,CUST1170,PROD002,Smartphone,Electronics,South,1,32000,4800,27200,22000,5200,Completed,Paid
ORD10986,29-04-2025,CUST1345,PROD005,Office Chair,Furniture,Central,2,15000,1500,28500,18000,10500,Cancelled,Refunded
ORD10987,29-04-2025,CUST1234,PROD012,Coffee Maker,Home & Kitchen,Central,1,7500,0,7500,4000,3500,Completed,Paid
ORD10988,30-04-2025,CUST1189,PROD007,Bookshelf,Furniture,South,2,8500,1700,15300,10000,5300,Completed,Paid
ORD10989,30-04-2025,CUST1150,PROD008,Cotton T-Shirt Pack,Apparel,North,1,1500,150,1350,600,750,Completed,Paid
ORD10990,30-04-2025,CUST1270,PROD007,Bookshelf,Furniture,Central,1,8500,0,8500,5000,3500,Completed,Paid
ORD10991,30-04-2025,CUST1056,PROD010,Running Shoes,Footwear,Central,5,5500,1375,26125,12500,13625,Pending,Paid
ORD10992,30-04-2025,CUST1219,PROD010,Running Shoes,Footwear,West,1,5500,275,5225,2500,2725,Cancelled,Failed
ORD10993,30-04-2025,CUST1067,PROD010,Running Shoes,Footwear,Central,1,5500,550,4950,2500,2450,Completed,Paid
ORD10994,01-05-2025,CUST1414,PROD003,Wireless Headphones,Electronics,Central,1,6000,0,6000,3500,2500,Completed,Paid
ORD10995,01-05-2025,CUST1001,PROD002,Smartphone,Electronics,South,1,32000,3200,28800,22000,6800,Pending,Pending
ORD10996,01-05-2025,CUST1410,PROD010,Running Shoes,Footwear,East,1,5500,0,5500,2500,3000,Cancelled,Refunded
ORD10997,01-05-2025,CUST1006,PROD011,Leather Formal Shoes,Footwear,North,2,6500,0,13000,6000,7000,Completed,Paid
ORD10998,01-05-2025,CUST1158,PROD005,Office Chair,Furniture,Central,2,15000,3000,27000,18000,9000,Completed,Paid
ORD10999,01-05-2025,CUST1352,PROD006,Standing Desk,Furniture,West,1,22000,1100,20900,14000,6900,Completed,Paid
ORD11000,01-05-2025,CUST1427,PROD003,Wireless Headphones,Electronics,North,1,6000,0,6000,3500,2500,Pending,Paid
ORD11001,02-05-2025,CUST1409,PROD001,Laptop,Electronics,North,1,50000,2500,47500,35000,12500,Cancelled,Failed
ORD11002,02-05-2025,CUST1237,PROD013,Air Fryer,Home & Kitchen,East,4,9500,0,38000,22000,16000,Cancelled,Failed
ORD11003,02-05-2025,CUST1290,PROD012,Coffee Maker,Home & Kitchen,West,2,7500,0,15000,8000,7000,Cancelled,Failed
ORD11004,02-05-2025,CUST1410,PROD013,Air Fryer,Home & Kitchen,West,1,9500,0,9500,5500,4000,Completed,Paid
ORD11005,02-05-2025,CUST1174,PROD007,Bookshelf,Furniture,Central,3,8500,1275,24225,15000,9225,Completed,Paid
ORD11006,02-05-2025,CUST1096,PROD010,Running Shoes,Footwear,South,3,5500,1650,14850,7500,7350,Pending,Paid
ORD11007,02-05-2025,CUST1364,PROD001,Laptop,Electronics,West,1,50000,2500,47500,35000,12500,Completed,Paid
ORD11008,02-05-2025,CUST1191,PROD008,Cotton T-Shirt Pack,Apparel,West,1,1500,0,1500,600,900,Completed,Paid
ORD11009,02-05-2025,CUST1192,PROD013,Air Fryer,Home & Kitchen,South,2,9500,2850,16150,11000,5150,Completed,Paid
ORD11010,02-05-2025,CUST1260,PROD001,Laptop,Electronics,East,3,50000,0,150000,105000,45000,Completed,Paid
ORD11011,02-05-2025,CUST1248,PROD012,Coffee Maker,Home & Kitchen,Central,1,7500,0,7500,4000,3500,Completed,Paid
ORD11012,03-05-2025,CUST1347,PROD003,Wireless Headphones,Electronics,North,2,6000,600,11400,7000,4400,Pending,Pending
ORD11013,03-05-2025,CUST1003,PROD005,Office Chair,Furniture,South,2,15000,1500,28500,18000,10500,Completed,Paid
ORD11014,03-05-2025,CUST1171,PROD008,Cotton T-Shirt Pack,Apparel,South,1,1500,150,1350,600,750,Pending,Paid
ORD11015,03-05-2025,CUST1012,PROD010,Running Shoes,Footwear,West,2,5500,0,11000,5000,6000,Completed,Paid
ORD11016,03-05-2025,CUST1099,PROD005,Office Chair,Furniture,West,2,15000,3000,27000,18000,9000,Pending,Pending
ORD11017,03-05-2025,CUST1140,PROD003,Wireless Headphones,Electronics,North,1,6000,0,6000,3500,2500,Cancelled,Refunded
ORD11018,03-05-2025,CUST1106,PROD009,Denim Jeans,Apparel,West,2,2800,0,5600,2400,3200,Pending,Paid
ORD11019,03-05-2025,CUST1294,PROD004,Smart Watch,Electronics,North,1,14000,700,13300,8000,5300,Completed,Paid
ORD11020,03-05-2025,CUST1277,PROD008,Cotton T-Shirt Pack,Apparel,South,1,1500,75,1425,600,825,Pending,Pending
ORD11021,03-05-2025,CUST1055,PROD007,Bookshelf,Furniture,South,1,8500,0,8500,5000,3500,Pending,Paid
ORD11022,03-05-2025,CUST1316,PROD006,Standing Desk,Furniture,West,1,22000,0,22000,14000,8000,Pending,Pending
ORD11023,03-05-2025,CUST1387,PROD013,Air Fryer,Home & Kitchen,East,2,9500,0,19000,11000,8000,Pending,Paid
ORD11024,04-05-2025,CUST1234,PROD005,Office Chair,Furniture,East,1,15000,2250,12750,9000,3750,Completed,Paid
ORD11025,04-05-2025,CUST1441,PROD010,Running Shoes,Footwear,West,3,5500,0,16500,7500,9000,Pending,Paid
ORD11026,04-05-2025,CUST1404,PROD014,Backpack,Accessories,West,1,2200,0,2200,900,1300,Completed,Paid
ORD11027,04-05-2025,CUST1058,PROD006,Standing Desk,Furniture,East,1,22000,0,22000,14000,8000,Completed,Paid
ORD11028,04-05-2025,CUST1310,PROD010,Running Shoes,Footwear,North,2,5500,0,11000,5000,6000,Pending,Pending
ORD11029,04-05-2025,CUST1167,PROD009,Denim Jeans,Apparel,South,2,2800,280,5320,2400,2920,Completed,Paid
ORD11030,04-05-2025,CUST1303,PROD007,Bookshelf,Furniture,North,2,8500,850,16150,10000,6150,Completed,Paid
ORD11031,04-05-2025,CUST1197,PROD002,Smartphone,Electronics,West,1,32000,1600,30400,22000,8400,Completed,Paid
ORD11032,05-05-2025,CUST1291,PROD013,Air Fryer,Home & Kitchen,West,2,9500,0,19000,11000,8000,Pending,Pending
ORD11033,05-05-2025,CUST1379,PROD012,Coffee Maker,Home & Kitchen,Central,3,7500,0,22500,12000,10500,Cancelled,Failed
ORD11034,05-05-2025,CUST1167,PROD009,Denim Jeans,Apparel,South,3,2800,0,8400,3600,4800,Completed,Paid
ORD11035,05-05-2025,CUST1036,PROD010,Running Shoes,Footwear,South,2,5500,550,10450,5000,5450,Completed,Paid
ORD11036,05-05-2025,CUST1168,PROD008,Cotton T-Shirt Pack,Apparel,South,1,1500,150,1350,600,750,Cancelled,Refunded
ORD11037,05-05-2025,CUST1388,PROD003,Wireless Headphones,Electronics,North,1,6000,0,6000,3500,2500,Cancelled,Failed
ORD11038,05-05-2025,CUST1101,PROD004,Smart Watch,Electronics,West,1,14000,1400,12600,8000,4600,Pending,Paid
ORD11039,06-05-2025,CUST1368,PROD006,Standing Desk,Furniture,South,2,22000,2200,41800,28000,13800,Cancelled,Failed
ORD11040,06-05-2025,CUST1434,PROD003,Wireless Headphones,Electronics,West,1,6000,900,5100,3500,1600,Completed,Paid
ORD11041,06-05-2025,CUST1001,PROD012,Coffee Maker,Home & Kitchen,Central,3,7500,0,22500,12000,10500,Completed,Paid
ORD11042,06-05-2025,CUST1444,PROD001,Laptop,Electronics,North,1,50000,2500,47500,35000,12500,Pending,Paid
ORD11043,06-05-2025,CUST1365,PROD007,Bookshelf,Furniture,East,1,8500,425,8075,5000,3075,Pending,Pending
ORD11044,06-05-2025,CUST1244,PROD003,Wireless Headphones,Electronics,North,2,6000,1200,10800,7000,3800,Completed,Paid
ORD11045,06-05-2025,CUST1431,PROD007,Bookshelf,Furniture,North,1,8500,850,7650,5000,2650,Completed,Paid
ORD11046,07-05-2025,CUST1006,PROD002,Smartphone,Electronics,South,1,32000,3200,28800,22000,6800,Pending,Paid
ORD11047,07-05-2025,CUST1070,PROD002,Smartphone,Electronics,North,2,32000,0,64000,44000,20000,Completed,Paid
ORD11048,07-05-2025,CUST1404,PROD012,Coffee Maker,Home & Kitchen,Central,4,7500,1500,28500,16000,12500,Completed,Paid
ORD11049,07-05-2025,CUST1261,PROD007,Bookshelf,Furniture,Central,3,8500,0,25500,15000,10500,Completed,Paid
ORD11050,07-05-2025,CUST1096,PROD007,Bookshelf,Furniture,Central,1,8500,425,8075,5000,3075,Pending,Pending
ORD11051,08-05-2025,CUST1257,PROD005,Office Chair,Furniture,East,4,15000,3000,57000,36000,21000,Completed,Paid
ORD11052,08-05-2025,CUST1020,PROD010,Running Shoes,Footwear,East,2,5500,0,11000,5000,6000,Completed,Paid
ORD11053,08-05-2025,CUST1354,PROD002,Smartphone,Electronics,North,2,32000,3200,60800,44000,16800,Completed,Paid
ORD11054,08-05-2025,CUST1239,PROD009,Denim Jeans,Apparel,South,2,2800,280,5320,2400,2920,Completed,Paid
ORD11055,08-05-2025,CUST1242,PROD011,Leather Formal Shoes,Footwear,South,2,6500,650,12350,6000,6350,Cancelled,Failed
ORD11056,08-05-2025,CUST1314,PROD001,Laptop,Electronics,West,2,50000,0,100000,70000,30000,Completed,Paid
ORD11057,08-05-2025,CUST1263,PROD008,Cotton T-Shirt Pack,Apparel,Central,2,1500,0,3000,1200,1800,Completed,Paid
ORD11058,08-05-2025,CUST1149,PROD003,Wireless Headphones,Electronics,South,2,6000,600,11400,7000,4400,Completed,Paid
ORD11059,08-05-2025,CUST1373,PROD013,Air Fryer,Home & Kitchen,Central,1,9500,475,9025,5500,3525,Cancelled,Refunded
ORD11060,09-05-2025,CUST1027,PROD011,Leather Formal Shoes,Footwear,West,3,6500,975,18525,9000,9525,Completed,Paid
ORD11061,09-05-2025,CUST1249,PROD002,Smartphone,Electronics,North,2,32000,6400,57600,44000,13600,Completed,Paid
ORD11062,09-05-2025,CUST1130,PROD003,Wireless Headphones,Electronics,Central,1,6000,600,5400,3500,1900,Completed,Paid
ORD11063,09-05-2025,CUST1380,PROD002,Smartphone,Electronics,Central,1,32000,1600,30400,22000,8400,Completed,Paid
ORD11064,09-05-2025,CUST1338,PROD008,Cotton T-Shirt Pack,Apparel,West,3,1500,0,4500,1800,2700,Pending,Pending
ORD11065,09-05-2025,CUST1249,PROD003,Wireless Headphones,Electronics,Central,3,6000,0,18000,10500,7500,Completed,Paid
ORD11066,09-05-2025,CUST1075,PROD010,Running Shoes,Footwear,North,3,5500,1650,14850,7500,7350,Completed,Paid
ORD11067,09-05-2025,CUST1395,PROD007,Bookshelf,Furniture,North,2,8500,1700,15300,10000,5300,Completed,Paid
ORD11068,09-05-2025,CUST1108,PROD010,Running Shoes,Footwear,West,1,5500,0,5500,2500,3000,Completed,Paid
ORD11069,09-05-2025,CUST1027,PROD003,Wireless Headphones,Electronics,East,1,6000,0,6000,3500,2500,Pending,Pending
ORD11070,09-05-2025,CUST1195,PROD011,Leather Formal Shoes,Footwear,East,1,6500,0,6500,3000,3500,Completed,Paid
ORD11071,09-05-2025,CUST1007,PROD005,Office Chair,Furniture,East,1,15000,0,15000,9000,6000,Cancelled,Refunded
ORD11072,10-05-2025,CUST1273,PROD011,Leather Formal Shoes,Footwear,West,4,6500,0,26000,12000,14000,Pending,Paid
ORD11073,10-05-2025,CUST1172,PROD005,Office Chair,Furniture,West,3,15000,0,45000,27000,18000,Cancelled,Failed
ORD11074,10-05-2025,CUST1237,PROD013,Air Fryer,Home & Kitchen,North,2,9500,950,18050,11000,7050,Completed,Paid
ORD11075,10-05-2025,CUST1267,PROD006,Standing Desk,Furniture,North,1,22000,0,22000,14000,8000,Completed,Paid
ORD11076,10-05-2025,CUST1426,PROD002,Smartphone,Electronics,South,1,32000,1600,30400,22000,8400,Pending,Paid
ORD11077,10-05-2025,CUST1180,PROD004,Smart Watch,Electronics,West,1,14000,0,14000,8000,6000,Cancelled,Refunded
ORD11078,10-05-2025,CUST1030,PROD010,Running Shoes,Footwear,North,4,5500,1100,20900,10000,10900,Pending,Pending
ORD11079,10-05-2025,CUST1045,PROD014,Backpack,Accessories,Central,1,2200,110,2090,900,1190,Pending,Pending
ORD11080,11-05-2025,CUST1357,PROD003,Wireless Headphones,Electronics,West,1,6000,300,5700,3500,2200,Completed,Paid
ORD11081,11-05-2025,CUST1328,PROD008,Cotton T-Shirt Pack,Apparel,West,2,1500,150,2850,1200,1650,Pending,Paid
ORD11082,11-05-2025,CUST1132,PROD003,Wireless Headphones,Electronics,South,1,6000,0,6000,3500,2500,Completed,Paid
ORD11083,11-05-2025,CUST1171,PROD001,Laptop,Electronics,West,4,50000,0,200000,140000,60000,Completed,Paid
ORD11084,11-05-2025,CUST1036,PROD008,Cotton T-Shirt Pack,Apparel,North,2,1500,0,3000,1200,1800,Completed,Paid
ORD11085,11-05-2025,CUST1056,PROD003,Wireless Headphones,Electronics,Central,2,6000,0,12000,7000,5000,Pending,Pending
ORD11086,11-05-2025,CUST1227,PROD012,Coffee Maker,Home & Kitchen,West,1,7500,0,7500,4000,3500,Cancelled,Failed
ORD11087,11-05-2025,CUST1398,PROD008,Cotton T-Shirt Pack,Apparel,South,3,1500,0,4500,1800,2700,Pending,Pending
ORD11088,12-05-2025,CUST1341,PROD007,Bookshelf,Furniture,West,1,8500,0,8500,5000,3500,Completed,Paid
ORD11089,12-05-2025,CUST1295,PROD001,Laptop,Electronics,Central,2,50000,10000,90000,70000,20000,Completed,Paid
ORD11090,12-05-2025,CUST1224,PROD007,Bookshelf,Furniture,South,2,8500,0,17000,10000,7000,Pending,Paid
ORD11091,12-05-2025,CUST1063,PROD010,Running Shoes,Footwear,Central,4,5500,0,22000,10000,12000,Pending,Paid
ORD11092,13-05-2025,CUST1029,PROD011,Leather Formal Shoes,Footwear,South,1,6500,650,5850,3000,2850,Completed,Paid
ORD11093,13-05-2025,CUST1042,PROD014,Backpack,Accessories,East,2,2200,0,4400,1800,2600,Completed,Paid
ORD11094,13-05-2025,CUST1091,PROD009,Denim Jeans,Apparel,South,4,2800,560,10640,4800,5840,Completed,Paid
ORD11095,13-05-2025,CUST1357,PROD007,Bookshelf,Furniture,South,2,8500,0,17000,10000,7000,Completed,Paid
ORD11096,13-05-2025,CUST1324,PROD008,Cotton T-Shirt Pack,Apparel,North,1,1500,0,1500,600,900,Pending,Pending
ORD11097,13-05-2025,CUST1251,PROD007,Bookshelf,Furniture,South,2,8500,850,16150,10000,6150,Completed,Paid
ORD11098,13-05-2025,CUST1274,PROD014,Backpack,Accessories,East,4,2200,0,8800,3600,5200,Completed,Paid
ORD11099,14-05-2025,CUST1173,PROD013,Air Fryer,Home & Kitchen,South,1,9500,0,9500,5500,4000,Pending,Paid
ORD11100,14-05-2025,CUST1348,PROD014,Backpack,Accessories,Central,1,2200,110,2090,900,1190,Completed,Paid
ORD11101,14-05-2025,CUST1019,PROD012,Coffee Maker,Home & Kitchen,North,1,7500,0,7500,4000,3500,Cancelled,Refunded
ORD11102,14-05-2025,CUST1125,PROD012,Coffee Maker,Home & Kitchen,North,1,7500,375,7125,4000,3125,Completed,Paid
ORD11103,15-05-2025,CUST1234,PROD010,Running Shoes,Footwear,North,3,5500,0,16500,7500,9000,Completed,Paid
ORD11104,15-05-2025,CUST1059,PROD008,Cotton T-Shirt Pack,Apparel,Central,2,1500,0,3000,1200,1800,Completed,Paid
ORD11105,15-05-2025,CUST1219,PROD006,Standing Desk,Furniture,East,1,22000,3300,18700,14000,4700,Cancelled,Refunded
ORD11106,15-05-2025,CUST1165,PROD014,Backpack,Accessories,North,2,2200,220,4180,1800,2380,Completed,Paid
ORD11107,16-05-2025,CUST1062,PROD005,Office Chair,Furniture,North,2,15000,0,30000,18000,12000,Completed,Paid
ORD11108,16-05-2025,CUST1284,PROD003,Wireless Headphones,Electronics,East,1,6000,300,5700,3500,2200,Completed,Paid
ORD11109,16-05-2025,CUST1052,PROD013,Air Fryer,Home & Kitchen,Central,1,9500,0,9500,5500,4000,Completed,Paid
ORD11110,16-05-2025,CUST1042,PROD001,Laptop,Electronics,South,1,50000,0,50000,35000,15000,Pending,Paid
ORD11111,16-05-2025,CUST1214,PROD012,Coffee Maker,Home & Kitchen,East,2,7500,0,15000,8000,7000,Pending,Paid
ORD11112,16-05-2025,CUST1268,PROD008,Cotton T-Shirt Pack,Apparel,East,1,1500,0,1500,600,900,Pending,Pending
ORD11113,16-05-2025,CUST1306,PROD003,Wireless Headphones,Electronics,East,2,6000,0,12000,7000,5000,Completed,Paid
ORD11114,16-05-2025,CUST1179,PROD007,Bookshelf,Furniture,South,2,8500,0,17000,10000,7000,Cancelled,Refunded
ORD11115,17-05-2025,CUST1186,PROD014,Backpack,Accessories,Central,2,2200,220,4180,1800,2380,Pending,Pending
ORD11116,17-05-2025,CUST1142,PROD001,Laptop,Electronics,North,1,50000,0,50000,35000,15000,Completed,Paid
ORD11117,17-05-2025,CUST1255,PROD003,Wireless Headphones,Electronics,North,2,6000,0,12000,7000,5000,Pending,Paid
ORD11118,17-05-2025,CUST1146,PROD004,Smart Watch,Electronics,East,1,14000,700,13300,8000,5300,Completed,Paid
ORD11119,17-05-2025,CUST1023,PROD002,Smartphone,Electronics,South,4,32000,0,128000,88000,40000,Completed,Paid
ORD11120,17-05-2025,CUST1249,PROD009,Denim Jeans,Apparel,South,1,2800,0,2800,1200,1600,Completed,Paid
ORD11121,17-05-2025,CUST1304,PROD010,Running Shoes,Footwear,West,1,5500,550,4950,2500,2450,Completed,Paid
ORD11122,17-05-2025,CUST1118,PROD013,Air Fryer,Home & Kitchen,South,1,9500,0,9500,5500,4000,Pending,Paid
ORD11123,17-05-2025,CUST1446,PROD004,Smart Watch,Electronics,East,3,14000,0,42000,24000,18000,Cancelled,Failed
ORD11124,17-05-2025,CUST1028,PROD007,Bookshelf,Furniture,North,1,8500,425,8075,5000,3075,Completed,Paid
ORD11125,17-05-2025,CUST1199,PROD006,Standing Desk,Furniture,North,1,22000,0,22000,14000,8000,Completed,Paid
ORD11126,17-05-2025,CUST1139,PROD004,Smart Watch,Electronics,West,1,14000,700,13300,8000,5300,Completed,Paid
ORD11127,18-05-2025,CUST1070,PROD002,Smartphone,Electronics,East,1,32000,0,32000,22000,10000,Completed,Paid
ORD11128,18-05-2025,CUST1113,PROD005,Office Chair,Furniture,Central,1,15000,1500,13500,9000,4500,Cancelled,Refunded
ORD11129,18-05-2025,CUST1296,PROD009,Denim Jeans,Apparel,North,1,2800,280,2520,1200,1320,Completed,Paid
ORD11130,18-05-2025,CUST1442,PROD004,Smart Watch,Electronics,Central,1,14000,700,13300,8000,5300,Completed,Paid
ORD11131,18-05-2025,CUST1374,PROD007,Bookshelf,Furniture,North,1,8500,0,8500,5000,3500,Completed,Paid
ORD11132,18-05-2025,CUST1303,PROD003,Wireless Headphones,Electronics,Central,3,6000,0,18000,10500,7500,Completed,Paid
ORD11133,18-05-2025,CUST1021,PROD008,Cotton T-Shirt Pack,Apparel,Central,1,1500,75,1425,600,825,Completed,Paid
ORD11134,18-05-2025,CUST1415,PROD013,Air Fryer,Home & Kitchen,South,1,9500,0,9500,5500,4000,Cancelled,Refunded
ORD11135,18-05-2025,CUST1355,PROD012,Coffee Maker,Home & Kitchen,East,4,7500,0,30000,16000,14000,Completed,Paid
ORD11136,18-05-2025,CUST1123,PROD011,Leather Formal Shoes,Footwear,South,1,6500,325,6175,3000,3175,Completed,Paid
ORD11137,19-05-2025,CUST1236,PROD014,Backpack,Accessories,Central,2,2200,0,4400,1800,2600,Completed,Paid
ORD11138,19-05-2025,CUST1238,PROD013,Air Fryer,Home & Kitchen,North,3,9500,0,28500,16500,12000,Completed,Paid
ORD11139,19-05-2025,CUST1321,PROD008,Cotton T-Shirt Pack,Apparel,South,3,1500,0,4500,1800,2700,Pending,Paid
ORD11140,19-05-2025,CUST1272,PROD001,Laptop,Electronics,West,1,50000,0,50000,35000,15000,Cancelled,Refunded
ORD11141,19-05-2025,CUST1404,PROD011,Leather Formal Shoes,Footwear,South,2,6500,0,13000,6000,7000,Completed,Paid
ORD11142,19-05-2025,CUST1264,PROD011,Leather Formal Shoes,Footwear,West,3,6500,0,19500,9000,10500,Completed,Paid
ORD11143,19-05-2025,CUST1239,PROD010,Running Shoes,Footwear,South,1,5500,0,5500,2500,3000,Cancelled,Refunded
ORD11144,19-05-2025,CUST1288,PROD012,Coffee Maker,Home & Kitchen,North,1,7500,0,7500,4000,3500,Cancelled,Refunded
ORD11145,19-05-2025,CUST1333,PROD008,Cotton T-Shirt Pack,Apparel,Central,3,1500,450,4050,1800,2250,Pending,Pending
ORD11146,20-05-2025,CUST1181,PROD005,Office Chair,Furniture,Central,2,15000,0,30000,18000,12000,Completed,Paid
ORD11147,20-05-2025,CUST1191,PROD006,Standing Desk,Furniture,East,1,22000,1100,20900,14000,6900,Completed,Paid
ORD11148,20-05-2025,CUST1241,PROD012,Coffee Maker,Home & Kitchen,Central,2,7500,750,14250,8000,6250,Completed,Paid
ORD11149,20-05-2025,CUST1232,PROD010,Running Shoes,Footwear,West,2,5500,1650,9350,5000,4350,Completed,Paid
ORD11150,20-05-2025,CUST1097,PROD008,Cotton T-Shirt Pack,Apparel,South,1,1500,150,1350,600,750,Completed,Paid
ORD11151,20-05-2025,CUST1040,PROD002,Smartphone,Electronics,North,1,32000,1600,30400,22000,8400,Completed,Paid
ORD11152,21-05-2025,CUST1448,PROD004,Smart Watch,Electronics,Central,4,14000,0,56000,32000,24000,Completed,Paid
ORD11153,21-05-2025,CUST1350,PROD009,Denim Jeans,Apparel,North,1,2800,0,2800,1200,1600,Pending,Pending
ORD11154,21-05-2025,CUST1150,PROD004,Smart Watch,Electronics,South,1,14000,1400,12600,8000,4600,Cancelled,Failed
ORD11155,21-05-2025,CUST1211,PROD010,Running Shoes,Footwear,West,2,5500,1100,9900,5000,4900,Completed,Paid
ORD11156,21-05-2025,CUST1304,PROD011,Leather Formal Shoes,Footwear,Central,3,6500,0,19500,9000,10500,Completed,Paid
ORD11157,22-05-2025,CUST1068,PROD013,Air Fryer,Home & Kitchen,West,1,9500,0,9500,5500,4000,Completed,Paid
ORD11158,22-05-2025,CUST1191,PROD005,Office Chair,Furniture,South,1,15000,0,15000,9000,6000,Completed,Paid
ORD11159,22-05-2025,CUST1317,PROD003,Wireless Headphones,Electronics,Central,1,6000,900,5100,3500,1600,Pending,Pending
ORD11160,22-05-2025,CUST1083,PROD004,Smart Watch,Electronics,South,1,14000,0,14000,8000,6000,Completed,Paid
ORD11161,22-05-2025,CUST1226,PROD005,Office Chair,Furniture,West,1,15000,750,14250,9000,5250,Completed,Paid
ORD11162,22-05-2025,CUST1341,PROD006,Standing Desk,Furniture,West,1,22000,0,22000,14000,8000,Completed,Paid
ORD11163,22-05-2025,CUST1274,PROD005,Office Chair,Furniture,South,4,15000,0,60000,36000,24000,Completed,Paid
ORD11164,22-05-2025,CUST1394,PROD003,Wireless Headphones,Electronics,East,4,6000,0,24000,14000,10000,Pending,Paid
ORD11165,23-05-2025,CUST1362,PROD005,Office Chair,Furniture,East,3,15000,6750,38250,27000,11250,Cancelled,Refunded
ORD11166,23-05-2025,CUST1410,PROD010,Running Shoes,Footwear,East,1,5500,0,5500,2500,3000,Completed,Paid
ORD11167,23-05-2025,CUST1021,PROD003,Wireless Headphones,Electronics,Central,1,6000,0,6000,3500,2500,Cancelled,Refunded
ORD11168,23-05-2025,CUST1229,PROD006,Standing Desk,Furniture,South,1,22000,1100,20900,14000,6900,Completed,Paid
ORD11169,23-05-2025,CUST1299,PROD009,Denim Jeans,Apparel,North,2,2800,560,5040,2400,2640,Completed,Paid
ORD11170,23-05-2025,CUST1012,PROD002,Smartphone,Electronics,Central,3,32000,4800,91200,66000,25200,Completed,Paid
ORD11171,23-05-2025,CUST1263,PROD007,Bookshelf,Furniture,North,1,8500,425,8075,5000,3075,Cancelled,Refunded
ORD11172,23-05-2025,CUST1342,PROD006,Standing Desk,Furniture,East,1,22000,2200,19800,14000,5800,Completed,Paid
ORD11173,23-05-2025,CUST1198,PROD006,Standing Desk,Furniture,South,1,22000,0,22000,14000,8000,Completed,Paid
ORD11174,23-05-2025,CUST1448,PROD009,Denim Jeans,Apparel,South,1,2800,280,2520,1200,1320,Pending,Paid
ORD11175,23-05-2025,CUST1412,PROD008,Cotton T-Shirt Pack,Apparel,West,1,1500,150,1350,600,750,Completed,Paid
ORD11176,23-05-2025,CUST1374,PROD007,Bookshelf,Furniture,North,3,8500,1275,24225,15000,9225,Completed,Paid
ORD11177,23-05-2025,CUST1107,PROD005,Office Chair,Furniture,East,5,15000,3750,71250,45000,26250,Completed,Paid
ORD11178,24-05-2025,CUST1303,PROD013,Air Fryer,Home & Kitchen,East,1,9500,0,9500,5500,4000,Completed,Paid
ORD11179,24-05-2025,CUST1213,PROD003,Wireless Headphones,Electronics,Central,1,6000,300,5700,3500,2200,Completed,Paid
ORD11180,24-05-2025,CUST1103,PROD003,Wireless Headphones,Electronics,East,1,6000,300,5700,3500,2200,Completed,Paid
ORD11181,24-05-2025,CUST1428,PROD010,Running Shoes,Footwear,West,1,5500,550,4950,2500,2450,Completed,Paid
ORD11182,24-05-2025,CUST1014,PROD013,Air Fryer,Home & Kitchen,South,1,9500,0,9500,5500,4000,Pending,Paid
ORD11183,24-05-2025,CUST1064,PROD011,Leather Formal Shoes,Footwear,West,1,6500,325,6175,3000,3175,Pending,Pending
ORD11184,24-05-2025,CUST1015,PROD002,Smartphone,Electronics,West,1,32000,4800,27200,22000,5200,Cancelled,Failed
ORD11185,24-05-2025,CUST1298,PROD008,Cotton T-Shirt Pack,Apparel,Central,1,1500,0,1500,600,900,Pending,Paid
ORD11186,25-05-2025,CUST1419,PROD002,Smartphone,Electronics,West,2,32000,3200,60800,44000,16800,Completed,Paid
ORD11187,25-05-2025,CUST1084,PROD010,Running Shoes,Footwear,South,1,5500,275,5225,2500,2725,Pending,Pending
ORD11188,25-05-2025,CUST1183,PROD003,Wireless Headphones,Electronics,South,1,6000,0,6000,3500,2500,Completed,Paid
ORD11189,25-05-2025,CUST1025,PROD005,Office Chair,Furniture,West,2,15000,4500,25500,18000,7500,Cancelled,Refunded
ORD11190,25-05-2025,CUST1393,PROD011,Leather Formal Shoes,Footwear,North,2,6500,650,12350,6000,6350,Completed,Paid
ORD11191,25-05-2025,CUST1279,PROD006,Standing Desk,Furniture,West,3,22000,3300,62700,42000,20700,Completed,Paid
ORD11192,25-05-2025,CUST1139,PROD011,Leather Formal Shoes,Footwear,West,1,6500,325,6175,3000,3175,Completed,Paid
ORD11193,25-05-2025,CUST1007,PROD003,Wireless Headphones,Electronics,Central,1,6000,600,5400,3500,1900,Completed,Paid
ORD11194,25-05-2025,CUST1175,PROD003,Wireless Headphones,Electronics,South,1,6000,300,5700,3500,2200,Completed,Paid
ORD11195,25-05-2025,CUST1408,PROD009,Denim Jeans,Apparel,Central,2,2800,840,4760,2400,2360,Cancelled,Refunded
ORD11196,25-05-2025,CUST1214,PROD008,Cotton T-Shirt Pack,Apparel,South,1,1500,0,1500,600,900,Completed,Paid
ORD11197,25-05-2025,CUST1246,PROD006,Standing Desk,Furniture,West,2,22000,0,44000,28000,16000,Completed,Paid
ORD11198,25-05-2025,CUST1306,PROD009,Denim Jeans,Apparel,West,1,2800,0,2800,1200,1600,Pending,Pending
ORD11199,26-05-2025,CUST1066,PROD014,Backpack,Accessories,North,2,2200,0,4400,1800,2600,Completed,Paid
ORD11200,26-05-2025,CUST1067,PROD002,Smartphone,Electronics,East,2,32000,6400,57600,44000,13600,Completed,Paid
ORD11201,26-05-2025,CUST1010,PROD013,Air Fryer,Home & Kitchen,East,2,9500,0,19000,11000,8000,Completed,Paid
ORD11202,26-05-2025,CUST1017,PROD013,Air Fryer,Home & Kitchen,Central,2,9500,950,18050,11000,7050,Completed,Paid
ORD11203,26-05-2025,CUST1023,PROD002,Smartphone,Electronics,West,2,32000,6400,57600,44000,13600,Completed,Paid
ORD11204,27-05-2025,CUST1106,PROD010,Running Shoes,Footwear,North,1,5500,0,5500,2500,3000,Completed,Paid
ORD11205,27-05-2025,CUST1075,PROD014,Backpack,Accessories,West,4,2200,0,8800,3600,5200,Completed,Paid
ORD11206,27-05-2025,CUST1438,PROD009,Denim Jeans,Apparel,Central,1,2800,140,2660,1200,1460,Completed,Paid
ORD11207,27-05-2025,CUST1420,PROD010,Running Shoes,Footwear,South,2,5500,1100,9900,5000,4900,Completed,Paid
ORD11208,27-05-2025,CUST1088,PROD013,Air Fryer,Home & Kitchen,Central,1,9500,950,8550,5500,3050,Completed,Paid
ORD11209,27-05-2025,CUST1259,PROD014,Backpack,Accessories,East,1,2200,110,2090,900,1190,Completed,Paid
ORD11210,27-05-2025,CUST1345,PROD002,Smartphone,Electronics,North,3,32000,14400,81600,66000,15600,Completed,Paid
ORD11211,27-05-2025,CUST1110,PROD009,Denim Jeans,Apparel,North,1,2800,280,2520,1200,1320,Completed,Paid
ORD11212,28-05-2025,CUST1239,PROD002,Smartphone,Electronics,Central,1,32000,3200,28800,22000,6800,Pending,Paid
ORD11213,28-05-2025,CUST1286,PROD012,Coffee Maker,Home & Kitchen,South,1,7500,375,7125,4000,3125,Completed,Paid
ORD11214,28-05-2025,CUST1146,PROD008,Cotton T-Shirt Pack,Apparel,Central,2,1500,150,2850,1200,1650,Completed,Paid
ORD11215,28-05-2025,CUST1116,PROD009,Denim Jeans,Apparel,East,1,2800,280,2520,1200,1320,Completed,Paid
ORD11216,29-05-2025,CUST1431,PROD013,Air Fryer,Home & Kitchen,East,4,9500,0,38000,22000,16000,Completed,Paid
ORD11217,29-05-2025,CUST1346,PROD008,Cotton T-Shirt Pack,Apparel,South,1,1500,75,1425,600,825,Pending,Pending
ORD11218,29-05-2025,CUST1062,PROD003,Wireless Headphones,Electronics,East,1,6000,300,5700,3500,2200,Completed,Paid
ORD11219,29-05-2025,CUST1380,PROD003,Wireless Headphones,Electronics,South,1,6000,0,6000,3500,2500,Completed,Paid
ORD11220,30-05-2025,CUST1433,PROD007,Bookshelf,Furniture,South,1,8500,0,8500,5000,3500,Completed,Paid
ORD11221,30-05-2025,CUST1143,PROD013,Air Fryer,Home & Kitchen,Central,2,9500,1900,17100,11000,6100,Pending,Paid
ORD11222,30-05-2025,CUST1183,PROD008,Cotton T-Shirt Pack,Apparel,Central,4,1500,900,5100,2400,2700,Cancelled,Failed
ORD11223,30-05-2025,CUST1076,PROD013,Air Fryer,Home & Kitchen,East,1,9500,0,9500,5500,4000,Completed,Paid
ORD11224,30-05-2025,CUST1119,PROD011,Leather Formal Shoes,Footwear,North,1,6500,650,5850,3000,2850,Completed,Paid
ORD11225,30-05-2025,CUST1256,PROD011,Leather Formal Shoes,Footwear,South,5,6500,0,32500,15000,17500,Pending,Paid
ORD11226,30-05-2025,CUST1079,PROD005,Office Chair,Furniture,Central,2,15000,3000,27000,18000,9000,Pending,Paid
ORD11227,30-05-2025,CUST1406,PROD008,Cotton T-Shirt Pack,Apparel,North,1,1500,75,1425,600,825,Cancelled,Failed
ORD11228,30-05-2025,CUST1278,PROD006,Standing Desk,Furniture,Central,2,22000,6600,37400,28000,9400,Completed,Paid
ORD11229,30-05-2025,CUST1221,PROD002,Smartphone,Electronics,East,1,32000,3200,28800,22000,6800,Completed,Paid
ORD11230,30-05-2025,CUST1236,PROD001,Laptop,Electronics,South,1,50000,2500,47500,35000,12500,Completed,Paid
ORD11231,30-05-2025,CUST1362,PROD003,Wireless Headphones,Electronics,East,1,6000,0,6000,3500,2500,Completed,Paid
ORD11232,31-05-2025,CUST1392,PROD002,Smartphone,Electronics,Central,2,32000,3200,60800,44000,16800,Pending,Paid
ORD11233,31-05-2025,CUST1244,PROD009,Denim Jeans,Apparel,North,2,2800,0,5600,2400,3200,Completed,Paid
ORD11234,31-05-2025,CUST1303,PROD007,Bookshelf,Furniture,Central,2,8500,1700,15300,10000,5300,Completed,Paid
ORD11235,31-05-2025,CUST1165,PROD001,Laptop,Electronics,South,2,50000,0,100000,70000,30000,Completed,Paid
ORD11236,31-05-2025,CUST1179,PROD013,Air Fryer,Home & Kitchen,Central,1,9500,950,8550,5500,3050,Completed,Paid
ORD11237,31-05-2025,CUST1195,PROD002,Smartphone,Electronics,East,1,32000,0,32000,22000,10000,Completed,Paid
ORD11238,31-05-2025,CUST1029,PROD011,Leather Formal Shoes,Footwear,North,1,6500,325,6175,3000,3175,Cancelled,Refunded
ORD11239,31-05-2025,CUST1353,PROD002,Smartphone,Electronics,West,1,32000,0,32000,22000,10000,Cancelled,Failed
ORD11240,31-05-2025,CUST1020,PROD008,Cotton T-Shirt Pack,Apparel,East,2,1500,450,2550,1200,1350,Completed,Paid
ORD11241,31-05-2025,CUST1011,PROD012,Coffee Maker,Home & Kitchen,East,2,7500,2250,12750,8000,4750,Completed,Paid
ORD11242,31-05-2025,CUST1293,PROD007,Bookshelf,Furniture,West,2,8500,1700,15300,10000,5300,Completed,Paid
ORD11243,01-06-2025,CUST1346,PROD004,Smart Watch,Electronics,West,1,14000,1400,12600,8000,4600,Pending,Paid
ORD11244,01-06-2025,CUST1086,PROD010,Running Shoes,Footwear,West,1,5500,0,5500,2500,3000,Completed,Paid
ORD11245,01-06-2025,CUST1326,PROD014,Backpack,Accessories,South,3,2200,330,6270,2700,3570,Completed,Paid
ORD11246,01-06-2025,CUST1136,PROD001,Laptop,Electronics,West,5,50000,0,250000,175000,75000,Completed,Paid
ORD11247,01-06-2025,CUST1320,PROD012,Coffee Maker,Home & Kitchen,South,2,7500,750,14250,8000,6250,Cancelled,Failed
ORD11248,01-06-2025,CUST1140,PROD002,Smartphone,Electronics,Central,3,32000,4800,91200,66000,25200,Completed,Paid
ORD11249,01-06-2025,CUST1178,PROD013,Air Fryer,Home & Kitchen,South,2,9500,0,19000,11000,8000,Completed,Paid
ORD11250,01-06-2025,CUST1222,PROD011,Leather Formal Shoes,Footwear,Central,1,6500,0,6500,3000,3500,Completed,Paid
ORD11251,01-06-2025,CUST1320,PROD009,Denim Jeans,Apparel,East,2,2800,280,5320,2400,2920,Completed,Paid
ORD11252,01-06-2025,CUST1322,PROD012,Coffee Maker,Home & Kitchen,Central,3,7500,1125,21375,12000,9375,Completed,Paid
ORD11253,01-06-2025,CUST1339,PROD014,Backpack,Accessories,East,1,2200,110,2090,900,1190,Cancelled,Failed
ORD11254,01-06-2025,CUST1290,PROD012,Coffee Maker,Home & Kitchen,South,2,7500,0,15000,8000,7000,Completed,Paid
ORD11255,01-06-2025,CUST1124,PROD003,Wireless Headphones,Electronics,West,3,6000,0,18000,10500,7500,Completed,Paid
ORD11256,02-06-2025,CUST1105,PROD014,Backpack,Accessories,East,1,2200,0,2200,900,1300,Completed,Paid
ORD11257,02-06-2025,CUST1132,PROD011,Leather Formal Shoes,Footwear,Central,1,6500,0,6500,3000,3500,Completed,Paid
ORD11258,02-06-2025,CUST1099,PROD001,Laptop,Electronics,North,2,50000,0,100000,70000,30000,Completed,Paid
ORD11259,02-06-2025,CUST1287,PROD007,Bookshelf,Furniture,East,2,8500,0,17000,10000,7000,Completed,Paid
ORD11260,02-06-2025,CUST1140,PROD003,Wireless Headphones,Electronics,South,1,6000,600,5400,3500,1900,Pending,Pending
ORD11261,02-06-2025,CUST1330,PROD014,Backpack,Accessories,South,4,2200,440,8360,3600,4760,Completed,Paid
ORD11262,02-06-2025,CUST1029,PROD014,Backpack,Accessories,South,1,2200,0,2200,900,1300,Completed,Paid
ORD11263,02-06-2025,CUST1209,PROD006,Standing Desk,Furniture,South,1,22000,2200,19800,14000,5800,Completed,Paid
ORD11264,02-06-2025,CUST1121,PROD002,Smartphone,Electronics,Central,2,32000,9600,54400,44000,10400,Cancelled,Failed
ORD11265,03-06-2025,CUST1047,PROD004,Smart Watch,Electronics,Central,1,14000,1400,12600,8000,4600,Completed,Paid
ORD11266,03-06-2025,CUST1427,PROD010,Running Shoes,Footwear,East,3,5500,1650,14850,7500,7350,Completed,Paid
ORD11267,03-06-2025,CUST1112,PROD003,Wireless Headphones,Electronics,South,1,6000,900,5100,3500,1600,Completed,Paid
ORD11268,03-06-2025,CUST1210,PROD005,Office Chair,Furniture,Central,1,15000,750,14250,9000,5250,Pending,Pending
ORD11269,03-06-2025,CUST1163,PROD009,Denim Jeans,Apparel,East,1,2800,0,2800,1200,1600,Completed,Paid
ORD11270,03-06-2025,CUST1402,PROD003,Wireless Headphones,Electronics,West,1,6000,0,6000,3500,2500,Completed,Paid
ORD11271,03-06-2025,CUST1011,PROD011,Leather Formal Shoes,Footwear,Central,1,6500,650,5850,3000,2850,Completed,Paid
ORD11272,04-06-2025,CUST1404,PROD011,Leather Formal Shoes,Footwear,North,1,6500,0,6500,3000,3500,Pending,Paid
ORD11273,04-06-2025,CUST1416,PROD011,Leather Formal Shoes,Footwear,South,2,6500,0,13000,6000,7000,Completed,Paid
ORD11274,04-06-2025,CUST1199,PROD001,Laptop,Electronics,East,4,50000,30000,170000,140000,30000,Completed,Paid
ORD11275,04-06-2025,CUST1047,PROD014,Backpack,Accessories,North,1,2200,220,1980,900,1080,Completed,Paid
ORD11276,04-06-2025,CUST1225,PROD011,Leather Formal Shoes,Footwear,West,3,6500,1950,17550,9000,8550,Completed,Paid
ORD11277,04-06-2025,CUST1405,PROD001,Laptop,Electronics,West,3,50000,15000,135000,105000,30000,Completed,Paid
ORD11278,04-06-2025,CUST1242,PROD012,Coffee Maker,Home & Kitchen,East,4,7500,0,30000,16000,14000,Completed,Paid
ORD11279,04-06-2025,CUST1449,PROD014,Backpack,Accessories,South,3,2200,330,6270,2700,3570,Cancelled,Refunded
ORD11280,04-06-2025,CUST1181,PROD007,Bookshelf,Furniture,Central,2,8500,850,16150,10000,6150,Completed,Paid
ORD11281,05-06-2025,CUST1356,PROD001,Laptop,Electronics,South,2,50000,0,100000,70000,30000,Completed,Paid
ORD11282,05-06-2025,CUST1406,PROD011,Leather Formal Shoes,Footwear,North,1,6500,0,6500,3000,3500,Completed,Paid
ORD11283,05-06-2025,CUST1161,PROD010,Running Shoes,Footwear,South,1,5500,0,5500,2500,3000,Pending,Pending
ORD11284,05-06-2025,CUST1434,PROD010,Running Shoes,Footwear,East,2,5500,0,11000,5000,6000,Completed,Paid
ORD11285,05-06-2025,CUST1448,PROD012,Coffee Maker,Home & Kitchen,North,1,7500,375,7125,4000,3125,Completed,Paid
ORD11286,05-06-2025,CUST1410,PROD005,Office Chair,Furniture,North,1,15000,0,15000,9000,6000,Completed,Paid
ORD11287,05-06-2025,CUST1449,PROD007,Bookshelf,Furniture,Central,1,8500,1275,7225,5000,2225,Cancelled,Refunded
ORD11288,06-06-2025,CUST1237,PROD004,Smart Watch,Electronics,West,2,14000,0,28000,16000,12000,Completed,Paid
ORD11289,06-06-2025,CUST1317,PROD007,Bookshelf,Furniture,Central,1,8500,0,8500,5000,3500,Completed,Paid
ORD11290,06-06-2025,CUST1088,PROD010,Running Shoes,Footwear,South,1,5500,275,5225,2500,2725,Completed,Paid
ORD11291,06-06-2025,CUST1424,PROD011,Leather Formal Shoes,Footwear,East,1,6500,650,5850,3000,2850,Completed,Paid
ORD11292,06-06-2025,CUST1442,PROD014,Backpack,Accessories,West,1,2200,110,2090,900,1190,Completed,Paid
ORD11293,06-06-2025,CUST1221,PROD014,Backpack,Accessories,North,2,2200,660,3740,1800,1940,Completed,Paid
ORD11294,06-06-2025,CUST1373,PROD011,Leather Formal Shoes,Footwear,North,1,6500,0,6500,3000,3500,Completed,Paid
ORD11295,06-06-2025,CUST1015,PROD005,Office Chair,Furniture,West,1,15000,750,14250,9000,5250,Completed,Paid
ORD11296,07-06-2025,CUST1299,PROD011,Leather Formal Shoes,Footwear,East,1,6500,325,6175,3000,3175,Completed,Paid
ORD11297,07-06-2025,CUST1355,PROD007,Bookshelf,Furniture,North,2,8500,1700,15300,10000,5300,Pending,Paid
ORD11298,07-06-2025,CUST1038,PROD002,Smartphone,Electronics,Central,1,32000,0,32000,22000,10000,Completed,Paid
ORD11299,07-06-2025,CUST1242,PROD006,Standing Desk,Furniture,Central,4,22000,13200,74800,56000,18800,Cancelled,Refunded
ORD11300,07-06-2025,CUST1003,PROD005,Office Chair,Furniture,Central,2,15000,0,30000,18000,12000,Completed,Paid
ORD11301,07-06-2025,CUST1344,PROD006,Standing Desk,Furniture,North,4,22000,4400,83600,56000,27600,Cancelled,Refunded
ORD11302,07-06-2025,CUST1134,PROD003,Wireless Headphones,Electronics,Central,1,6000,0,6000,3500,2500,Completed,Paid
ORD11303,07-06-2025,CUST1068,PROD002,Smartphone,Electronics,West,2,32000,0,64000,44000,20000,Completed,Paid
ORD11304,07-06-2025,CUST1060,PROD006,Standing Desk,Furniture,South,5,22000,5500,104500,70000,34500,Completed,Paid
ORD11305,07-06-2025,CUST1383,PROD006,Standing Desk,Furniture,East,1,22000,2200,19800,14000,5800,Cancelled,Failed
ORD11306,08-06-2025,CUST1161,PROD007,Bookshelf,Furniture,North,1,8500,1275,7225,5000,2225,Completed,Paid
ORD11307,08-06-2025,CUST1285,PROD014,Backpack,Accessories,East,1,2200,0,2200,900,1300,Completed,Paid
ORD11308,08-06-2025,CUST1094,PROD001,Laptop,Electronics,East,1,50000,5000,45000,35000,10000,Completed,Paid
ORD11309,08-06-2025,CUST1060,PROD008,Cotton T-Shirt Pack,Apparel,South,1,1500,225,1275,600,675,Cancelled,Failed
ORD11310,08-06-2025,CUST1235,PROD008,Cotton T-Shirt Pack,Apparel,South,3,1500,450,4050,1800,2250,Completed,Paid
ORD11311,08-06-2025,CUST1179,PROD002,Smartphone,Electronics,North,3,32000,0,96000,66000,30000,Completed,Paid
ORD11312,08-06-2025,CUST1384,PROD009,Denim Jeans,Apparel,West,2,2800,280,5320,2400,2920,Completed,Paid
ORD11313,08-06-2025,CUST1299,PROD001,Laptop,Electronics,Central,2,50000,0,100000,70000,30000,Completed,Paid
ORD11314,08-06-2025,CUST1127,PROD013,Air Fryer,Home & Kitchen,East,2,9500,1900,17100,11000,6100,Completed,Paid
ORD11315,08-06-2025,CUST1146,PROD011,Leather Formal Shoes,Footwear,South,1,6500,325,6175,3000,3175,Completed,Paid
ORD11316,08-06-2025,CUST1429,PROD006,Standing Desk,Furniture,North,1,22000,1100,20900,14000,6900,Pending,Paid
ORD11317,08-06-2025,CUST1233,PROD011,Leather Formal Shoes,Footwear,West,2,6500,0,13000,6000,7000,Completed,Paid
ORD11318,09-06-2025,CUST1319,PROD008,Cotton T-Shirt Pack,Apparel,West,4,1500,900,5100,2400,2700,Cancelled,Refunded
ORD11319,09-06-2025,CUST1109,PROD014,Backpack,Accessories,South,3,2200,0,6600,2700,3900,Completed,Paid
ORD11320,09-06-2025,CUST1381,PROD002,Smartphone,Electronics,Central,4,32000,0,128000,88000,40000,Completed,Paid
ORD11321,09-06-2025,CUST1131,PROD003,Wireless Headphones,Electronics,North,4,6000,2400,21600,14000,7600,Completed,Paid
ORD11322,09-06-2025,CUST1011,PROD014,Backpack,Accessories,North,1,2200,220,1980,900,1080,Completed,Paid
ORD11323,09-06-2025,CUST1332,PROD013,Air Fryer,Home & Kitchen,North,1,9500,475,9025,5500,3525,Completed,Paid
ORD11324,09-06-2025,CUST1377,PROD013,Air Fryer,Home & Kitchen,West,3,9500,1425,27075,16500,10575,Completed,Paid
ORD11325,09-06-2025,CUST1341,PROD002,Smartphone,Electronics,West,2,32000,3200,60800,44000,16800,Completed,Paid
ORD11326,09-06-2025,CUST1244,PROD005,Office Chair,Furniture,Central,2,15000,0,30000,18000,12000,Completed,Paid
ORD11327,10-06-2025,CUST1315,PROD003,Wireless Headphones,Electronics,East,2,6000,0,12000,7000,5000,Cancelled,Failed
ORD11328,10-06-2025,CUST1238,PROD011,Leather Formal Shoes,Footwear,North,2,6500,1300,11700,6000,5700,Completed,Paid
ORD11329,10-06-2025,CUST1270,PROD011,Leather Formal Shoes,Footwear,Central,1,6500,325,6175,3000,3175,Completed,Paid
ORD11330,10-06-2025,CUST1411,PROD008,Cotton T-Shirt Pack,Apparel,West,1,1500,0,1500,600,900,Completed,Paid
ORD11331,10-06-2025,CUST1431,PROD004,Smart Watch,Electronics,Central,1,14000,700,13300,8000,5300,Cancelled,Refunded
ORD11332,10-06-2025,CUST1024,PROD009,Denim Jeans,Apparel,South,2,2800,0,5600,2400,3200,Completed,Paid
ORD11333,11-06-2025,CUST1369,PROD010,Running Shoes,Footwear,West,1,5500,275,5225,2500,2725,Cancelled,Refunded
ORD11334,11-06-2025,CUST1059,PROD012,Coffee Maker,Home & Kitchen,East,1,7500,0,7500,4000,3500,Completed,Paid
ORD11335,11-06-2025,CUST1024,PROD002,Smartphone,Electronics,East,3,32000,0,96000,66000,30000,Cancelled,Failed
ORD11336,11-06-2025,CUST1388,PROD011,Leather Formal Shoes,Footwear,East,2,6500,0,13000,6000,7000,Completed,Paid
ORD11337,11-06-2025,CUST1109,PROD003,Wireless Headphones,Electronics,South,2,6000,600,11400,7000,4400,Pending,Pending
ORD11338,11-06-2025,CUST1223,PROD009,Denim Jeans,Apparel,South,1,2800,0,2800,1200,1600,Completed,Paid
ORD11339,11-06-2025,CUST1336,PROD008,Cotton T-Shirt Pack,Apparel,East,2,1500,300,2700,1200,1500,Pending,Paid
ORD11340,11-06-2025,CUST1156,PROD010,Running Shoes,Footwear,Central,1,5500,275,5225,2500,2725,Pending,Paid
ORD11341,11-06-2025,CUST1412,PROD005,Office Chair,Furniture,South,1,15000,0,15000,9000,6000,Completed,Paid
ORD11342,12-06-2025,CUST1357,PROD004,Smart Watch,Electronics,South,1,14000,700,13300,8000,5300,Pending,Pending
ORD11343,12-06-2025,CUST1224,PROD014,Backpack,Accessories,Central,1,2200,0,2200,900,1300,Completed,Paid
ORD11344,12-06-2025,CUST1076,PROD008,Cotton T-Shirt Pack,Apparel,East,1,1500,0,1500,600,900,Completed,Paid
ORD11345,12-06-2025,CUST1379,PROD012,Coffee Maker,Home & Kitchen,East,4,7500,1500,28500,16000,12500,Completed,Paid
ORD11346,13-06-2025,CUST1125,PROD004,Smart Watch,Electronics,West,2,14000,2800,25200,16000,9200,Completed,Paid
ORD11347,13-06-2025,CUST1171,PROD001,Laptop,Electronics,South,2,50000,10000,90000,70000,20000,Completed,Paid
ORD11348,13-06-2025,CUST1435,PROD008,Cotton T-Shirt Pack,Apparel,Central,2,1500,150,2850,1200,1650,Completed,Paid
ORD11349,13-06-2025,CUST1019,PROD008,Cotton T-Shirt Pack,Apparel,East,1,1500,75,1425,600,825,Cancelled,Failed
ORD11350,13-06-2025,CUST1119,PROD012,Coffee Maker,Home & Kitchen,South,2,7500,0,15000,8000,7000,Completed,Paid
ORD11351,13-06-2025,CUST1284,PROD002,Smartphone,Electronics,West,3,32000,0,96000,66000,30000,Completed,Paid
ORD11352,13-06-2025,CUST1060,PROD008,Cotton T-Shirt Pack,Apparel,Central,4,1500,0,6000,2400,3600,Pending,Paid
ORD11353,13-06-2025,CUST1011,PROD003,Wireless Headphones,Electronics,West,2,6000,600,11400,7000,4400,Completed,Paid
ORD11354,13-06-2025,CUST1119,PROD009,Denim Jeans,Apparel,North,2,2800,280,5320,2400,2920,Cancelled,Failed
ORD11355,13-06-2025,CUST1068,PROD005,Office Chair,Furniture,East,4,15000,6000,54000,36000,18000,Pending,Paid
ORD11356,13-06-2025,CUST1408,PROD008,Cotton T-Shirt Pack,Apparel,North,2,1500,0,3000,1200,1800,Pending,Pending
ORD11357,13-06-2025,CUST1342,PROD008,Cotton T-Shirt Pack,Apparel,North,1,1500,0,1500,600,900,Completed,Paid
ORD11358,14-06-2025,CUST1407,PROD007,Bookshelf,Furniture,East,1,8500,0,8500,5000,3500,Completed,Paid
ORD11359,14-06-2025,CUST1010,PROD006,Standing Desk,Furniture,West,1,22000,0,22000,14000,8000,Cancelled,Refunded
ORD11360,14-06-2025,CUST1414,PROD002,Smartphone,Electronics,West,1,32000,1600,30400,22000,8400,Completed,Paid
ORD11361,14-06-2025,CUST1288,PROD004,Smart Watch,Electronics,East,1,14000,0,14000,8000,6000,Completed,Paid
ORD11362,14-06-2025,CUST1394,PROD001,Laptop,Electronics,Central,1,50000,0,50000,35000,15000,Pending,Pending
ORD11363,14-06-2025,CUST1362,PROD001,Laptop,Electronics,East,2,50000,15000,85000,70000,15000,Completed,Paid
ORD11364,14-06-2025,CUST1055,PROD013,Air Fryer,Home & Kitchen,Central,2,9500,1900,17100,11000,6100,Completed,Paid
ORD11365,14-06-2025,CUST1422,PROD009,Denim Jeans,Apparel,South,2,2800,0,5600,2400,3200,Completed,Paid
ORD11366,15-06-2025,CUST1186,PROD003,Wireless Headphones,Electronics,West,2,6000,1200,10800,7000,3800,Completed,Paid
ORD11367,15-06-2025,CUST1376,PROD014,Backpack,Accessories,South,1,2200,0,2200,900,1300,Completed,Paid
ORD11368,15-06-2025,CUST1063,PROD014,Backpack,Accessories,North,1,2200,0,2200,900,1300,Completed,Paid
ORD11369,15-06-2025,CUST1126,PROD014,Backpack,Accessories,East,1,2200,110,2090,900,1190,Completed,Paid
ORD11370,15-06-2025,CUST1137,PROD006,Standing Desk,Furniture,East,1,22000,1100,20900,14000,6900,Completed,Paid
ORD11371,15-06-2025,CUST1386,PROD013,Air Fryer,Home & Kitchen,Central,1,9500,0,9500,5500,4000,Completed,Paid
ORD11372,15-06-2025,CUST1212,PROD007,Bookshelf,Furniture,East,4,8500,1700,32300,20000,12300,Pending,Paid
ORD11373,15-06-2025,CUST1016,PROD008,Cotton T-Shirt Pack,Apparel,North,2,1500,300,2700,1200,1500,Cancelled,Refunded
ORD11374,15-06-2025,CUST1044,PROD006,Standing Desk,Furniture,West,1,22000,2200,19800,14000,5800,Completed,Paid
ORD11375,16-06-2025,CUST1202,PROD013,Air Fryer,Home & Kitchen,South,2,9500,950,18050,11000,7050,Cancelled,Refunded
ORD11376,16-06-2025,CUST1324,PROD012,Coffee Maker,Home & Kitchen,Central,5,7500,0,37500,20000,17500,Pending,Paid
ORD11377,16-06-2025,CUST1370,PROD012,Coffee Maker,Home & Kitchen,West,3,7500,0,22500,12000,10500,Completed,Paid
ORD11378,16-06-2025,CUST1271,PROD010,Running Shoes,Footwear,North,2,5500,0,11000,5000,6000,Completed,Paid
ORD11379,17-06-2025,CUST1320,PROD013,Air Fryer,Home & Kitchen,Central,2,9500,950,18050,11000,7050,Pending,Paid
ORD11380,17-06-2025,CUST1398,PROD004,Smart Watch,Electronics,West,1,14000,700,13300,8000,5300,Completed,Paid
ORD11381,17-06-2025,CUST1372,PROD012,Coffee Maker,Home & Kitchen,North,2,7500,750,14250,8000,6250,Completed,Paid
ORD11382,17-06-2025,CUST1048,PROD009,Denim Jeans,Apparel,Central,1,2800,0,2800,1200,1600,Pending,Pending
ORD11383,17-06-2025,CUST1012,PROD001,Laptop,Electronics,Central,2,50000,0,100000,70000,30000,Completed,Paid
ORD11384,17-06-2025,CUST1372,PROD007,Bookshelf,Furniture,Central,1,8500,0,8500,5000,3500,Completed,Paid
ORD11385,17-06-2025,CUST1133,PROD011,Leather Formal Shoes,Footwear,Central,1,6500,0,6500,3000,3500,Pending,Pending
ORD11386,17-06-2025,CUST1230,PROD005,Office Chair,Furniture,Central,2,15000,1500,28500,18000,10500,Completed,Paid
ORD11387,18-06-2025,CUST1298,PROD010,Running Shoes,Footwear,Central,3,5500,0,16500,7500,9000,Completed,Paid
ORD11388,18-06-2025,CUST1146,PROD011,Leather Formal Shoes,Footwear,Central,2,6500,1300,11700,6000,5700,Cancelled,Refunded
ORD11389,18-06-2025,CUST1054,PROD006,Standing Desk,Furniture,Central,2,22000,4400,39600,28000,11600,Completed,Paid
ORD11390,18-06-2025,CUST1233,PROD002,Smartphone,Electronics,North,2,32000,6400,57600,44000,13600,Completed,Paid
ORD11391,18-06-2025,CUST1048,PROD001,Laptop,Electronics,East,3,50000,7500,142500,105000,37500,Completed,Paid
ORD11392,18-06-2025,CUST1040,PROD006,Standing Desk,Furniture,Central,1,22000,1100,20900,14000,6900,Completed,Paid
ORD11393,18-06-2025,CUST1447,PROD005,Office Chair,Furniture,Central,1,15000,0,15000,9000,6000,Completed,Paid
ORD11394,18-06-2025,CUST1353,PROD008,Cotton T-Shirt Pack,Apparel,East,3,1500,0,4500,1800,2700,Completed,Paid
ORD11395,18-06-2025,CUST1249,PROD012,Coffee Maker,Home & Kitchen,East,1,7500,750,6750,4000,2750,Cancelled,Refunded
ORD11396,19-06-2025,CUST1109,PROD008,Cotton T-Shirt Pack,Apparel,East,1,1500,0,1500,600,900,Cancelled,Failed
ORD11397,19-06-2025,CUST1061,PROD010,Running Shoes,Footwear,East,1,5500,0,5500,2500,3000,Completed,Paid
ORD11398,19-06-2025,CUST1021,PROD009,Denim Jeans,Apparel,North,1,2800,0,2800,1200,1600,Completed,Paid
ORD11399,19-06-2025,CUST1156,PROD005,Office Chair,Furniture,East,1,15000,0,15000,9000,6000,Cancelled,Failed
ORD11400,19-06-2025,CUST1025,PROD005,Office Chair,Furniture,West,1,15000,1500,13500,9000,4500,Completed,Paid
ORD11401,19-06-2025,CUST1002,PROD002,Smartphone,Electronics,Central,1,32000,3200,28800,22000,6800,Completed,Paid
ORD11402,19-06-2025,CUST1247,PROD010,Running Shoes,Footwear,West,2,5500,1650,9350,5000,4350,Completed,Paid
ORD11403,19-06-2025,CUST1244,PROD014,Backpack,Accessories,Central,1,2200,0,2200,900,1300,Pending,Paid
ORD11404,19-06-2025,CUST1390,PROD008,Cotton T-Shirt Pack,Apparel,East,1,1500,150,1350,600,750,Completed,Paid
ORD11405,20-06-2025,CUST1341,PROD010,Running Shoes,Footwear,East,1,5500,825,4675,2500,2175,Completed,Paid
ORD11406,20-06-2025,CUST1277,PROD001,Laptop,Electronics,East,2,50000,5000,95000,70000,25000,Completed,Paid
ORD11407,20-06-2025,CUST1363,PROD001,Laptop,Electronics,Central,2,50000,10000,90000,70000,20000,Completed,Paid
ORD11408,20-06-2025,CUST1288,PROD011,Leather Formal Shoes,Footwear,South,2,6500,0,13000,6000,7000,Cancelled,Refunded
ORD11409,20-06-2025,CUST1292,PROD009,Denim Jeans,Apparel,North,2,2800,280,5320,2400,2920,Completed,Paid
ORD11410,20-06-2025,CUST1062,PROD011,Leather Formal Shoes,Footwear,Central,1,6500,0,6500,3000,3500,Completed,Paid
ORD11411,20-06-2025,CUST1126,PROD014,Backpack,Accessories,Central,1,2200,220,1980,900,1080,Cancelled,Failed
ORD11412,20-06-2025,CUST1206,PROD010,Running Shoes,Footwear,South,1,5500,825,4675,2500,2175,Completed,Paid
ORD11413,20-06-2025,CUST1224,PROD003,Wireless Headphones,Electronics,East,1,6000,300,5700,3500,2200,Completed,Paid
ORD11414,20-06-2025,CUST1132,PROD002,Smartphone,Electronics,South,5,32000,8000,152000,110000,42000,Completed,Paid
ORD11415,20-06-2025,CUST1074,PROD003,Wireless Headphones,Electronics,West,2,6000,0,12000,7000,5000,Completed,Paid
ORD11416,20-06-2025,CUST1348,PROD003,Wireless Headphones,Electronics,South,2,6000,0,12000,7000,5000,Completed,Paid
ORD11417,21-06-2025,CUST1030,PROD005,Office Chair,Furniture,East,1,15000,0,15000,9000,6000,Completed,Paid
ORD11418,21-06-2025,CUST1133,PROD007,Bookshelf,Furniture,South,1,8500,0,8500,5000,3500,Cancelled,Refunded
ORD11419,21-06-2025,CUST1253,PROD009,Denim Jeans,Apparel,Central,1,2800,0,2800,1200,1600,Completed,Paid
ORD11420,21-06-2025,CUST1163,PROD008,Cotton T-Shirt Pack,Apparel,Central,1,1500,75,1425,600,825,Completed,Paid
ORD11421,21-06-2025,CUST1325,PROD004,Smart Watch,Electronics,South,1,14000,2100,11900,8000,3900,Pending,Pending
ORD11422,21-06-2025,CUST1127,PROD013,Air Fryer,Home & Kitchen,Central,2,9500,0,19000,11000,8000,Cancelled,Failed
ORD11423,21-06-2025,CUST1229,PROD002,Smartphone,Electronics,Central,1,32000,4800,27200,22000,5200,Completed,Paid
ORD11424,21-06-2025,CUST1277,PROD003,Wireless Headphones,Electronics,North,2,6000,0,12000,7000,5000,Cancelled,Failed
ORD11425,21-06-2025,CUST1022,PROD001,Laptop,Electronics,East,4,50000,10000,190000,140000,50000,Pending,Pending
ORD11426,21-06-2025,CUST1001,PROD001,Laptop,Electronics,East,1,50000,0,50000,35000,15000,Pending,Paid
ORD11427,21-06-2025,CUST1180,PROD014,Backpack,Accessories,North,2,2200,220,4180,1800,2380,Completed,Paid
ORD11428,21-06-2025,CUST1083,PROD012,Coffee Maker,Home & Kitchen,Central,2,7500,0,15000,8000,7000,Completed,Paid
ORD11429,21-06-2025,CUST1358,PROD002,Smartphone,Electronics,North,2,32000,9600,54400,44000,10400,Completed,Paid
ORD11430,22-06-2025,CUST1313,PROD009,Denim Jeans,Apparel,West,3,2800,1260,7140,3600,3540,Pending,Paid
ORD11431,22-06-2025,CUST1386,PROD012,Coffee Maker,Home & Kitchen,East,1,7500,375,7125,4000,3125,Completed,Paid
ORD11432,22-06-2025,CUST1175,PROD004,Smart Watch,Electronics,East,4,14000,0,56000,32000,24000,Pending,Pending
ORD11433,22-06-2025,CUST1331,PROD001,Laptop,Electronics,Central,1,50000,7500,42500,35000,7500,Pending,Pending
ORD11434,22-06-2025,CUST1212,PROD009,Denim Jeans,Apparel,East,2,2800,280,5320,2400,2920,Pending,Pending
ORD11435,22-06-2025,CUST1276,PROD001,Laptop,Electronics,East,2,50000,0,100000,70000,30000,Completed,Paid
ORD11436,22-06-2025,CUST1424,PROD010,Running Shoes,Footwear,West,1,5500,550,4950,2500,2450,Pending,Pending
ORD11437,22-06-2025,CUST1064,PROD008,Cotton T-Shirt Pack,Apparel,West,4,1500,0,6000,2400,3600,Completed,Paid
ORD11438,22-06-2025,CUST1381,PROD001,Laptop,Electronics,West,2,50000,10000,90000,70000,20000,Completed,Paid
ORD11439,23-06-2025,CUST1418,PROD010,Running Shoes,Footwear,West,3,5500,0,16500,7500,9000,Completed,Paid
ORD11440,23-06-2025,CUST1186,PROD001,Laptop,Electronics,West,1,50000,5000,45000,35000,10000,Cancelled,Refunded
ORD11441,23-06-2025,CUST1004,PROD004,Smart Watch,Electronics,East,1,14000,0,14000,8000,6000,Cancelled,Failed
ORD11442,23-06-2025,CUST1088,PROD009,Denim Jeans,Apparel,North,2,2800,280,5320,2400,2920,Pending,Pending
ORD11443,24-06-2025,CUST1302,PROD003,Wireless Headphones,Electronics,South,1,6000,900,5100,3500,1600,Completed,Paid
ORD11444,24-06-2025,CUST1268,PROD012,Coffee Maker,Home & Kitchen,West,1,7500,375,7125,4000,3125,Pending,Paid
ORD11445,24-06-2025,CUST1349,PROD009,Denim Jeans,Apparel,East,1,2800,0,2800,1200,1600,Pending,Pending
ORD11446,24-06-2025,CUST1438,PROD006,Standing Desk,Furniture,East,3,22000,0,66000,42000,24000,Completed,Paid
ORD11447,25-06-2025,CUST1266,PROD008,Cotton T-Shirt Pack,Apparel,East,1,1500,150,1350,600,750,Pending,Pending
ORD11448,25-06-2025,CUST1025,PROD005,Office Chair,Furniture,East,2,15000,0,30000,18000,12000,Completed,Paid
ORD11449,25-06-2025,CUST1100,PROD006,Standing Desk,Furniture,South,3,22000,6600,59400,42000,17400,Pending,Pending
ORD11450,25-06-2025,CUST1354,PROD007,Bookshelf,Furniture,South,3,8500,0,25500,15000,10500,Completed,Paid
ORD11451,25-06-2025,CUST1160,PROD002,Smartphone,Electronics,South,1,32000,0,32000,22000,10000,Completed,Paid
ORD11452,25-06-2025,CUST1304,PROD013,Air Fryer,Home & Kitchen,West,3,9500,0,28500,16500,12000,Completed,Paid
ORD11453,25-06-2025,CUST1123,PROD006,Standing Desk,Furniture,South,3,22000,3300,62700,42000,20700,Completed,Paid
ORD11454,25-06-2025,CUST1038,PROD013,Air Fryer,Home & Kitchen,Central,2,9500,1900,17100,11000,6100,Pending,Paid
ORD11455,25-06-2025,CUST1297,PROD002,Smartphone,Electronics,South,5,32000,24000,136000,110000,26000,Completed,Paid
ORD11456,26-06-2025,CUST1435,PROD012,Coffee Maker,Home & Kitchen,South,2,7500,0,15000,8000,7000,Completed,Paid
ORD11457,26-06-2025,CUST1029,PROD005,Office Chair,Furniture,Central,2,15000,0,30000,18000,12000,Pending,Pending
ORD11458,26-06-2025,CUST1287,PROD001,Laptop,Electronics,West,3,50000,0,150000,105000,45000,Cancelled,Failed
ORD11459,26-06-2025,CUST1120,PROD014,Backpack,Accessories,Central,2,2200,220,4180,1800,2380,Completed,Paid
ORD11460,26-06-2025,CUST1197,PROD008,Cotton T-Shirt Pack,Apparel,East,3,1500,225,4275,1800,2475,Completed,Paid
ORD11461,26-06-2025,CUST1334,PROD011,Leather Formal Shoes,Footwear,South,1,6500,0,6500,3000,3500,Completed,Paid
ORD11462,27-06-2025,CUST1053,PROD001,Laptop,Electronics,Central,2,50000,5000,95000,70000,25000,Completed,Paid
ORD11463,27-06-2025,CUST1294,PROD003,Wireless Headphones,Electronics,Central,1,6000,0,6000,3500,2500,Pending,Paid
ORD11464,27-06-2025,CUST1096,PROD004,Smart Watch,Electronics,North,2,14000,0,28000,16000,12000,Completed,Paid
ORD11465,27-06-2025,CUST1300,PROD007,Bookshelf,Furniture,Central,4,8500,3400,30600,20000,10600,Completed,Paid
ORD11466,27-06-2025,CUST1299,PROD009,Denim Jeans,Apparel,North,1,2800,0,2800,1200,1600,Completed,Paid
ORD11467,27-06-2025,CUST1150,PROD006,Standing Desk,Furniture,South,2,22000,2200,41800,28000,13800,Completed,Paid
ORD11468,27-06-2025,CUST1030,PROD004,Smart Watch,Electronics,Central,3,14000,2100,39900,24000,15900,Completed,Paid
ORD11469,27-06-2025,CUST1217,PROD006,Standing Desk,Furniture,North,5,22000,5500,104500,70000,34500,Completed,Paid
ORD11470,28-06-2025,CUST1175,PROD004,Smart Watch,Electronics,East,2,14000,4200,23800,16000,7800,Cancelled,Failed
ORD11471,28-06-2025,CUST1437,PROD010,Running Shoes,Footwear,Central,4,5500,1100,20900,10000,10900,Completed,Paid
ORD11472,28-06-2025,CUST1169,PROD003,Wireless Headphones,Electronics,South,1,6000,600,5400,3500,1900,Completed,Paid
ORD11473,28-06-2025,CUST1254,PROD004,Smart Watch,Electronics,South,2,14000,1400,26600,16000,10600,Completed,Paid
ORD11474,28-06-2025,CUST1320,PROD004,Smart Watch,Electronics,North,1,14000,1400,12600,8000,4600,Completed,Paid
ORD11475,28-06-2025,CUST1414,PROD012,Coffee Maker,Home & Kitchen,East,1,7500,0,7500,4000,3500,Completed,Paid
ORD11476,28-06-2025,CUST1186,PROD001,Laptop,Electronics,South,1,50000,2500,47500,35000,12500,Completed,Paid
ORD11477,28-06-2025,CUST1149,PROD008,Cotton T-Shirt Pack,Apparel,North,2,1500,450,2550,1200,1350,Completed,Paid
ORD11478,29-06-2025,CUST1016,PROD004,Smart Watch,Electronics,North,1,14000,0,14000,8000,6000,Completed,Paid
ORD11479,29-06-2025,CUST1369,PROD003,Wireless Headphones,Electronics,West,3,6000,0,18000,10500,7500,Completed,Paid
ORD11480,29-06-2025,CUST1012,PROD003,Wireless Headphones,Electronics,West,3,6000,0,18000,10500,7500,Pending,Pending
ORD11481,29-06-2025,CUST1195,PROD011,Leather Formal Shoes,Footwear,South,1,6500,0,6500,3000,3500,Completed,Paid
ORD11482,29-06-2025,CUST1123,PROD006,Standing Desk,Furniture,West,2,22000,6600,37400,28000,9400,Cancelled,Failed
ORD11483,29-06-2025,CUST1450,PROD012,Coffee Maker,Home & Kitchen,South,1,7500,750,6750,4000,2750,Completed,Paid
ORD11484,29-06-2025,CUST1407,PROD004,Smart Watch,Electronics,North,2,14000,1400,26600,16000,10600,Completed,Paid
ORD11485,29-06-2025,CUST1307,PROD007,Bookshelf,Furniture,North,4,8500,3400,30600,20000,10600,Cancelled,Refunded
ORD11486,30-06-2025,CUST1151,PROD013,Air Fryer,Home & Kitchen,North,1,9500,0,9500,5500,4000,Completed,Paid
ORD11487,30-06-2025,CUST1447,PROD003,Wireless Headphones,Electronics,Central,4,6000,2400,21600,14000,7600,Completed,Paid
ORD11488,30-06-2025,CUST1373,PROD002,Smartphone,Electronics,East,2,32000,3200,60800,44000,16800,Completed,Paid
ORD11489,30-06-2025,CUST1261,PROD007,Bookshelf,Furniture,Central,1,8500,425,8075,5000,3075,Completed,Paid
ORD11490,30-06-2025,CUST1165,PROD012,Coffee Maker,Home & Kitchen,West,2,7500,750,14250,8000,6250,Completed,Paid
ORD11491,30-06-2025,CUST1243,PROD005,Office Chair,Furniture,Central,1,15000,2250,12750,9000,3750,Cancelled,Refunded
ORD11492,30-06-2025,CUST1107,PROD004,Smart Watch,Electronics,North,1,14000,0,14000,8000,6000,Completed,Paid
ORD11493,30-06-2025,CUST1157,PROD007,Bookshelf,Furniture,East,2,8500,2550,14450,10000,4450,Completed,Paid
ORD11494,01-07-2025,CUST1282,PROD002,Smartphone,Electronics,North,2,32000,0,64000,44000,20000,Cancelled,Failed
ORD11495,01-07-2025,CUST1118,PROD010,Running Shoes,Footwear,South,1,5500,275,5225,2500,2725,Completed,Paid
ORD11496,01-07-2025,CUST1231,PROD008,Cotton T-Shirt Pack,Apparel,East,1,1500,150,1350,600,750,Completed,Paid
ORD11497,01-07-2025,CUST1140,PROD007,Bookshelf,Furniture,South,1,8500,0,8500,5000,3500,Pending,Pending
ORD11498,01-07-2025,CUST1184,PROD002,Smartphone,Electronics,West,3,32000,4800,91200,66000,25200,Pending,Pending
ORD11499,01-07-2025,CUST1403,PROD005,Office Chair,Furniture,North,1,15000,0,15000,9000,6000,Completed,Paid
ORD11500,02-07-2025,CUST1103,PROD006,Standing Desk,Furniture,North,2,22000,0,44000,28000,16000,Pending,Paid
ORD11501,02-07-2025,CUST1098,PROD012,Coffee Maker,Home & Kitchen,Central,5,7500,5625,31875,20000,11875,Pending,Paid
ORD11502,02-07-2025,CUST1005,PROD013,Air Fryer,Home & Kitchen,West,1,9500,0,9500,5500,4000,Completed,Paid
ORD11503,02-07-2025,CUST1208,PROD014,Backpack,Accessories,Central,2,2200,0,4400,1800,2600,Pending,Pending
ORD11504,02-07-2025,CUST1444,PROD007,Bookshelf,Furniture,North,1,8500,850,7650,5000,2650,Completed,Paid
ORD11505,02-07-2025,CUST1120,PROD009,Denim Jeans,Apparel,Central,2,2800,560,5040,2400,2640,Pending,Paid
ORD11506,02-07-2025,CUST1175,PROD013,Air Fryer,Home & Kitchen,South,1,9500,0,9500,5500,4000,Pending,Paid
ORD11507,02-07-2025,CUST1108,PROD008,Cotton T-Shirt Pack,Apparel,East,3,1500,0,4500,1800,2700,Completed,Paid
ORD11508,03-07-2025,CUST1448,PROD003,Wireless Headphones,Electronics,West,4,6000,0,24000,14000,10000,Pending,Paid
ORD11509,03-07-2025,CUST1174,PROD004,Smart Watch,Electronics,East,1,14000,1400,12600,8000,4600,Pending,Paid
ORD11510,03-07-2025,CUST1167,PROD010,Running Shoes,Footwear,South,2,5500,0,11000,5000,6000,Completed,Paid
ORD11511,03-07-2025,CUST1079,PROD006,Standing Desk,Furniture,Central,2,22000,2200,41800,28000,13800,Cancelled,Failed
ORD11512,03-07-2025,CUST1196,PROD004,Smart Watch,Electronics,East,1,14000,0,14000,8000,6000,Completed,Paid
ORD11513,03-07-2025,CUST1056,PROD006,Standing Desk,Furniture,Central,4,22000,4400,83600,56000,27600,Completed,Paid
ORD11514,03-07-2025,CUST1048,PROD003,Wireless Headphones,Electronics,South,2,6000,0,12000,7000,5000,Pending,Paid
ORD11515,03-07-2025,CUST1014,PROD003,Wireless Headphones,Electronics,North,1,6000,900,5100,3500,1600,Completed,Paid
ORD11516,04-07-2025,CUST1120,PROD005,Office Chair,Furniture,Central,1,15000,0,15000,9000,6000,Cancelled,Refunded
ORD11517,04-07-2025,CUST1088,PROD006,Standing Desk,Furniture,East,1,22000,3300,18700,14000,4700,Completed,Paid
ORD11518,04-07-2025,CUST1275,PROD007,Bookshelf,Furniture,East,2,8500,0,17000,10000,7000,Completed,Paid
ORD11519,04-07-2025,CUST1067,PROD014,Backpack,Accessories,North,1,2200,220,1980,900,1080,Pending,Paid
ORD11520,04-07-2025,CUST1082,PROD010,Running Shoes,Footwear,Central,4,5500,1100,20900,10000,10900,Cancelled,Failed
ORD11521,04-07-2025,CUST1142,PROD004,Smart Watch,Electronics,South,5,14000,0,70000,40000,30000,Completed,Paid
ORD11522,04-07-2025,CUST1310,PROD013,Air Fryer,Home & Kitchen,North,2,9500,2850,16150,11000,5150,Completed,Paid
ORD11523,04-07-2025,CUST1236,PROD008,Cotton T-Shirt Pack,Apparel,Central,1,1500,0,1500,600,900,Pending,Paid
ORD11524,04-07-2025,CUST1178,PROD012,Coffee Maker,Home & Kitchen,West,1,7500,750,6750,4000,2750,Completed,Paid
ORD11525,05-07-2025,CUST1128,PROD003,Wireless Headphones,Electronics,Central,2,6000,600,11400,7000,4400,Pending,Pending
ORD11526,05-07-2025,CUST1358,PROD010,Running Shoes,Footwear,South,1,5500,825,4675,2500,2175,Completed,Paid
ORD11527,05-07-2025,CUST1446,PROD003,Wireless Headphones,Electronics,West,3,6000,900,17100,10500,6600,Pending,Pending
ORD11528,05-07-2025,CUST1358,PROD012,Coffee Maker,Home & Kitchen,North,3,7500,0,22500,12000,10500,Cancelled,Refunded
ORD11529,05-07-2025,CUST1189,PROD002,Smartphone,Electronics,South,2,32000,6400,57600,44000,13600,Completed,Paid
ORD11530,05-07-2025,CUST1231,PROD003,Wireless Headphones,Electronics,West,1,6000,0,6000,3500,2500,Completed,Paid
ORD11531,05-07-2025,CUST1038,PROD011,Leather Formal Shoes,Footwear,East,1,6500,650,5850,3000,2850,Completed,Paid
ORD11532,05-07-2025,CUST1204,PROD001,Laptop,Electronics,South,1,50000,5000,45000,35000,10000,Completed,Paid
ORD11533,05-07-2025,CUST1168,PROD011,Leather Formal Shoes,Footwear,East,1,6500,0,6500,3000,3500,Cancelled,Refunded
ORD11534,05-07-2025,CUST1366,PROD008,Cotton T-Shirt Pack,Apparel,North,1,1500,0,1500,600,900,Completed,Paid
ORD11535,05-07-2025,CUST1088,PROD014,Backpack,Accessories,South,2,2200,0,4400,1800,2600,Completed,Paid
ORD11536,06-07-2025,CUST1380,PROD007,Bookshelf,Furniture,North,1,8500,850,7650,5000,2650,Pending,Paid
ORD11537,06-07-2025,CUST1079,PROD008,Cotton T-Shirt Pack,Apparel,West,1,1500,150,1350,600,750,Pending,Pending
ORD11538,06-07-2025,CUST1227,PROD012,Coffee Maker,Home & Kitchen,South,3,7500,2250,20250,12000,8250,Pending,Pending
ORD11539,06-07-2025,CUST1200,PROD012,Coffee Maker,Home & Kitchen,West,1,7500,375,7125,4000,3125,Completed,Paid
ORD11540,06-07-2025,CUST1396,PROD007,Bookshelf,Furniture,North,4,8500,0,34000,20000,14000,Completed,Paid
ORD11541,06-07-2025,CUST1103,PROD002,Smartphone,Electronics,South,1,32000,4800,27200,22000,5200,Completed,Paid
ORD11542,06-07-2025,CUST1421,PROD004,Smart Watch,Electronics,South,1,14000,1400,12600,8000,4600,Pending,Pending
ORD11543,06-07-2025,CUST1371,PROD003,Wireless Headphones,Electronics,South,1,6000,0,6000,3500,2500,Completed,Paid
ORD11544,06-07-2025,CUST1166,PROD009,Denim Jeans,Apparel,North,2,2800,840,4760,2400,2360,Completed,Paid
ORD11545,06-07-2025,CUST1220,PROD002,Smartphone,Electronics,North,1,32000,0,32000,22000,10000,Completed,Paid
ORD11546,06-07-2025,CUST1008,PROD007,Bookshelf,Furniture,West,1,8500,0,8500,5000,3500,Completed,Paid
ORD11547,06-07-2025,CUST1034,PROD011,Leather Formal Shoes,Footwear,West,2,6500,0,13000,6000,7000,Completed,Paid
ORD11548,07-07-2025,CUST1211,PROD005,Office Chair,Furniture,Central,1,15000,2250,12750,9000,3750,Pending,Pending
ORD11549,07-07-2025,CUST1129,PROD002,Smartphone,Electronics,Central,1,32000,1600,30400,22000,8400,Completed,Paid
ORD11550,07-07-2025,CUST1348,PROD013,Air Fryer,Home & Kitchen,North,1,9500,475,9025,5500,3525,Pending,Paid
ORD11551,07-07-2025,CUST1436,PROD011,Leather Formal Shoes,Footwear,East,1,6500,0,6500,3000,3500,Cancelled,Failed
ORD11552,07-07-2025,CUST1196,PROD009,Denim Jeans,Apparel,North,2,2800,560,5040,2400,2640,Completed,Paid
ORD11553,08-07-2025,CUST1011,PROD010,Running Shoes,Footwear,South,1,5500,550,4950,2500,2450,Completed,Paid
ORD11554,08-07-2025,CUST1318,PROD002,Smartphone,Electronics,South,1,32000,1600,30400,22000,8400,Completed,Paid
ORD11555,08-07-2025,CUST1078,PROD007,Bookshelf,Furniture,North,2,8500,0,17000,10000,7000,Pending,Paid
ORD11556,08-07-2025,CUST1379,PROD006,Standing Desk,Furniture,North,1,22000,1100,20900,14000,6900,Completed,Paid
ORD11557,08-07-2025,CUST1267,PROD013,Air Fryer,Home & Kitchen,East,2,9500,0,19000,11000,8000,Completed,Paid
ORD11558,09-07-2025,CUST1434,PROD012,Coffee Maker,Home & Kitchen,West,1,7500,0,7500,4000,3500,Completed,Paid
ORD11559,09-07-2025,CUST1341,PROD004,Smart Watch,Electronics,North,2,14000,0,28000,16000,12000,Completed,Paid
ORD11560,09-07-2025,CUST1094,PROD008,Cotton T-Shirt Pack,Apparel,South,1,1500,75,1425,600,825,Completed,Paid
ORD11561,09-07-2025,CUST1027,PROD011,Leather Formal Shoes,Footwear,North,4,6500,0,26000,12000,14000,Completed,Paid
ORD11562,09-07-2025,CUST1304,PROD009,Denim Jeans,Apparel,North,1,2800,0,2800,1200,1600,Pending,Paid
ORD11563,10-07-2025,CUST1085,PROD012,Coffee Maker,Home & Kitchen,North,1,7500,0,7500,4000,3500,Completed,Paid
ORD11564,10-07-2025,CUST1156,PROD005,Office Chair,Furniture,Central,1,15000,750,14250,9000,5250,Completed,Paid
ORD11565,10-07-2025,CUST1442,PROD013,Air Fryer,Home & Kitchen,East,1,9500,1425,8075,5500,2575,Completed,Paid
ORD11566,10-07-2025,CUST1194,PROD003,Wireless Headphones,Electronics,East,1,6000,300,5700,3500,2200,Pending,Paid
ORD11567,10-07-2025,CUST1390,PROD003,Wireless Headphones,Electronics,East,1,6000,0,6000,3500,2500,Completed,Paid
ORD11568,10-07-2025,CUST1389,PROD005,Office Chair,Furniture,Central,2,15000,1500,28500,18000,10500,Completed,Paid
ORD11569,11-07-2025,CUST1195,PROD008,Cotton T-Shirt Pack,Apparel,West,1,1500,0,1500,600,900,Cancelled,Failed
ORD11570,11-07-2025,CUST1037,PROD006,Standing Desk,Furniture,North,2,22000,0,44000,28000,16000,Completed,Paid
ORD11571,11-07-2025,CUST1003,PROD001,Laptop,Electronics,Central,2,50000,0,100000,70000,30000,Completed,Paid
ORD11572,11-07-2025,CUST1213,PROD007,Bookshelf,Furniture,West,1,8500,0,8500,5000,3500,Cancelled,Refunded
ORD11573,11-07-2025,CUST1210,PROD001,Laptop,Electronics,South,1,50000,2500,47500,35000,12500,Completed,Paid
ORD11574,11-07-2025,CUST1391,PROD007,Bookshelf,Furniture,West,2,8500,1700,15300,10000,5300,Completed,Paid
ORD11575,11-07-2025,CUST1261,PROD012,Coffee Maker,Home & Kitchen,East,2,7500,0,15000,8000,7000,Completed,Paid
ORD11576,11-07-2025,CUST1334,PROD007,Bookshelf,Furniture,East,2,8500,0,17000,10000,7000,Completed,Paid
ORD11577,11-07-2025,CUST1417,PROD006,Standing Desk,Furniture,South,2,22000,2200,41800,28000,13800,Completed,Paid
ORD11578,11-07-2025,CUST1310,PROD008,Cotton T-Shirt Pack,Apparel,North,1,1500,75,1425,600,825,Pending,Pending
ORD11579,12-07-2025,CUST1060,PROD013,Air Fryer,Home & Kitchen,South,2,9500,2850,16150,11000,5150,Completed,Paid
ORD11580,12-07-2025,CUST1362,PROD010,Running Shoes,Footwear,South,2,5500,0,11000,5000,6000,Completed,Paid
ORD11581,12-07-2025,CUST1085,PROD014,Backpack,Accessories,East,1,2200,0,2200,900,1300,Cancelled,Failed
ORD11582,12-07-2025,CUST1301,PROD005,Office Chair,Furniture,East,2,15000,4500,25500,18000,7500,Completed,Paid
ORD11583,12-07-2025,CUST1056,PROD011,Leather Formal Shoes,Footwear,Central,2,6500,0,13000,6000,7000,Completed,Paid
ORD11584,12-07-2025,CUST1138,PROD012,Coffee Maker,Home & Kitchen,North,4,7500,0,30000,16000,14000,Completed,Paid
ORD11585,12-07-2025,CUST1004,PROD003,Wireless Headphones,Electronics,East,1,6000,0,6000,3500,2500,Pending,Paid
ORD11586,12-07-2025,CUST1269,PROD007,Bookshelf,Furniture,West,2,8500,0,17000,10000,7000,Completed,Paid
ORD11587,13-07-2025,CUST1361,PROD003,Wireless Headphones,Electronics,North,1,6000,300,5700,3500,2200,Completed,Paid
ORD11588,13-07-2025,CUST1231,PROD010,Running Shoes,Footwear,North,1,5500,0,5500,2500,3000,Completed,Paid
ORD11589,13-07-2025,CUST1415,PROD013,Air Fryer,Home & Kitchen,North,1,9500,1425,8075,5500,2575,Completed,Paid
ORD11590,13-07-2025,CUST1226,PROD011,Leather Formal Shoes,Footwear,Central,1,6500,325,6175,3000,3175,Completed,Paid
ORD11591,13-07-2025,CUST1151,PROD002,Smartphone,Electronics,East,1,32000,0,32000,22000,10000,Completed,Paid
ORD11592,13-07-2025,CUST1300,PROD004,Smart Watch,Electronics,East,1,14000,1400,12600,8000,4600,Completed,Paid
ORD11593,13-07-2025,CUST1032,PROD005,Office Chair,Furniture,South,2,15000,3000,27000,18000,9000,Completed,Paid
ORD11594,13-07-2025,CUST1050,PROD004,Smart Watch,Electronics,Central,2,14000,0,28000,16000,12000,Cancelled,Failed
ORD11595,13-07-2025,CUST1249,PROD008,Cotton T-Shirt Pack,Apparel,West,2,1500,0,3000,1200,1800,Pending,Paid
ORD11596,14-07-2025,CUST1419,PROD004,Smart Watch,Electronics,West,2,14000,0,28000,16000,12000,Completed,Paid
ORD11597,14-07-2025,CUST1183,PROD014,Backpack,Accessories,West,3,2200,0,6600,2700,3900,Pending,Paid
ORD11598,14-07-2025,CUST1372,PROD014,Backpack,Accessories,North,1,2200,0,2200,900,1300,Cancelled,Failed
ORD11599,14-07-2025,CUST1359,PROD013,Air Fryer,Home & Kitchen,North,1,9500,475,9025,5500,3525,Pending,Paid
ORD11600,14-07-2025,CUST1264,PROD007,Bookshelf,Furniture,North,1,8500,425,8075,5000,3075,Completed,Paid
ORD11601,14-07-2025,CUST1009,PROD011,Leather Formal Shoes,Footwear,West,3,6500,2925,16575,9000,7575,Pending,Paid
ORD11602,15-07-2025,CUST1228,PROD004,Smart Watch,Electronics,Central,1,14000,1400,12600,8000,4600,Completed,Paid
ORD11603,15-07-2025,CUST1179,PROD007,Bookshelf,Furniture,East,5,8500,4250,38250,25000,13250,Completed,Paid
ORD11604,15-07-2025,CUST1376,PROD007,Bookshelf,Furniture,West,2,8500,1700,15300,10000,5300,Cancelled,Refunded
ORD11605,15-07-2025,CUST1066,PROD008,Cotton T-Shirt Pack,Apparel,South,1,1500,75,1425,600,825,Cancelled,Failed
ORD11606,15-07-2025,CUST1087,PROD008,Cotton T-Shirt Pack,Apparel,South,1,1500,75,1425,600,825,Completed,Paid
ORD11607,15-07-2025,CUST1109,PROD003,Wireless Headphones,Electronics,South,1,6000,900,5100,3500,1600,Completed,Paid
ORD11608,15-07-2025,CUST1083,PROD006,Standing Desk,Furniture,East,2,22000,0,44000,28000,16000,Completed,Paid
ORD11609,15-07-2025,CUST1341,PROD008,Cotton T-Shirt Pack,Apparel,South,2,1500,450,2550,1200,1350,Pending,Paid
ORD11610,15-07-2025,CUST1047,PROD013,Air Fryer,Home & Kitchen,West,3,9500,4275,24225,16500,7725,Cancelled,Refunded
ORD11611,16-07-2025,CUST1176,PROD007,Bookshelf,Furniture,East,2,8500,1700,15300,10000,5300,Completed,Paid
ORD11612,16-07-2025,CUST1414,PROD004,Smart Watch,Electronics,North,1,14000,0,14000,8000,6000,Completed,Paid
ORD11613,16-07-2025,CUST1046,PROD006,Standing Desk,Furniture,Central,4,22000,8800,79200,56000,23200,Completed,Paid
ORD11614,16-07-2025,CUST1294,PROD006,Standing Desk,Furniture,North,3,22000,9900,56100,42000,14100,Cancelled,Refunded
ORD11615,16-07-2025,CUST1160,PROD001,Laptop,Electronics,Central,2,50000,10000,90000,70000,20000,Completed,Paid
ORD11616,16-07-2025,CUST1164,PROD013,Air Fryer,Home & Kitchen,West,2,9500,2850,16150,11000,5150,Completed,Paid
ORD11617,16-07-2025,CUST1267,PROD011,Leather Formal Shoes,Footwear,Central,2,6500,0,13000,6000,7000,Completed,Paid
ORD11618,16-07-2025,CUST1276,PROD014,Backpack,Accessories,East,1,2200,220,1980,900,1080,Completed,Paid
ORD11619,16-07-2025,CUST1429,PROD004,Smart Watch,Electronics,East,2,14000,0,28000,16000,12000,Completed,Paid
ORD11620,17-07-2025,CUST1383,PROD011,Leather Formal Shoes,Footwear,South,2,6500,0,13000,6000,7000,Pending,Pending
ORD11621,17-07-2025,CUST1141,PROD014,Backpack,Accessories,Central,1,2200,220,1980,900,1080,Completed,Paid
ORD11622,17-07-2025,CUST1150,PROD012,Coffee Maker,Home & Kitchen,East,1,7500,750,6750,4000,2750,Completed,Paid
ORD11623,17-07-2025,CUST1424,PROD012,Coffee Maker,Home & Kitchen,North,3,7500,3375,19125,12000,7125,Completed,Paid
ORD11624,17-07-2025,CUST1359,PROD012,Coffee Maker,Home & Kitchen,South,4,7500,3000,27000,16000,11000,Completed,Paid
ORD11625,18-07-2025,CUST1201,PROD005,Office Chair,Furniture,North,5,15000,3750,71250,45000,26250,Completed,Paid
ORD11626,18-07-2025,CUST1217,PROD011,Leather Formal Shoes,Footwear,East,5,6500,3250,29250,15000,14250,Completed,Paid
ORD11627,18-07-2025,CUST1037,PROD009,Denim Jeans,Apparel,West,1,2800,420,2380,1200,1180,Pending,Paid
ORD11628,18-07-2025,CUST1050,PROD003,Wireless Headphones,Electronics,West,2,6000,600,11400,7000,4400,Completed,Paid
ORD11629,18-07-2025,CUST1436,PROD012,Coffee Maker,Home & Kitchen,West,1,7500,0,7500,4000,3500,Completed,Paid
ORD11630,18-07-2025,CUST1227,PROD012,Coffee Maker,Home & Kitchen,East,1,7500,0,7500,4000,3500,Completed,Paid
ORD11631,18-07-2025,CUST1412,PROD012,Coffee Maker,Home & Kitchen,North,2,7500,0,15000,8000,7000,Pending,Pending
ORD11632,18-07-2025,CUST1348,PROD013,Air Fryer,Home & Kitchen,North,1,9500,1425,8075,5500,2575,Pending,Pending
ORD11633,18-07-2025,CUST1029,PROD002,Smartphone,Electronics,West,5,32000,0,160000,110000,50000,Completed,Paid
ORD11634,18-07-2025,CUST1061,PROD009,Denim Jeans,Apparel,West,2,2800,840,4760,2400,2360,Pending,Paid
ORD11635,18-07-2025,CUST1126,PROD001,Laptop,Electronics,South,1,50000,2500,47500,35000,12500,Pending,Pending
ORD11636,18-07-2025,CUST1335,PROD012,Coffee Maker,Home & Kitchen,East,2,7500,2250,12750,8000,4750,Pending,Pending
ORD11637,18-07-2025,CUST1399,PROD008,Cotton T-Shirt Pack,Apparel,East,1,1500,75,1425,600,825,Completed,Paid
ORD11638,19-07-2025,CUST1062,PROD002,Smartphone,Electronics,South,1,32000,1600,30400,22000,8400,Cancelled,Refunded
ORD11639,19-07-2025,CUST1012,PROD010,Running Shoes,Footwear,Central,5,5500,1375,26125,12500,13625,Pending,Pending
ORD11640,19-07-2025,CUST1407,PROD010,Running Shoes,Footwear,North,1,5500,825,4675,2500,2175,Pending,Paid
ORD11641,19-07-2025,CUST1153,PROD010,Running Shoes,Footwear,North,1,5500,0,5500,2500,3000,Cancelled,Refunded
ORD11642,19-07-2025,CUST1208,PROD014,Backpack,Accessories,South,1,2200,220,1980,900,1080,Cancelled,Failed
ORD11643,19-07-2025,CUST1033,PROD009,Denim Jeans,Apparel,Central,2,2800,560,5040,2400,2640,Pending,Pending
ORD11644,19-07-2025,CUST1386,PROD013,Air Fryer,Home & Kitchen,North,4,9500,3800,34200,22000,12200,Completed,Paid
ORD11645,19-07-2025,CUST1442,PROD010,Running Shoes,Footwear,North,1,5500,0,5500,2500,3000,Completed,Paid
ORD11646,20-07-2025,CUST1021,PROD003,Wireless Headphones,Electronics,Central,1,6000,0,6000,3500,2500,Cancelled,Failed
ORD11647,20-07-2025,CUST1436,PROD013,Air Fryer,Home & Kitchen,South,1,9500,0,9500,5500,4000,Completed,Paid
ORD11648,20-07-2025,CUST1187,PROD009,Denim Jeans,Apparel,North,1,2800,420,2380,1200,1180,Completed,Paid
ORD11649,20-07-2025,CUST1128,PROD005,Office Chair,Furniture,South,4,15000,3000,57000,36000,21000,Completed,Paid
ORD11650,20-07-2025,CUST1338,PROD009,Denim Jeans,Apparel,East,1,2800,140,2660,1200,1460,Completed,Paid
ORD11651,20-07-2025,CUST1268,PROD006,Standing Desk,Furniture,Central,2,22000,0,44000,28000,16000,Completed,Paid
ORD11652,20-07-2025,CUST1340,PROD014,Backpack,Accessories,South,1,2200,0,2200,900,1300,Completed,Paid
ORD11653,20-07-2025,CUST1439,PROD014,Backpack,Accessories,North,4,2200,440,8360,3600,4760,Completed,Paid
ORD11654,21-07-2025,CUST1184,PROD005,Office Chair,Furniture,North,2,15000,0,30000,18000,12000,Cancelled,Failed
ORD11655,21-07-2025,CUST1134,PROD007,Bookshelf,Furniture,North,1,8500,0,8500,5000,3500,Completed,Paid
ORD11656,21-07-2025,CUST1347,PROD007,Bookshelf,Furniture,North,2,8500,0,17000,10000,7000,Pending,Paid
ORD11657,21-07-2025,CUST1325,PROD012,Coffee Maker,Home & Kitchen,North,2,7500,750,14250,8000,6250,Pending,Pending
ORD11658,21-07-2025,CUST1215,PROD014,Backpack,Accessories,North,1,2200,220,1980,900,1080,Completed,Paid
ORD11659,21-07-2025,CUST1014,PROD010,Running Shoes,Footwear,North,1,5500,0,5500,2500,3000,Completed,Paid
ORD11660,21-07-2025,CUST1351,PROD009,Denim Jeans,Apparel,East,1,2800,140,2660,1200,1460,Completed,Paid
ORD11661,21-07-2025,CUST1171,PROD013,Air Fryer,Home & Kitchen,West,1,9500,950,8550,5500,3050,Completed,Paid
ORD11662,22-07-2025,CUST1051,PROD007,Bookshelf,Furniture,North,1,8500,0,8500,5000,3500,Completed,Paid
ORD11663,22-07-2025,CUST1090,PROD009,Denim Jeans,Apparel,West,2,2800,560,5040,2400,2640,Completed,Paid
ORD11664,22-07-2025,CUST1271,PROD006,Standing Desk,Furniture,Central,3,22000,3300,62700,42000,20700,Cancelled,Refunded
ORD11665,22-07-2025,CUST1025,PROD003,Wireless Headphones,Electronics,West,4,6000,0,24000,14000,10000,Completed,Paid
ORD11666,23-07-2025,CUST1348,PROD013,Air Fryer,Home & Kitchen,Central,2,9500,1900,17100,11000,6100,Completed,Paid
ORD11667,23-07-2025,CUST1245,PROD010,Running Shoes,Footwear,North,1,5500,275,5225,2500,2725,Pending,Pending
ORD11668,23-07-2025,CUST1337,PROD003,Wireless Headphones,Electronics,North,1,6000,600,5400,3500,1900,Completed,Paid
ORD11669,23-07-2025,CUST1372,PROD011,Leather Formal Shoes,Footwear,West,2,6500,0,13000,6000,7000,Cancelled,Failed
ORD11670,23-07-2025,CUST1362,PROD008,Cotton T-Shirt Pack,Apparel,North,1,1500,0,1500,600,900,Completed,Paid
ORD11671,23-07-2025,CUST1258,PROD005,Office Chair,Furniture,West,4,15000,3000,57000,36000,21000,Pending,Pending
ORD11672,23-07-2025,CUST1157,PROD011,Leather Formal Shoes,Footwear,South,4,6500,0,26000,12000,14000,Completed,Paid
ORD11673,23-07-2025,CUST1433,PROD002,Smartphone,Electronics,South,1,32000,0,32000,22000,10000,Completed,Paid
ORD11674,23-07-2025,CUST1085,PROD010,Running Shoes,Footwear,South,1,5500,0,5500,2500,3000,Completed,Paid
ORD11675,24-07-2025,CUST1218,PROD011,Leather Formal Shoes,Footwear,Central,4,6500,0,26000,12000,14000,Completed,Paid
ORD11676,24-07-2025,CUST1264,PROD011,Leather Formal Shoes,Footwear,Central,2,6500,0,13000,6000,7000,Cancelled,Refunded
ORD11677,24-07-2025,CUST1426,PROD012,Coffee Maker,Home & Kitchen,South,2,7500,1500,13500,8000,5500,Pending,Paid
ORD11678,24-07-2025,CUST1126,PROD012,Coffee Maker,Home & Kitchen,Central,2,7500,0,15000,8000,7000,Completed,Paid
ORD11679,25-07-2025,CUST1346,PROD013,Air Fryer,Home & Kitchen,Central,3,9500,0,28500,16500,12000,Completed,Paid
ORD11680,25-07-2025,CUST1430,PROD003,Wireless Headphones,Electronics,Central,1,6000,0,6000,3500,2500,Completed,Paid
ORD11681,25-07-2025,CUST1195,PROD003,Wireless Headphones,Electronics,West,4,6000,0,24000,14000,10000,Pending,Pending
ORD11682,25-07-2025,CUST1426,PROD009,Denim Jeans,Apparel,South,1,2800,140,2660,1200,1460,Completed,Paid
ORD11683,25-07-2025,CUST1110,PROD001,Laptop,Electronics,Central,1,50000,7500,42500,35000,7500,Pending,Pending
ORD11684,25-07-2025,CUST1238,PROD010,Running Shoes,Footwear,East,1,5500,0,5500,2500,3000,Completed,Paid
ORD11685,25-07-2025,CUST1169,PROD005,Office Chair,Furniture,West,1,15000,0,15000,9000,6000,Pending,Pending
ORD11686,25-07-2025,CUST1206,PROD006,Standing Desk,Furniture,South,1,22000,1100,20900,14000,6900,Completed,Paid
ORD11687,25-07-2025,CUST1271,PROD009,Denim Jeans,Apparel,North,1,2800,420,2380,1200,1180,Completed,Paid
ORD11688,26-07-2025,CUST1394,PROD011,Leather Formal Shoes,Footwear,West,1,6500,0,6500,3000,3500,Completed,Paid
ORD11689,26-07-2025,CUST1187,PROD007,Bookshelf,Furniture,North,2,8500,0,17000,10000,7000,Completed,Paid
ORD11690,26-07-2025,CUST1337,PROD014,Backpack,Accessories,East,1,2200,0,2200,900,1300,Completed,Paid
ORD11691,26-07-2025,CUST1003,PROD006,Standing Desk,Furniture,North,1,22000,0,22000,14000,8000,Completed,Paid
ORD11692,26-07-2025,CUST1203,PROD007,Bookshelf,Furniture,West,3,8500,0,25500,15000,10500,Completed,Paid
ORD11693,26-07-2025,CUST1246,PROD011,Leather Formal Shoes,Footwear,West,1,6500,325,6175,3000,3175,Completed,Paid
ORD11694,26-07-2025,CUST1410,PROD011,Leather Formal Shoes,Footwear,North,1,6500,650,5850,3000,2850,Completed,Paid
ORD11695,26-07-2025,CUST1257,PROD012,Coffee Maker,Home & Kitchen,East,1,7500,1125,6375,4000,2375,Completed,Paid
ORD11696,26-07-2025,CUST1065,PROD003,Wireless Headphones,Electronics,West,2,6000,1200,10800,7000,3800,Completed,Paid
ORD11697,27-07-2025,CUST1348,PROD014,Backpack,Accessories,West,1,2200,110,2090,900,1190,Completed,Paid
ORD11698,27-07-2025,CUST1223,PROD008,Cotton T-Shirt Pack,Apparel,West,1,1500,0,1500,600,900,Completed,Paid
ORD11699,27-07-2025,CUST1127,PROD010,Running Shoes,Footwear,North,2,5500,0,11000,5000,6000,Completed,Paid
ORD11700,27-07-2025,CUST1393,PROD002,Smartphone,Electronics,West,5,32000,0,160000,110000,50000,Completed,Paid
ORD11701,27-07-2025,CUST1102,PROD008,Cotton T-Shirt Pack,Apparel,South,2,1500,150,2850,1200,1650,Completed,Paid
ORD11702,27-07-2025,CUST1097,PROD014,Backpack,Accessories,Central,2,2200,0,4400,1800,2600,Completed,Paid
ORD11703,27-07-2025,CUST1068,PROD007,Bookshelf,Furniture,South,1,8500,0,8500,5000,3500,Completed,Paid
ORD11704,27-07-2025,CUST1219,PROD001,Laptop,Electronics,Central,1,50000,5000,45000,35000,10000,Completed,Paid
ORD11705,28-07-2025,CUST1269,PROD005,Office Chair,Furniture,North,1,15000,0,15000,9000,6000,Completed,Paid
ORD11706,28-07-2025,CUST1262,PROD007,Bookshelf,Furniture,South,1,8500,0,8500,5000,3500,Completed,Paid
ORD11707,28-07-2025,CUST1180,PROD012,Coffee Maker,Home & Kitchen,East,1,7500,750,6750,4000,2750,Completed,Paid
ORD11708,28-07-2025,CUST1021,PROD001,Laptop,Electronics,South,2,50000,0,100000,70000,30000,Completed,Paid
ORD11709,28-07-2025,CUST1242,PROD005,Office Chair,Furniture,Central,1,15000,0,15000,9000,6000,Completed,Paid
ORD11710,28-07-2025,CUST1187,PROD006,Standing Desk,Furniture,West,1,22000,1100,20900,14000,6900,Pending,Pending
ORD11711,28-07-2025,CUST1170,PROD006,Standing Desk,Furniture,West,2,22000,2200,41800,28000,13800,Cancelled,Failed
ORD11712,29-07-2025,CUST1333,PROD005,Office Chair,Furniture,North,2,15000,0,30000,18000,12000,Completed,Paid
ORD11713,29-07-2025,CUST1067,PROD011,Leather Formal Shoes,Footwear,Central,1,6500,325,6175,3000,3175,Pending,Pending
ORD11714,29-07-2025,CUST1099,PROD012,Coffee Maker,Home & Kitchen,East,4,7500,0,30000,16000,14000,Cancelled,Failed
ORD11715,29-07-2025,CUST1155,PROD012,Coffee Maker,Home & Kitchen,East,5,7500,0,37500,20000,17500,Pending,Pending
ORD11716,29-07-2025,CUST1023,PROD003,Wireless Headphones,Electronics,North,1,6000,600,5400,3500,1900,Cancelled,Failed
ORD11717,30-07-2025,CUST1230,PROD011,Leather Formal Shoes,Footwear,South,3,6500,0,19500,9000,10500,Completed,Paid
ORD11718,30-07-2025,CUST1269,PROD009,Denim Jeans,Apparel,South,1,2800,0,2800,1200,1600,Completed,Paid
ORD11719,30-07-2025,CUST1149,PROD001,Laptop,Electronics,Central,1,50000,7500,42500,35000,7500,Completed,Paid
ORD11720,30-07-2025,CUST1380,PROD014,Backpack,Accessories,East,1,2200,110,2090,900,1190,Cancelled,Refunded
ORD11721,30-07-2025,CUST1085,PROD008,Cotton T-Shirt Pack,Apparel,Central,1,1500,150,1350,600,750,Completed,Paid
ORD11722,30-07-2025,CUST1311,PROD005,Office Chair,Furniture,North,1,15000,0,15000,9000,6000,Completed,Paid
ORD11723,31-07-2025,CUST1357,PROD001,Laptop,Electronics,Central,1,50000,5000,45000,35000,10000,Cancelled,Failed
ORD11724,31-07-2025,CUST1156,PROD014,Backpack,Accessories,North,1,2200,0,2200,900,1300,Completed,Paid
ORD11725,31-07-2025,CUST1088,PROD004,Smart Watch,Electronics,South,2,14000,0,28000,16000,12000,Pending,Pending
ORD11726,31-07-2025,CUST1143,PROD003,Wireless Headphones,Electronics,West,3,6000,0,18000,10500,7500,Completed,Paid
ORD11727,31-07-2025,CUST1422,PROD004,Smart Watch,Electronics,Central,1,14000,700,13300,8000,5300,Pending,Paid
ORD11728,31-07-2025,CUST1167,PROD002,Smartphone,Electronics,Central,1,32000,0,32000,22000,10000,Cancelled,Failed
ORD11729,31-07-2025,CUST1167,PROD001,Laptop,Electronics,South,3,50000,0,150000,105000,45000,Completed,Paid
ORD11730,31-07-2025,CUST1091,PROD005,Office Chair,Furniture,South,2,15000,4500,25500,18000,7500,Cancelled,Refunded
ORD11731,01-08-2025,CUST1382,PROD012,Coffee Maker,Home & Kitchen,East,4,7500,0,30000,16000,14000,Pending,Pending
ORD11732,01-08-2025,CUST1419,PROD008,Cotton T-Shirt Pack,Apparel,North,1,1500,0,1500,600,900,Pending,Paid
ORD11733,01-08-2025,CUST1080,PROD008,Cotton T-Shirt Pack,Apparel,North,2,1500,0,3000,1200,1800,Completed,Paid
ORD11734,01-08-2025,CUST1246,PROD002,Smartphone,Electronics,East,1,32000,0,32000,22000,10000,Completed,Paid
ORD11735,01-08-2025,CUST1097,PROD010,Running Shoes,Footwear,East,4,5500,0,22000,10000,12000,Completed,Paid
ORD11736,01-08-2025,CUST1011,PROD005,Office Chair,Furniture,North,3,15000,4500,40500,27000,13500,Pending,Pending
ORD11737,01-08-2025,CUST1036,PROD003,Wireless Headphones,Electronics,South,1,6000,300,5700,3500,2200,Pending,Paid
ORD11738,01-08-2025,CUST1052,PROD012,Coffee Maker,Home & Kitchen,Central,1,7500,750,6750,4000,2750,Completed,Paid
ORD11739,01-08-2025,CUST1309,PROD002,Smartphone,Electronics,East,1,32000,0,32000,22000,10000,Completed,Paid
ORD11740,01-08-2025,CUST1391,PROD014,Backpack,Accessories,South,1,2200,220,1980,900,1080,Completed,Paid
ORD11741,01-08-2025,CUST1074,PROD011,Leather Formal Shoes,Footwear,Central,1,6500,975,5525,3000,2525,Completed,Paid
ORD11742,01-08-2025,CUST1278,PROD012,Coffee Maker,Home & Kitchen,West,3,7500,0,22500,12000,10500,Completed,Paid
ORD11743,01-08-2025,CUST1246,PROD013,Air Fryer,Home & Kitchen,Central,3,9500,2850,25650,16500,9150,Completed,Paid
ORD11744,02-08-2025,CUST1246,PROD003,Wireless Headphones,Electronics,North,1,6000,300,5700,3500,2200,Pending,Pending
ORD11745,02-08-2025,CUST1011,PROD014,Backpack,Accessories,South,1,2200,0,2200,900,1300,Cancelled,Failed
ORD11746,02-08-2025,CUST1073,PROD001,Laptop,Electronics,North,1,50000,0,50000,35000,15000,Completed,Paid
ORD11747,02-08-2025,CUST1181,PROD011,Leather Formal Shoes,Footwear,West,1,6500,650,5850,3000,2850,Completed,Paid
ORD11748,02-08-2025,CUST1352,PROD012,Coffee Maker,Home & Kitchen,South,1,7500,1125,6375,4000,2375,Completed,Paid
ORD11749,02-08-2025,CUST1053,PROD005,Office Chair,Furniture,West,1,15000,0,15000,9000,6000,Completed,Paid
ORD11750,02-08-2025,CUST1044,PROD001,Laptop,Electronics,Central,1,50000,0,50000,35000,15000,Completed,Paid
ORD11751,02-08-2025,CUST1308,PROD003,Wireless Headphones,Electronics,East,1,6000,300,5700,3500,2200,Completed,Paid
ORD11752,02-08-2025,CUST1320,PROD014,Backpack,Accessories,West,1,2200,0,2200,900,1300,Completed,Paid
ORD11753,02-08-2025,CUST1339,PROD006,Standing Desk,Furniture,West,3,22000,6600,59400,42000,17400,Completed,Paid
ORD11754,03-08-2025,CUST1442,PROD003,Wireless Headphones,Electronics,North,1,6000,0,6000,3500,2500,Pending,Paid
ORD11755,03-08-2025,CUST1418,PROD002,Smartphone,Electronics,South,2,32000,9600,54400,44000,10400,Completed,Paid
ORD11756,03-08-2025,CUST1075,PROD002,Smartphone,Electronics,West,5,32000,0,160000,110000,50000,Completed,Paid
ORD11757,03-08-2025,CUST1181,PROD006,Standing Desk,Furniture,East,1,22000,1100,20900,14000,6900,Completed,Paid
ORD11758,03-08-2025,CUST1309,PROD013,Air Fryer,Home & Kitchen,West,1,9500,1425,8075,5500,2575,Completed,Paid
ORD11759,03-08-2025,CUST1197,PROD007,Bookshelf,Furniture,Central,1,8500,425,8075,5000,3075,Cancelled,Refunded
ORD11760,03-08-2025,CUST1197,PROD002,Smartphone,Electronics,Central,2,32000,3200,60800,44000,16800,Pending,Pending
ORD11761,03-08-2025,CUST1360,PROD002,Smartphone,Electronics,North,1,32000,0,32000,22000,10000,Completed,Paid
ORD11762,04-08-2025,CUST1286,PROD008,Cotton T-Shirt Pack,Apparel,North,4,1500,0,6000,2400,3600,Completed,Paid
ORD11763,04-08-2025,CUST1185,PROD014,Backpack,Accessories,North,1,2200,0,2200,900,1300,Cancelled,Failed
ORD11764,04-08-2025,CUST1125,PROD004,Smart Watch,Electronics,North,1,14000,0,14000,8000,6000,Pending,Pending
ORD11765,04-08-2025,CUST1194,PROD012,Coffee Maker,Home & Kitchen,South,2,7500,0,15000,8000,7000,Completed,Paid
ORD11766,04-08-2025,CUST1360,PROD002,Smartphone,Electronics,Central,1,32000,3200,28800,22000,6800,Completed,Paid
ORD11767,04-08-2025,CUST1016,PROD003,Wireless Headphones,Electronics,West,1,6000,0,6000,3500,2500,Completed,Paid
ORD11768,05-08-2025,CUST1426,PROD014,Backpack,Accessories,East,1,2200,0,2200,900,1300,Pending,Pending
ORD11769,05-08-2025,CUST1384,PROD009,Denim Jeans,Apparel,West,1,2800,280,2520,1200,1320,Completed,Paid
ORD11770,05-08-2025,CUST1401,PROD011,Leather Formal Shoes,Footwear,South,1,6500,0,6500,3000,3500,Pending,Pending
ORD11771,05-08-2025,CUST1310,PROD013,Air Fryer,Home & Kitchen,North,2,9500,0,19000,11000,8000,Completed,Paid
ORD11772,05-08-2025,CUST1349,PROD008,Cotton T-Shirt Pack,Apparel,Central,2,1500,0,3000,1200,1800,Cancelled,Failed
ORD11773,05-08-2025,CUST1364,PROD004,Smart Watch,Electronics,East,4,14000,0,56000,32000,24000,Completed,Paid
ORD11774,05-08-2025,CUST1268,PROD007,Bookshelf,Furniture,North,2,8500,0,17000,10000,7000,Completed,Paid
ORD11775,05-08-2025,CUST1113,PROD007,Bookshelf,Furniture,North,3,8500,3825,21675,15000,6675,Cancelled,Refunded
ORD11776,06-08-2025,CUST1240,PROD008,Cotton T-Shirt Pack,Apparel,West,2,1500,0,3000,1200,1800,Completed,Paid
ORD11777,06-08-2025,CUST1085,PROD001,Laptop,Electronics,West,2,50000,0,100000,70000,30000,Completed,Paid
ORD11778,06-08-2025,CUST1054,PROD002,Smartphone,Electronics,West,2,32000,6400,57600,44000,13600,Completed,Paid
ORD11779,06-08-2025,CUST1123,PROD005,Office Chair,Furniture,North,2,15000,0,30000,18000,12000,Cancelled,Refunded
ORD11780,06-08-2025,CUST1388,PROD005,Office Chair,Furniture,North,2,15000,1500,28500,18000,10500,Completed,Paid
ORD11781,06-08-2025,CUST1124,PROD005,Office Chair,Furniture,South,5,15000,3750,71250,45000,26250,Cancelled,Failed
ORD11782,06-08-2025,CUST1024,PROD001,Laptop,Electronics,West,1,50000,0,50000,35000,15000,Completed,Paid
ORD11783,06-08-2025,CUST1385,PROD005,Office Chair,Furniture,East,2,15000,0,30000,18000,12000,Completed,Paid
ORD11784,06-08-2025,CUST1372,PROD006,Standing Desk,Furniture,North,2,22000,0,44000,28000,16000,Completed,Paid
ORD11785,07-08-2025,CUST1258,PROD002,Smartphone,Electronics,Central,3,32000,0,96000,66000,30000,Cancelled,Failed
ORD11786,07-08-2025,CUST1245,PROD010,Running Shoes,Footwear,South,1,5500,0,5500,2500,3000,Completed,Paid
ORD11787,07-08-2025,CUST1041,PROD011,Leather Formal Shoes,Footwear,South,4,6500,0,26000,12000,14000,Completed,Paid
ORD11788,07-08-2025,CUST1414,PROD011,Leather Formal Shoes,Footwear,North,2,6500,0,13000,6000,7000,Cancelled,Failed
ORD11789,07-08-2025,CUST1230,PROD013,Air Fryer,Home & Kitchen,North,1,9500,0,9500,5500,4000,Completed,Paid
ORD11790,07-08-2025,CUST1021,PROD012,Coffee Maker,Home & Kitchen,East,1,7500,1125,6375,4000,2375,Cancelled,Refunded
ORD11791,07-08-2025,CUST1079,PROD010,Running Shoes,Footwear,East,1,5500,0,5500,2500,3000,Completed,Paid
ORD11792,07-08-2025,CUST1281,PROD014,Backpack,Accessories,South,1,2200,110,2090,900,1190,Completed,Paid
ORD11793,07-08-2025,CUST1152,PROD003,Wireless Headphones,Electronics,South,1,6000,0,6000,3500,2500,Completed,Paid
ORD11794,08-08-2025,CUST1092,PROD012,Coffee Maker,Home & Kitchen,East,1,7500,375,7125,4000,3125,Completed,Paid
ORD11795,08-08-2025,CUST1391,PROD008,Cotton T-Shirt Pack,Apparel,North,4,1500,900,5100,2400,2700,Completed,Paid
ORD11796,08-08-2025,CUST1021,PROD006,Standing Desk,Furniture,West,1,22000,2200,19800,14000,5800,Pending,Pending
ORD11797,08-08-2025,CUST1226,PROD006,Standing Desk,Furniture,Central,3,22000,9900,56100,42000,14100,Completed,Paid
ORD11798,08-08-2025,CUST1043,PROD011,Leather Formal Shoes,Footwear,East,2,6500,0,13000,6000,7000,Pending,Pending
ORD11799,08-08-2025,CUST1318,PROD011,Leather Formal Shoes,Footwear,South,2,6500,0,13000,6000,7000,Cancelled,Refunded
ORD11800,08-08-2025,CUST1080,PROD014,Backpack,Accessories,South,1,2200,0,2200,900,1300,Completed,Paid
ORD11801,08-08-2025,CUST1438,PROD002,Smartphone,Electronics,North,1,32000,1600,30400,22000,8400,Completed,Paid
ORD11802,09-08-2025,CUST1239,PROD008,Cotton T-Shirt Pack,Apparel,Central,3,1500,225,4275,1800,2475,Completed,Paid
ORD11803,09-08-2025,CUST1093,PROD012,Coffee Maker,Home & Kitchen,South,3,7500,3375,19125,12000,7125,Completed,Paid
ORD11804,09-08-2025,CUST1103,PROD007,Bookshelf,Furniture,West,1,8500,0,8500,5000,3500,Cancelled,Failed
ORD11805,09-08-2025,CUST1109,PROD012,Coffee Maker,Home & Kitchen,East,1,7500,375,7125,4000,3125,Cancelled,Refunded
ORD11806,09-08-2025,CUST1241,PROD003,Wireless Headphones,Electronics,North,1,6000,0,6000,3500,2500,Cancelled,Failed
ORD11807,09-08-2025,CUST1032,PROD013,Air Fryer,Home & Kitchen,West,2,9500,2850,16150,11000,5150,Completed,Paid
ORD11808,09-08-2025,CUST1028,PROD004,Smart Watch,Electronics,South,4,14000,2800,53200,32000,21200,Completed,Paid
ORD11809,09-08-2025,CUST1130,PROD011,Leather Formal Shoes,Footwear,North,1,6500,0,6500,3000,3500,Completed,Paid
ORD11810,09-08-2025,CUST1042,PROD005,Office Chair,Furniture,East,3,15000,2250,42750,27000,15750,Pending,Paid
ORD11811,09-08-2025,CUST1095,PROD014,Backpack,Accessories,South,1,2200,330,1870,900,970,Completed,Paid
ORD11812,10-08-2025,CUST1085,PROD004,Smart Watch,Electronics,West,4,14000,2800,53200,32000,21200,Cancelled,Refunded
ORD11813,10-08-2025,CUST1357,PROD007,Bookshelf,Furniture,West,3,8500,1275,24225,15000,9225,Completed,Paid
ORD11814,10-08-2025,CUST1288,PROD013,Air Fryer,Home & Kitchen,Central,1,9500,950,8550,5500,3050,Cancelled,Refunded
ORD11815,10-08-2025,CUST1166,PROD011,Leather Formal Shoes,Footwear,West,1,6500,650,5850,3000,2850,Completed,Paid
ORD11816,10-08-2025,CUST1256,PROD014,Backpack,Accessories,West,1,2200,330,1870,900,970,Completed,Paid
ORD11817,10-08-2025,CUST1135,PROD009,Denim Jeans,Apparel,South,5,2800,2100,11900,6000,5900,Completed,Paid
ORD11818,10-08-2025,CUST1325,PROD008,Cotton T-Shirt Pack,Apparel,Central,1,1500,0,1500,600,900,Completed,Paid
ORD11819,10-08-2025,CUST1216,PROD012,Coffee Maker,Home & Kitchen,Central,2,7500,750,14250,8000,6250,Completed,Paid
ORD11820,10-08-2025,CUST1179,PROD004,Smart Watch,Electronics,North,5,14000,3500,66500,40000,26500,Completed,Paid
ORD11821,10-08-2025,CUST1190,PROD014,Backpack,Accessories,West,1,2200,220,1980,900,1080,Cancelled,Refunded
ORD11822,11-08-2025,CUST1256,PROD011,Leather Formal Shoes,Footwear,East,1,6500,0,6500,3000,3500,Cancelled,Failed
ORD11823,11-08-2025,CUST1268,PROD013,Air Fryer,Home & Kitchen,West,1,9500,0,9500,5500,4000,Completed,Paid
ORD11824,11-08-2025,CUST1192,PROD003,Wireless Headphones,Electronics,Central,2,6000,600,11400,7000,4400,Completed,Paid
ORD11825,11-08-2025,CUST1146,PROD014,Backpack,Accessories,East,2,2200,440,3960,1800,2160,Completed,Paid
ORD11826,11-08-2025,CUST1045,PROD013,Air Fryer,Home & Kitchen,South,1,9500,0,9500,5500,4000,Completed,Paid
ORD11827,11-08-2025,CUST1054,PROD008,Cotton T-Shirt Pack,Apparel,Central,4,1500,0,6000,2400,3600,Completed,Paid
ORD11828,11-08-2025,CUST1258,PROD010,Running Shoes,Footwear,South,2,5500,1100,9900,5000,4900,Completed,Paid
ORD11829,11-08-2025,CUST1115,PROD013,Air Fryer,Home & Kitchen,East,2,9500,0,19000,11000,8000,Completed,Paid
ORD11830,11-08-2025,CUST1064,PROD006,Standing Desk,Furniture,East,1,22000,2200,19800,14000,5800,Pending,Paid
ORD11831,12-08-2025,CUST1192,PROD013,Air Fryer,Home & Kitchen,North,2,9500,0,19000,11000,8000,Pending,Paid
ORD11832,12-08-2025,CUST1158,PROD014,Backpack,Accessories,East,2,2200,0,4400,1800,2600,Completed,Paid
ORD11833,12-08-2025,CUST1017,PROD001,Laptop,Electronics,South,1,50000,0,50000,35000,15000,Cancelled,Failed
ORD11834,12-08-2025,CUST1172,PROD003,Wireless Headphones,Electronics,Central,5,6000,0,30000,17500,12500,Completed,Paid
ORD11835,13-08-2025,CUST1316,PROD011,Leather Formal Shoes,Footwear,East,3,6500,1950,17550,9000,8550,Cancelled,Failed
ORD11836,13-08-2025,CUST1066,PROD011,Leather Formal Shoes,Footwear,East,5,6500,0,32500,15000,17500,Completed,Paid
ORD11837,13-08-2025,CUST1265,PROD003,Wireless Headphones,Electronics,East,1,6000,600,5400,3500,1900,Completed,Paid
ORD11838,13-08-2025,CUST1259,PROD002,Smartphone,Electronics,Central,2,32000,6400,57600,44000,13600,Pending,Paid
ORD11839,13-08-2025,CUST1429,PROD009,Denim Jeans,Apparel,North,4,2800,0,11200,4800,6400,Completed,Paid
ORD11840,14-08-2025,CUST1224,PROD001,Laptop,Electronics,Central,1,50000,2500,47500,35000,12500,Cancelled,Refunded
ORD11841,14-08-2025,CUST1293,PROD007,Bookshelf,Furniture,South,2,8500,0,17000,10000,7000,Completed,Paid
ORD11842,14-08-2025,CUST1325,PROD011,Leather Formal Shoes,Footwear,West,1,6500,325,6175,3000,3175,Completed,Paid
ORD11843,14-08-2025,CUST1153,PROD004,Smart Watch,Electronics,Central,3,14000,4200,37800,24000,13800,Completed,Paid
ORD11844,15-08-2025,CUST1338,PROD001,Laptop,Electronics,West,1,50000,0,50000,35000,15000,Completed,Paid
ORD11845,15-08-2025,CUST1327,PROD010,Running Shoes,Footwear,South,1,5500,825,4675,2500,2175,Completed,Paid
ORD11846,15-08-2025,CUST1055,PROD003,Wireless Headphones,Electronics,West,1,6000,0,6000,3500,2500,Completed,Paid
ORD11847,15-08-2025,CUST1254,PROD014,Backpack,Accessories,West,3,2200,0,6600,2700,3900,Completed,Paid
ORD11848,15-08-2025,CUST1252,PROD013,Air Fryer,Home & Kitchen,South,1,9500,475,9025,5500,3525,Pending,Pending
ORD11849,15-08-2025,CUST1108,PROD011,Leather Formal Shoes,Footwear,East,1,6500,0,6500,3000,3500,Completed,Paid
ORD11850,15-08-2025,CUST1414,PROD003,Wireless Headphones,Electronics,North,1,6000,900,5100,3500,1600,Pending,Pending
ORD11851,15-08-2025,CUST1061,PROD006,Standing Desk,Furniture,West,1,22000,1100,20900,14000,6900,Cancelled,Refunded
ORD11852,15-08-2025,CUST1082,PROD009,Denim Jeans,Apparel,West,4,2800,0,11200,4800,6400,Completed,Paid
ORD11853,15-08-2025,CUST1275,PROD001,Laptop,Electronics,Central,2,50000,0,100000,70000,30000,Completed,Paid
ORD11854,16-08-2025,CUST1112,PROD001,Laptop,Electronics,West,1,50000,0,50000,35000,15000,Pending,Pending
ORD11855,16-08-2025,CUST1138,PROD005,Office Chair,Furniture,East,1,15000,0,15000,9000,6000,Pending,Paid
ORD11856,16-08-2025,CUST1240,PROD012,Coffee Maker,Home & Kitchen,East,1,7500,1125,6375,4000,2375,Completed,Paid
ORD11857,16-08-2025,CUST1129,PROD003,Wireless Headphones,Electronics,North,2,6000,1200,10800,7000,3800,Completed,Paid
ORD11858,16-08-2025,CUST1202,PROD002,Smartphone,Electronics,Central,2,32000,3200,60800,44000,16800,Completed,Paid
ORD11859,16-08-2025,CUST1407,PROD004,Smart Watch,Electronics,East,1,14000,0,14000,8000,6000,Cancelled,Failed
ORD11860,16-08-2025,CUST1418,PROD006,Standing Desk,Furniture,Central,1,22000,0,22000,14000,8000,Completed,Paid
ORD11861,16-08-2025,CUST1291,PROD006,Standing Desk,Furniture,West,3,22000,6600,59400,42000,17400,Completed,Paid
ORD11862,17-08-2025,CUST1018,PROD009,Denim Jeans,Apparel,West,2,2800,0,5600,2400,3200,Pending,Paid
ORD11863,17-08-2025,CUST1204,PROD001,Laptop,Electronics,South,1,50000,0,50000,35000,15000,Completed,Paid
ORD11864,17-08-2025,CUST1184,PROD004,Smart Watch,Electronics,South,1,14000,0,14000,8000,6000,Completed,Paid
ORD11865,17-08-2025,CUST1400,PROD006,Standing Desk,Furniture,South,1,22000,1100,20900,14000,6900,Pending,Paid
ORD11866,17-08-2025,CUST1110,PROD008,Cotton T-Shirt Pack,Apparel,Central,2,1500,300,2700,1200,1500,Cancelled,Refunded
ORD11867,17-08-2025,CUST1198,PROD005,Office Chair,Furniture,Central,1,15000,0,15000,9000,6000,Cancelled,Failed
ORD11868,17-08-2025,CUST1367,PROD010,Running Shoes,Footwear,South,2,5500,550,10450,5000,5450,Pending,Paid
ORD11869,17-08-2025,CUST1163,PROD014,Backpack,Accessories,West,1,2200,0,2200,900,1300,Completed,Paid
ORD11870,17-08-2025,CUST1256,PROD001,Laptop,Electronics,West,1,50000,0,50000,35000,15000,Completed,Paid
ORD11871,18-08-2025,CUST1168,PROD010,Running Shoes,Footwear,East,1,5500,0,5500,2500,3000,Completed,Paid
ORD11872,18-08-2025,CUST1330,PROD013,Air Fryer,Home & Kitchen,Central,5,9500,7125,40375,27500,12875,Completed,Paid
ORD11873,18-08-2025,CUST1068,PROD014,Backpack,Accessories,East,1,2200,110,2090,900,1190,Cancelled,Refunded
ORD11874,18-08-2025,CUST1173,PROD011,Leather Formal Shoes,Footwear,South,1,6500,0,6500,3000,3500,Completed,Paid
ORD11875,18-08-2025,CUST1371,PROD005,Office Chair,Furniture,West,1,15000,0,15000,9000,6000,Completed,Paid
ORD11876,18-08-2025,CUST1285,PROD013,Air Fryer,Home & Kitchen,West,1,9500,0,9500,5500,4000,Completed,Paid
ORD11877,18-08-2025,CUST1357,PROD008,Cotton T-Shirt Pack,Apparel,East,3,1500,675,3825,1800,2025,Completed,Paid
ORD11878,18-08-2025,CUST1432,PROD006,Standing Desk,Furniture,Central,1,22000,0,22000,14000,8000,Completed,Paid
ORD11879,19-08-2025,CUST1054,PROD006,Standing Desk,Furniture,East,1,22000,0,22000,14000,8000,Pending,Paid
ORD11880,19-08-2025,CUST1418,PROD009,Denim Jeans,Apparel,South,4,2800,1120,10080,4800,5280,Completed,Paid
ORD11881,19-08-2025,CUST1402,PROD001,Laptop,Electronics,South,1,50000,0,50000,35000,15000,Completed,Paid
ORD11882,19-08-2025,CUST1169,PROD012,Coffee Maker,Home & Kitchen,Central,2,7500,0,15000,8000,7000,Pending,Pending
ORD11883,19-08-2025,CUST1071,PROD010,Running Shoes,Footwear,East,1,5500,0,5500,2500,3000,Completed,Paid
ORD11884,20-08-2025,CUST1436,PROD007,Bookshelf,Furniture,East,2,8500,850,16150,10000,6150,Completed,Paid
ORD11885,20-08-2025,CUST1296,PROD008,Cotton T-Shirt Pack,Apparel,East,5,1500,0,7500,3000,4500,Pending,Paid
ORD11886,20-08-2025,CUST1116,PROD002,Smartphone,Electronics,West,2,32000,6400,57600,44000,13600,Completed,Paid
ORD11887,20-08-2025,CUST1286,PROD014,Backpack,Accessories,North,2,2200,440,3960,1800,2160,Completed,Paid
ORD11888,20-08-2025,CUST1356,PROD002,Smartphone,Electronics,South,5,32000,0,160000,110000,50000,Completed,Paid
ORD11889,20-08-2025,CUST1344,PROD004,Smart Watch,Electronics,East,3,14000,0,42000,24000,18000,Completed,Paid
ORD11890,20-08-2025,CUST1175,PROD004,Smart Watch,Electronics,Central,2,14000,1400,26600,16000,10600,Completed,Paid
ORD11891,20-08-2025,CUST1390,PROD005,Office Chair,Furniture,East,2,15000,3000,27000,18000,9000,Completed,Paid
ORD11892,21-08-2025,CUST1113,PROD006,Standing Desk,Furniture,East,5,22000,11000,99000,70000,29000,Cancelled,Refunded
ORD11893,21-08-2025,CUST1400,PROD007,Bookshelf,Furniture,North,1,8500,0,8500,5000,3500,Pending,Paid
ORD11894,21-08-2025,CUST1446,PROD010,Running Shoes,Footwear,South,1,5500,550,4950,2500,2450,Pending,Pending
ORD11895,21-08-2025,CUST1124,PROD001,Laptop,Electronics,East,1,50000,0,50000,35000,15000,Pending,Paid
ORD11896,21-08-2025,CUST1181,PROD005,Office Chair,Furniture,South,4,15000,0,60000,36000,24000,Completed,Paid
ORD11897,22-08-2025,CUST1078,PROD007,Bookshelf,Furniture,Central,1,8500,0,8500,5000,3500,Completed,Paid
ORD11898,22-08-2025,CUST1140,PROD006,Standing Desk,Furniture,South,1,22000,0,22000,14000,8000,Completed,Paid
ORD11899,22-08-2025,CUST1100,PROD005,Office Chair,Furniture,North,1,15000,750,14250,9000,5250,Cancelled,Failed
ORD11900,22-08-2025,CUST1266,PROD007,Bookshelf,Furniture,South,2,8500,850,16150,10000,6150,Completed,Paid
ORD11901,22-08-2025,CUST1113,PROD002,Smartphone,Electronics,South,3,32000,4800,91200,66000,25200,Completed,Paid
ORD11902,22-08-2025,CUST1034,PROD009,Denim Jeans,Apparel,South,1,2800,280,2520,1200,1320,Pending,Paid
ORD11903,22-08-2025,CUST1201,PROD007,Bookshelf,Furniture,South,1,8500,850,7650,5000,2650,Pending,Paid
ORD11904,22-08-2025,CUST1254,PROD004,Smart Watch,Electronics,North,2,14000,0,28000,16000,12000,Completed,Paid
ORD11905,22-08-2025,CUST1362,PROD010,Running Shoes,Footwear,West,2,5500,0,11000,5000,6000,Cancelled,Failed
ORD11906,23-08-2025,CUST1157,PROD014,Backpack,Accessories,North,1,2200,110,2090,900,1190,Completed,Paid
ORD11907,23-08-2025,CUST1096,PROD006,Standing Desk,Furniture,East,1,22000,0,22000,14000,8000,Completed,Paid
ORD11908,23-08-2025,CUST1220,PROD006,Standing Desk,Furniture,South,1,22000,0,22000,14000,8000,Completed,Paid
ORD11909,23-08-2025,CUST1088,PROD011,Leather Formal Shoes,Footwear,South,2,6500,1950,11050,6000,5050,Cancelled,Refunded
ORD11910,23-08-2025,CUST1251,PROD014,Backpack,Accessories,North,1,2200,0,2200,900,1300,Completed,Paid
ORD11911,23-08-2025,CUST1291,PROD011,Leather Formal Shoes,Footwear,West,3,6500,975,18525,9000,9525,Completed,Paid
ORD11912,23-08-2025,CUST1387,PROD003,Wireless Headphones,Electronics,South,1,6000,600,5400,3500,1900,Completed,Paid
ORD11913,23-08-2025,CUST1232,PROD008,Cotton T-Shirt Pack,Apparel,West,5,1500,0,7500,3000,4500,Completed,Paid
ORD11914,23-08-2025,CUST1130,PROD006,Standing Desk,Furniture,East,1,22000,0,22000,14000,8000,Pending,Paid
ORD11915,23-08-2025,CUST1266,PROD013,Air Fryer,Home & Kitchen,Central,1,9500,0,9500,5500,4000,Cancelled,Refunded
ORD11916,23-08-2025,CUST1076,PROD007,Bookshelf,Furniture,North,2,8500,0,17000,10000,7000,Completed,Paid
ORD11917,23-08-2025,CUST1016,PROD004,Smart Watch,Electronics,Central,2,14000,4200,23800,16000,7800,Completed,Paid
ORD11918,23-08-2025,CUST1106,PROD012,Coffee Maker,Home & Kitchen,South,1,7500,1125,6375,4000,2375,Pending,Pending
ORD11919,24-08-2025,CUST1450,PROD011,Leather Formal Shoes,Footwear,Central,3,6500,0,19500,9000,10500,Cancelled,Refunded
ORD11920,24-08-2025,CUST1136,PROD011,Leather Formal Shoes,Footwear,West,3,6500,0,19500,9000,10500,Completed,Paid
ORD11921,24-08-2025,CUST1142,PROD005,Office Chair,Furniture,North,1,15000,750,14250,9000,5250,Completed,Paid
ORD11922,24-08-2025,CUST1428,PROD010,Running Shoes,Footwear,South,1,5500,275,5225,2500,2725,Completed,Paid
ORD11923,24-08-2025,CUST1148,PROD002,Smartphone,Electronics,South,1,32000,1600,30400,22000,8400,Completed,Paid
ORD11924,24-08-2025,CUST1349,PROD003,Wireless Headphones,Electronics,Central,4,6000,1200,22800,14000,8800,Pending,Pending
ORD11925,24-08-2025,CUST1156,PROD008,Cotton T-Shirt Pack,Apparel,West,1,1500,0,1500,600,900,Completed,Paid
ORD11926,24-08-2025,CUST1021,PROD004,Smart Watch,Electronics,West,3,14000,0,42000,24000,18000,Completed,Paid
ORD11927,24-08-2025,CUST1157,PROD001,Laptop,Electronics,East,1,50000,5000,45000,35000,10000,Completed,Paid
ORD11928,24-08-2025,CUST1129,PROD003,Wireless Headphones,Electronics,West,3,6000,1800,16200,10500,5700,Cancelled,Refunded
ORD11929,25-08-2025,CUST1366,PROD005,Office Chair,Furniture,North,5,15000,0,75000,45000,30000,Cancelled,Refunded
ORD11930,25-08-2025,CUST1149,PROD004,Smart Watch,Electronics,South,1,14000,0,14000,8000,6000,Pending,Paid
ORD11931,25-08-2025,CUST1217,PROD007,Bookshelf,Furniture,South,3,8500,3825,21675,15000,6675,Cancelled,Failed
ORD11932,25-08-2025,CUST1089,PROD010,Running Shoes,Footwear,East,2,5500,0,11000,5000,6000,Cancelled,Refunded
ORD11933,26-08-2025,CUST1394,PROD004,Smart Watch,Electronics,West,1,14000,700,13300,8000,5300,Completed,Paid
ORD11934,26-08-2025,CUST1157,PROD002,Smartphone,Electronics,West,2,32000,3200,60800,44000,16800,Cancelled,Refunded
ORD11935,26-08-2025,CUST1193,PROD013,Air Fryer,Home & Kitchen,East,1,9500,475,9025,5500,3525,Pending,Paid
ORD11936,26-08-2025,CUST1258,PROD011,Leather Formal Shoes,Footwear,West,1,6500,0,6500,3000,3500,Completed,Paid
ORD11937,26-08-2025,CUST1211,PROD008,Cotton T-Shirt Pack,Apparel,South,3,1500,0,4500,1800,2700,Completed,Paid
ORD11938,26-08-2025,CUST1046,PROD013,Air Fryer,Home & Kitchen,North,2,9500,0,19000,11000,8000,Completed,Paid
ORD11939,26-08-2025,CUST1298,PROD009,Denim Jeans,Apparel,West,1,2800,140,2660,1200,1460,Cancelled,Failed
ORD11940,26-08-2025,CUST1028,PROD013,Air Fryer,Home & Kitchen,East,1,9500,475,9025,5500,3525,Completed,Paid
ORD11941,26-08-2025,CUST1414,PROD013,Air Fryer,Home & Kitchen,Central,1,9500,0,9500,5500,4000,Completed,Paid
ORD11942,27-08-2025,CUST1425,PROD011,Leather Formal Shoes,Footwear,South,1,6500,0,6500,3000,3500,Completed,Paid
ORD11943,27-08-2025,CUST1290,PROD008,Cotton T-Shirt Pack,Apparel,West,3,1500,0,4500,1800,2700,Cancelled,Refunded
ORD11944,27-08-2025,CUST1360,PROD004,Smart Watch,Electronics,Central,1,14000,1400,12600,8000,4600,Completed,Paid
ORD11945,27-08-2025,CUST1070,PROD004,Smart Watch,Electronics,North,1,14000,0,14000,8000,6000,Completed,Paid
ORD11946,27-08-2025,CUST1413,PROD008,Cotton T-Shirt Pack,Apparel,Central,2,1500,0,3000,1200,1800,Completed,Paid
ORD11947,27-08-2025,CUST1079,PROD010,Running Shoes,Footwear,South,2,5500,0,11000,5000,6000,Completed,Paid
ORD11948,28-08-2025,CUST1013,PROD014,Backpack,Accessories,Central,1,2200,0,2200,900,1300,Completed,Paid
ORD11949,28-08-2025,CUST1154,PROD007,Bookshelf,Furniture,East,5,8500,4250,38250,25000,13250,Cancelled,Failed
ORD11950,28-08-2025,CUST1421,PROD010,Running Shoes,Footwear,East,3,5500,825,15675,7500,8175,Completed,Paid
ORD11951,28-08-2025,CUST1075,PROD011,Leather Formal Shoes,Footwear,South,1,6500,650,5850,3000,2850,Pending,Pending
ORD11952,28-08-2025,CUST1088,PROD009,Denim Jeans,Apparel,Central,1,2800,140,2660,1200,1460,Completed,Paid
ORD11953,28-08-2025,CUST1342,PROD002,Smartphone,Electronics,Central,1,32000,1600,30400,22000,8400,Completed,Paid
ORD11954,28-08-2025,CUST1198,PROD012,Coffee Maker,Home & Kitchen,South,1,7500,750,6750,4000,2750,Completed,Paid
ORD11955,29-08-2025,CUST1146,PROD008,Cotton T-Shirt Pack,Apparel,South,2,1500,0,3000,1200,1800,Completed,Paid
ORD11956,29-08-2025,CUST1018,PROD011,Leather Formal Shoes,Footwear,Central,1,6500,975,5525,3000,2525,Completed,Paid
ORD11957,29-08-2025,CUST1072,PROD008,Cotton T-Shirt Pack,Apparel,East,1,1500,225,1275,600,675,Completed,Paid
ORD11958,29-08-2025,CUST1257,PROD014,Backpack,Accessories,Central,1,2200,330,1870,900,970,Cancelled,Failed
ORD11959,29-08-2025,CUST1263,PROD002,Smartphone,Electronics,North,2,32000,0,64000,44000,20000,Pending,Paid
ORD11960,29-08-2025,CUST1236,PROD012,Coffee Maker,Home & Kitchen,North,1,7500,750,6750,4000,2750,Completed,Paid
ORD11961,29-08-2025,CUST1202,PROD002,Smartphone,Electronics,East,1,32000,1600,30400,22000,8400,Pending,Pending
ORD11962,29-08-2025,CUST1295,PROD012,Coffee Maker,Home & Kitchen,Central,2,7500,750,14250,8000,6250,Completed,Paid
ORD11963,30-08-2025,CUST1166,PROD010,Running Shoes,Footwear,Central,1,5500,275,5225,2500,2725,Completed,Paid
ORD11964,30-08-2025,CUST1035,PROD001,Laptop,Electronics,South,3,50000,0,150000,105000,45000,Completed,Paid
ORD11965,30-08-2025,CUST1341,PROD002,Smartphone,Electronics,East,4,32000,6400,121600,88000,33600,Completed,Paid
ORD11966,30-08-2025,CUST1396,PROD013,Air Fryer,Home & Kitchen,North,1,9500,950,8550,5500,3050,Pending,Paid
ORD11967,30-08-2025,CUST1387,PROD007,Bookshelf,Furniture,South,1,8500,0,8500,5000,3500,Completed,Paid
ORD11968,30-08-2025,CUST1434,PROD012,Coffee Maker,Home & Kitchen,South,1,7500,0,7500,4000,3500,Pending,Pending
ORD11969,30-08-2025,CUST1090,PROD006,Standing Desk,Furniture,South,2,22000,0,44000,28000,16000,Pending,Pending
ORD11970,30-08-2025,CUST1101,PROD005,Office Chair,Furniture,East,1,15000,0,15000,9000,6000,Completed,Paid
ORD11971,30-08-2025,CUST1380,PROD003,Wireless Headphones,Electronics,East,3,6000,1800,16200,10500,5700,Completed,Paid
ORD11972,30-08-2025,CUST1045,PROD010,Running Shoes,Footwear,South,2,5500,550,10450,5000,5450,Completed,Paid
ORD11973,30-08-2025,CUST1018,PROD013,Air Fryer,Home & Kitchen,North,3,9500,0,28500,16500,12000,Completed,Paid
ORD11974,30-08-2025,CUST1291,PROD009,Denim Jeans,Apparel,South,1,2800,140,2660,1200,1460,Pending,Paid
ORD11975,30-08-2025,CUST1098,PROD014,Backpack,Accessories,North,2,2200,220,4180,1800,2380,Completed,Paid
ORD11976,31-08-2025,CUST1317,PROD009,Denim Jeans,Apparel,North,3,2800,0,8400,3600,4800,Pending,Paid
ORD11977,31-08-2025,CUST1448,PROD002,Smartphone,Electronics,Central,1,32000,3200,28800,22000,6800,Completed,Paid
ORD11978,31-08-2025,CUST1052,PROD002,Smartphone,Electronics,East,1,32000,1600,30400,22000,8400,Completed,Paid
ORD11979,31-08-2025,CUST1012,PROD004,Smart Watch,Electronics,West,4,14000,0,56000,32000,24000,Pending,Paid
ORD11980,31-08-2025,CUST1035,PROD014,Backpack,Accessories,North,4,2200,0,8800,3600,5200,Cancelled,Refunded
ORD11981,31-08-2025,CUST1437,PROD009,Denim Jeans,Apparel,Central,2,2800,0,5600,2400,3200,Completed,Paid
ORD11982,31-08-2025,CUST1280,PROD012,Coffee Maker,Home & Kitchen,South,2,7500,2250,12750,8000,4750,Completed,Paid
ORD11983,31-08-2025,CUST1335,PROD001,Laptop,Electronics,South,1,50000,0,50000,35000,15000,Completed,Paid
ORD11984,31-08-2025,CUST1392,PROD001,Laptop,Electronics,North,1,50000,5000,45000,35000,10000,Completed,Paid
ORD11985,31-08-2025,CUST1388,PROD011,Leather Formal Shoes,Footwear,South,1,6500,0,6500,3000,3500,Cancelled,Refunded
ORD11986,01-09-2025,CUST1037,PROD007,Bookshelf,Furniture,Central,2,8500,2550,14450,10000,4450,Cancelled,Failed
ORD11987,01-09-2025,CUST1067,PROD005,Office Chair,Furniture,South,1,15000,750,14250,9000,5250,Completed,Paid
ORD11988,01-09-2025,CUST1333,PROD006,Standing Desk,Furniture,East,1,22000,2200,19800,14000,5800,Completed,Paid
ORD11989,01-09-2025,CUST1011,PROD001,Laptop,Electronics,South,2,50000,10000,90000,70000,20000,Cancelled,Failed
ORD11990,01-09-2025,CUST1350,PROD011,Leather Formal Shoes,Footwear,South,2,6500,0,13000,6000,7000,Completed,Paid
ORD11991,01-09-2025,CUST1357,PROD003,Wireless Headphones,Electronics,East,2,6000,600,11400,7000,4400,Completed,Paid
ORD11992,02-09-2025,CUST1061,PROD010,Running Shoes,Footwear,West,1,5500,0,5500,2500,3000,Completed,Paid
ORD11993,02-09-2025,CUST1122,PROD004,Smart Watch,Electronics,South,2,14000,0,28000,16000,12000,Pending,Pending
ORD11994,02-09-2025,CUST1411,PROD001,Laptop,Electronics,North,3,50000,0,150000,105000,45000,Completed,Paid
ORD11995,02-09-2025,CUST1225,PROD003,Wireless Headphones,Electronics,West,1,6000,0,6000,3500,2500,Pending,Pending
ORD11996,02-09-2025,CUST1150,PROD003,Wireless Headphones,Electronics,Central,1,6000,300,5700,3500,2200,Pending,Pending
ORD11997,02-09-2025,CUST1040,PROD005,Office Chair,Furniture,Central,1,15000,1500,13500,9000,4500,Completed,Paid
ORD11998,02-09-2025,CUST1440,PROD004,Smart Watch,Electronics,East,2,14000,4200,23800,16000,7800,Cancelled,Failed
ORD11999,03-09-2025,CUST1126,PROD009,Denim Jeans,Apparel,West,1,2800,140,2660,1200,1460,Completed,Paid
ORD12000,03-09-2025,CUST1028,PROD006,Standing Desk,Furniture,East,2,22000,2200,41800,28000,13800,Completed,Paid
ORD12001,03-09-2025,CUST1041,PROD004,Smart Watch,Electronics,North,3,14000,2100,39900,24000,15900,Completed,Paid
ORD12002,03-09-2025,CUST1380,PROD009,Denim Jeans,Apparel,North,1,2800,280,2520,1200,1320,Completed,Paid
ORD12003,03-09-2025,CUST1019,PROD004,Smart Watch,Electronics,East,2,14000,1400,26600,16000,10600,Completed,Paid
ORD12004,03-09-2025,CUST1011,PROD008,Cotton T-Shirt Pack,Apparel,South,1,1500,75,1425,600,825,Completed,Paid
ORD12005,03-09-2025,CUST1424,PROD002,Smartphone,Electronics,South,1,32000,1600,30400,22000,8400,Completed,Paid
ORD12006,03-09-2025,CUST1010,PROD014,Backpack,Accessories,East,1,2200,0,2200,900,1300,Completed,Paid
ORD12007,03-09-2025,CUST1195,PROD003,Wireless Headphones,Electronics,East,2,6000,600,11400,7000,4400,Completed,Paid
ORD12008,04-09-2025,CUST1391,PROD006,Standing Desk,Furniture,South,3,22000,6600,59400,42000,17400,Completed,Paid
ORD12009,04-09-2025,CUST1425,PROD005,Office Chair,Furniture,Central,1,15000,0,15000,9000,6000,Pending,Paid
ORD12010,04-09-2025,CUST1444,PROD007,Bookshelf,Furniture,South,3,8500,1275,24225,15000,9225,Pending,Paid
ORD12011,04-09-2025,CUST1440,PROD009,Denim Jeans,Apparel,East,1,2800,280,2520,1200,1320,Cancelled,Failed
ORD12012,04-09-2025,CUST1084,PROD007,Bookshelf,Furniture,East,2,8500,2550,14450,10000,4450,Completed,Paid
ORD12013,04-09-2025,CUST1008,PROD005,Office Chair,Furniture,West,1,15000,0,15000,9000,6000,Cancelled,Failed
ORD12014,04-09-2025,CUST1173,PROD010,Running Shoes,Footwear,East,1,5500,0,5500,2500,3000,Completed,Paid
ORD12015,04-09-2025,CUST1338,PROD005,Office Chair,Furniture,Central,1,15000,0,15000,9000,6000,Pending,Paid
ORD12016,05-09-2025,CUST1434,PROD003,Wireless Headphones,Electronics,East,1,6000,0,6000,3500,2500,Completed,Paid
ORD12017,05-09-2025,CUST1019,PROD006,Standing Desk,Furniture,East,2,22000,2200,41800,28000,13800,Completed,Paid
ORD12018,05-09-2025,CUST1030,PROD010,Running Shoes,Footwear,South,1,5500,275,5225,2500,2725,Completed,Paid
ORD12019,05-09-2025,CUST1033,PROD008,Cotton T-Shirt Pack,Apparel,North,1,1500,150,1350,600,750,Completed,Paid
ORD12020,05-09-2025,CUST1445,PROD008,Cotton T-Shirt Pack,Apparel,North,1,1500,0,1500,600,900,Cancelled,Refunded
ORD12021,05-09-2025,CUST1120,PROD002,Smartphone,Electronics,South,1,32000,1600,30400,22000,8400,Completed,Paid
ORD12022,05-09-2025,CUST1297,PROD006,Standing Desk,Furniture,South,2,22000,0,44000,28000,16000,Pending,Paid
ORD12023,05-09-2025,CUST1132,PROD001,Laptop,Electronics,West,2,50000,0,100000,70000,30000,Completed,Paid
ORD12024,05-09-2025,CUST1180,PROD002,Smartphone,Electronics,South,2,32000,0,64000,44000,20000,Completed,Paid
ORD12025,05-09-2025,CUST1122,PROD004,Smart Watch,Electronics,West,2,14000,2800,25200,16000,9200,Pending,Paid
ORD12026,06-09-2025,CUST1329,PROD007,Bookshelf,Furniture,West,1,8500,0,8500,5000,3500,Completed,Paid
ORD12027,06-09-2025,CUST1172,PROD007,Bookshelf,Furniture,West,1,8500,1275,7225,5000,2225,Cancelled,Refunded
ORD12028,06-09-2025,CUST1083,PROD006,Standing Desk,Furniture,South,1,22000,0,22000,14000,8000,Cancelled,Refunded
ORD12029,06-09-2025,CUST1055,PROD010,Running Shoes,Footwear,North,3,5500,825,15675,7500,8175,Pending,Paid
ORD12030,06-09-2025,CUST1111,PROD007,Bookshelf,Furniture,Central,1,8500,850,7650,5000,2650,Completed,Paid
ORD12031,06-09-2025,CUST1391,PROD011,Leather Formal Shoes,Footwear,South,4,6500,3900,22100,12000,10100,Completed,Paid
ORD12032,06-09-2025,CUST1290,PROD009,Denim Jeans,Apparel,Central,2,2800,560,5040,2400,2640,Cancelled,Refunded
ORD12033,06-09-2025,CUST1434,PROD009,Denim Jeans,Apparel,South,2,2800,280,5320,2400,2920,Cancelled,Failed
ORD12034,07-09-2025,CUST1138,PROD004,Smart Watch,Electronics,Central,1,14000,0,14000,8000,6000,Completed,Paid
ORD12035,07-09-2025,CUST1410,PROD013,Air Fryer,Home & Kitchen,West,1,9500,0,9500,5500,4000,Completed,Paid
ORD12036,07-09-2025,CUST1355,PROD004,Smart Watch,Electronics,East,2,14000,2800,25200,16000,9200,Completed,Paid
ORD12037,07-09-2025,CUST1041,PROD006,Standing Desk,Furniture,Central,2,22000,6600,37400,28000,9400,Pending,Paid
ORD12038,07-09-2025,CUST1310,PROD004,Smart Watch,Electronics,East,2,14000,0,28000,16000,12000,Completed,Paid
ORD12039,07-09-2025,CUST1276,PROD004,Smart Watch,Electronics,East,2,14000,1400,26600,16000,10600,Cancelled,Failed
ORD12040,07-09-2025,CUST1408,PROD005,Office Chair,Furniture,West,1,15000,0,15000,9000,6000,Completed,Paid
ORD12041,07-09-2025,CUST1259,PROD003,Wireless Headphones,Electronics,Central,1,6000,600,5400,3500,1900,Completed,Paid
ORD12042,07-09-2025,CUST1093,PROD008,Cotton T-Shirt Pack,Apparel,South,1,1500,0,1500,600,900,Cancelled,Failed
ORD12043,07-09-2025,CUST1381,PROD002,Smartphone,Electronics,North,3,32000,9600,86400,66000,20400,Completed,Paid
ORD12044,08-09-2025,CUST1086,PROD002,Smartphone,Electronics,North,2,32000,3200,60800,44000,16800,Completed,Paid
ORD12045,08-09-2025,CUST1217,PROD006,Standing Desk,Furniture,North,1,22000,1100,20900,14000,6900,Pending,Paid
ORD12046,08-09-2025,CUST1061,PROD006,Standing Desk,Furniture,West,2,22000,2200,41800,28000,13800,Pending,Pending
ORD12047,08-09-2025,CUST1038,PROD012,Coffee Maker,Home & Kitchen,West,4,7500,4500,25500,16000,9500,Pending,Paid
ORD12048,08-09-2025,CUST1380,PROD014,Backpack,Accessories,East,1,2200,110,2090,900,1190,Completed,Paid
ORD12049,08-09-2025,CUST1376,PROD003,Wireless Headphones,Electronics,Central,3,6000,2700,15300,10500,4800,Completed,Paid
ORD12050,08-09-2025,CUST1078,PROD001,Laptop,Electronics,Central,2,50000,5000,95000,70000,25000,Completed,Paid
ORD12051,08-09-2025,CUST1195,PROD006,Standing Desk,Furniture,East,1,22000,2200,19800,14000,5800,Completed,Paid
ORD12052,08-09-2025,CUST1396,PROD002,Smartphone,Electronics,North,1,32000,0,32000,22000,10000,Cancelled,Failed
ORD12053,09-09-2025,CUST1166,PROD007,Bookshelf,Furniture,West,2,8500,2550,14450,10000,4450,Completed,Paid
ORD12054,09-09-2025,CUST1417,PROD012,Coffee Maker,Home & Kitchen,North,1,7500,0,7500,4000,3500,Cancelled,Failed
ORD12055,09-09-2025,CUST1051,PROD006,Standing Desk,Furniture,West,1,22000,0,22000,14000,8000,Completed,Paid
ORD12056,09-09-2025,CUST1225,PROD004,Smart Watch,Electronics,North,1,14000,2100,11900,8000,3900,Cancelled,Refunded
ORD12057,09-09-2025,CUST1119,PROD011,Leather Formal Shoes,Footwear,West,1,6500,0,6500,3000,3500,Cancelled,Refunded
ORD12058,09-09-2025,CUST1015,PROD010,Running Shoes,Footwear,South,4,5500,1100,20900,10000,10900,Completed,Paid
ORD12059,10-09-2025,CUST1251,PROD014,Backpack,Accessories,South,1,2200,0,2200,900,1300,Cancelled,Failed
ORD12060,10-09-2025,CUST1375,PROD008,Cotton T-Shirt Pack,Apparel,Central,1,1500,75,1425,600,825,Completed,Paid
ORD12061,10-09-2025,CUST1367,PROD012,Coffee Maker,Home & Kitchen,South,1,7500,0,7500,4000,3500,Completed,Paid
ORD12062,10-09-2025,CUST1045,PROD014,Backpack,Accessories,North,5,2200,1100,9900,4500,5400,Completed,Paid
ORD12063,11-09-2025,CUST1412,PROD002,Smartphone,Electronics,North,2,32000,0,64000,44000,20000,Cancelled,Failed
ORD12064,11-09-2025,CUST1142,PROD008,Cotton T-Shirt Pack,Apparel,Central,2,1500,0,3000,1200,1800,Pending,Paid
ORD12065,11-09-2025,CUST1020,PROD007,Bookshelf,Furniture,South,4,8500,3400,30600,20000,10600,Completed,Paid
ORD12066,11-09-2025,CUST1098,PROD014,Backpack,Accessories,Central,2,2200,440,3960,1800,2160,Completed,Paid
ORD12067,11-09-2025,CUST1325,PROD011,Leather Formal Shoes,Footwear,South,1,6500,325,6175,3000,3175,Completed,Paid
ORD12068,11-09-2025,CUST1345,PROD004,Smart Watch,Electronics,West,1,14000,700,13300,8000,5300,Completed,Paid
ORD12069,12-09-2025,CUST1255,PROD005,Office Chair,Furniture,North,1,15000,1500,13500,9000,4500,Cancelled,Refunded
ORD12070,12-09-2025,CUST1002,PROD007,Bookshelf,Furniture,South,1,8500,425,8075,5000,3075,Pending,Pending
ORD12071,12-09-2025,CUST1020,PROD007,Bookshelf,Furniture,West,2,8500,850,16150,10000,6150,Completed,Paid
ORD12072,12-09-2025,CUST1327,PROD006,Standing Desk,Furniture,East,2,22000,6600,37400,28000,9400,Completed,Paid
ORD12073,12-09-2025,CUST1431,PROD004,Smart Watch,Electronics,West,2,14000,1400,26600,16000,10600,Pending,Paid
ORD12074,12-09-2025,CUST1307,PROD006,Standing Desk,Furniture,Central,1,22000,0,22000,14000,8000,Completed,Paid
ORD12075,12-09-2025,CUST1387,PROD013,Air Fryer,Home & Kitchen,West,1,9500,0,9500,5500,4000,Completed,Paid
ORD12076,12-09-2025,CUST1340,PROD007,Bookshelf,Furniture,South,1,8500,1275,7225,5000,2225,Pending,Pending
ORD12077,12-09-2025,CUST1178,PROD012,Coffee Maker,Home & Kitchen,East,2,7500,1500,13500,8000,5500,Completed,Paid
ORD12078,12-09-2025,CUST1431,PROD013,Air Fryer,Home & Kitchen,East,2,9500,950,18050,11000,7050,Completed,Paid
ORD12079,12-09-2025,CUST1149,PROD005,Office Chair,Furniture,Central,1,15000,1500,13500,9000,4500,Completed,Paid
ORD12080,12-09-2025,CUST1032,PROD009,Denim Jeans,Apparel,West,1,2800,0,2800,1200,1600,Completed,Paid
ORD12081,12-09-2025,CUST1415,PROD008,Cotton T-Shirt Pack,Apparel,East,1,1500,225,1275,600,675,Completed,Paid
ORD12082,13-09-2025,CUST1373,PROD004,Smart Watch,Electronics,West,2,14000,0,28000,16000,12000,Completed,Paid
ORD12083,13-09-2025,CUST1210,PROD004,Smart Watch,Electronics,Central,3,14000,2100,39900,24000,15900,Pending,Pending
ORD12084,13-09-2025,CUST1315,PROD010,Running Shoes,Footwear,West,1,5500,275,5225,2500,2725,Pending,Pending
ORD12085,13-09-2025,CUST1411,PROD007,Bookshelf,Furniture,South,2,8500,0,17000,10000,7000,Completed,Paid
ORD12086,13-09-2025,CUST1393,PROD013,Air Fryer,Home & Kitchen,Central,1,9500,0,9500,5500,4000,Completed,Paid
ORD12087,13-09-2025,CUST1186,PROD009,Denim Jeans,Apparel,North,5,2800,1400,12600,6000,6600,Completed,Paid
ORD12088,13-09-2025,CUST1441,PROD012,Coffee Maker,Home & Kitchen,North,1,7500,0,7500,4000,3500,Completed,Paid
ORD12089,13-09-2025,CUST1170,PROD007,Bookshelf,Furniture,North,2,8500,0,17000,10000,7000,Completed,Paid
ORD12090,13-09-2025,CUST1019,PROD014,Backpack,Accessories,South,2,2200,220,4180,1800,2380,Cancelled,Failed
ORD12091,13-09-2025,CUST1406,PROD008,Cotton T-Shirt Pack,Apparel,South,1,1500,0,1500,600,900,Completed,Paid
ORD12092,13-09-2025,CUST1324,PROD013,Air Fryer,Home & Kitchen,North,1,9500,950,8550,5500,3050,Completed,Paid
ORD12093,14-09-2025,CUST1206,PROD003,Wireless Headphones,Electronics,West,3,6000,0,18000,10500,7500,Cancelled,Failed
ORD12094,14-09-2025,CUST1011,PROD001,Laptop,Electronics,Central,2,50000,0,100000,70000,30000,Pending,Paid
ORD12095,14-09-2025,CUST1100,PROD014,Backpack,Accessories,Central,3,2200,660,5940,2700,3240,Completed,Paid
ORD12096,14-09-2025,CUST1263,PROD012,Coffee Maker,Home & Kitchen,South,1,7500,375,7125,4000,3125,Completed,Paid
ORD12097,14-09-2025,CUST1136,PROD011,Leather Formal Shoes,Footwear,Central,1,6500,0,6500,3000,3500,Completed,Paid
ORD12098,14-09-2025,CUST1114,PROD007,Bookshelf,Furniture,Central,1,8500,0,8500,5000,3500,Pending,Pending
ORD12099,14-09-2025,CUST1196,PROD001,Laptop,Electronics,East,2,50000,15000,85000,70000,15000,Cancelled,Refunded
ORD12100,14-09-2025,CUST1232,PROD004,Smart Watch,Electronics,Central,5,14000,0,70000,40000,30000,Completed,Paid
ORD12101,14-09-2025,CUST1229,PROD006,Standing Desk,Furniture,East,2,22000,2200,41800,28000,13800,Completed,Paid
ORD12102,14-09-2025,CUST1074,PROD013,Air Fryer,Home & Kitchen,South,1,9500,0,9500,5500,4000,Completed,Paid
ORD12103,14-09-2025,CUST1304,PROD004,Smart Watch,Electronics,South,1,14000,700,13300,8000,5300,Completed,Paid
ORD12104,14-09-2025,CUST1268,PROD012,Coffee Maker,Home & Kitchen,Central,2,7500,0,15000,8000,7000,Completed,Paid
ORD12105,14-09-2025,CUST1130,PROD007,Bookshelf,Furniture,West,2,8500,1700,15300,10000,5300,Completed,Paid
ORD12106,15-09-2025,CUST1353,PROD010,Running Shoes,Footwear,Central,1,5500,0,5500,2500,3000,Pending,Pending
ORD12107,15-09-2025,CUST1387,PROD009,Denim Jeans,Apparel,East,2,2800,0,5600,2400,3200,Pending,Pending
ORD12108,15-09-2025,CUST1165,PROD008,Cotton T-Shirt Pack,Apparel,East,2,1500,300,2700,1200,1500,Pending,Pending
ORD12109,15-09-2025,CUST1054,PROD007,Bookshelf,Furniture,South,1,8500,850,7650,5000,2650,Completed,Paid
ORD12110,15-09-2025,CUST1267,PROD012,Coffee Maker,Home & Kitchen,South,1,7500,0,7500,4000,3500,Completed,Paid
ORD12111,15-09-2025,CUST1020,PROD007,Bookshelf,Furniture,East,1,8500,850,7650,5000,2650,Completed,Paid
ORD12112,16-09-2025,CUST1384,PROD014,Backpack,Accessories,Central,1,2200,0,2200,900,1300,Completed,Paid
ORD12113,16-09-2025,CUST1223,PROD005,Office Chair,Furniture,West,2,15000,1500,28500,18000,10500,Completed,Paid
ORD12114,16-09-2025,CUST1289,PROD011,Leather Formal Shoes,Footwear,North,1,6500,325,6175,3000,3175,Completed,Paid
ORD12115,16-09-2025,CUST1412,PROD010,Running Shoes,Footwear,West,2,5500,0,11000,5000,6000,Completed,Paid
ORD12116,16-09-2025,CUST1108,PROD006,Standing Desk,Furniture,North,1,22000,2200,19800,14000,5800,Completed,Paid
ORD12117,17-09-2025,CUST1163,PROD007,Bookshelf,Furniture,North,1,8500,0,8500,5000,3500,Completed,Paid
ORD12118,17-09-2025,CUST1160,PROD012,Coffee Maker,Home & Kitchen,North,1,7500,0,7500,4000,3500,Completed,Paid
ORD12119,17-09-2025,CUST1170,PROD002,Smartphone,Electronics,South,2,32000,3200,60800,44000,16800,Completed,Paid
ORD12120,17-09-2025,CUST1180,PROD011,Leather Formal Shoes,Footwear,Central,3,6500,0,19500,9000,10500,Completed,Paid
ORD12121,18-09-2025,CUST1141,PROD005,Office Chair,Furniture,East,2,15000,0,30000,18000,12000,Cancelled,Failed
ORD12122,18-09-2025,CUST1131,PROD009,Denim Jeans,Apparel,Central,2,2800,0,5600,2400,3200,Cancelled,Refunded
ORD12123,18-09-2025,CUST1053,PROD012,Coffee Maker,Home & Kitchen,North,1,7500,0,7500,4000,3500,Completed,Paid
ORD12124,18-09-2025,CUST1065,PROD013,Air Fryer,Home & Kitchen,Central,2,9500,1900,17100,11000,6100,Completed,Paid
ORD12125,18-09-2025,CUST1295,PROD013,Air Fryer,Home & Kitchen,Central,2,9500,2850,16150,11000,5150,Pending,Paid
ORD12126,19-09-2025,CUST1087,PROD001,Laptop,Electronics,North,5,50000,0,250000,175000,75000,Cancelled,Refunded
ORD12127,19-09-2025,CUST1074,PROD003,Wireless Headphones,Electronics,East,3,6000,0,18000,10500,7500,Completed,Paid
ORD12128,19-09-2025,CUST1071,PROD009,Denim Jeans,Apparel,East,1,2800,140,2660,1200,1460,Completed,Paid
ORD12129,19-09-2025,CUST1257,PROD013,Air Fryer,Home & Kitchen,South,1,9500,0,9500,5500,4000,Completed,Paid
ORD12130,19-09-2025,CUST1362,PROD008,Cotton T-Shirt Pack,Apparel,West,1,1500,75,1425,600,825,Cancelled,Refunded
ORD12131,19-09-2025,CUST1310,PROD014,Backpack,Accessories,North,4,2200,1320,7480,3600,3880,Completed,Paid
ORD12132,19-09-2025,CUST1365,PROD003,Wireless Headphones,Electronics,East,2,6000,600,11400,7000,4400,Completed,Paid
ORD12133,19-09-2025,CUST1351,PROD002,Smartphone,Electronics,Central,3,32000,4800,91200,66000,25200,Completed,Paid
ORD12134,19-09-2025,CUST1013,PROD014,Backpack,Accessories,West,3,2200,660,5940,2700,3240,Completed,Paid
ORD12135,20-09-2025,CUST1218,PROD004,Smart Watch,Electronics,Central,2,14000,4200,23800,16000,7800,Completed,Paid
ORD12136,20-09-2025,CUST1196,PROD006,Standing Desk,Furniture,North,4,22000,13200,74800,56000,18800,Completed,Paid
ORD12137,20-09-2025,CUST1227,PROD006,Standing Desk,Furniture,Central,1,22000,1100,20900,14000,6900,Completed,Paid
ORD12138,20-09-2025,CUST1049,PROD006,Standing Desk,Furniture,West,2,22000,0,44000,28000,16000,Completed,Paid
ORD12139,20-09-2025,CUST1018,PROD011,Leather Formal Shoes,Footwear,West,2,6500,0,13000,6000,7000,Pending,Paid
ORD12140,20-09-2025,CUST1141,PROD011,Leather Formal Shoes,Footwear,South,5,6500,3250,29250,15000,14250,Pending,Paid
ORD12141,20-09-2025,CUST1312,PROD011,Leather Formal Shoes,Footwear,East,1,6500,325,6175,3000,3175,Pending,Pending
ORD12142,20-09-2025,CUST1020,PROD006,Standing Desk,Furniture,South,2,22000,4400,39600,28000,11600,Pending,Pending
ORD12143,20-09-2025,CUST1446,PROD014,Backpack,Accessories,North,1,2200,220,1980,900,1080,Completed,Paid
ORD12144,20-09-2025,CUST1029,PROD008,Cotton T-Shirt Pack,Apparel,South,1,1500,150,1350,600,750,Completed,Paid
ORD12145,20-09-2025,CUST1437,PROD004,Smart Watch,Electronics,Central,2,14000,0,28000,16000,12000,Pending,Paid
ORD12146,20-09-2025,CUST1364,PROD003,Wireless Headphones,Electronics,Central,2,6000,0,12000,7000,5000,Completed,Paid
ORD12147,20-09-2025,CUST1341,PROD007,Bookshelf,Furniture,East,3,8500,1275,24225,15000,9225,Completed,Paid
ORD12148,21-09-2025,CUST1423,PROD013,Air Fryer,Home & Kitchen,Central,1,9500,0,9500,5500,4000,Completed,Paid
ORD12149,21-09-2025,CUST1228,PROD001,Laptop,Electronics,West,2,50000,5000,95000,70000,25000,Completed,Paid
ORD12150,21-09-2025,CUST1089,PROD011,Leather Formal Shoes,Footwear,South,1,6500,325,6175,3000,3175,Completed,Paid
ORD12151,21-09-2025,CUST1175,PROD008,Cotton T-Shirt Pack,Apparel,Central,3,1500,0,4500,1800,2700,Completed,Paid
ORD12152,21-09-2025,CUST1046,PROD002,Smartphone,Electronics,South,1,32000,0,32000,22000,10000,Completed,Paid
ORD12153,21-09-2025,CUST1303,PROD011,Leather Formal Shoes,Footwear,South,2,6500,1300,11700,6000,5700,Completed,Paid
ORD12154,21-09-2025,CUST1327,PROD006,Standing Desk,Furniture,East,1,22000,2200,19800,14000,5800,Completed,Paid
ORD12155,21-09-2025,CUST1158,PROD014,Backpack,Accessories,North,2,2200,440,3960,1800,2160,Completed,Paid
ORD12156,21-09-2025,CUST1028,PROD007,Bookshelf,Furniture,West,1,8500,0,8500,5000,3500,Completed,Paid
ORD12157,22-09-2025,CUST1116,PROD014,Backpack,Accessories,North,1,2200,0,2200,900,1300,Completed,Paid
ORD12158,22-09-2025,CUST1133,PROD012,Coffee Maker,Home & Kitchen,East,1,7500,375,7125,4000,3125,Cancelled,Failed
ORD12159,22-09-2025,CUST1179,PROD013,Air Fryer,Home & Kitchen,Central,1,9500,475,9025,5500,3525,Completed,Paid
ORD12160,22-09-2025,CUST1019,PROD014,Backpack,Accessories,Central,1,2200,110,2090,900,1190,Completed,Paid
ORD12161,22-09-2025,CUST1360,PROD007,Bookshelf,Furniture,West,2,8500,850,16150,10000,6150,Completed,Paid
ORD12162,22-09-2025,CUST1107,PROD006,Standing Desk,Furniture,Central,2,22000,4400,39600,28000,11600,Completed,Paid
ORD12163,22-09-2025,CUST1047,PROD009,Denim Jeans,Apparel,North,1,2800,140,2660,1200,1460,Completed,Paid
ORD12164,23-09-2025,CUST1265,PROD011,Leather Formal Shoes,Footwear,North,1,6500,325,6175,3000,3175,Completed,Paid
ORD12165,23-09-2025,CUST1191,PROD010,Running Shoes,Footwear,East,2,5500,1650,9350,5000,4350,Completed,Paid
ORD12166,23-09-2025,CUST1360,PROD002,Smartphone,Electronics,West,3,32000,0,96000,66000,30000,Completed,Paid
ORD12167,23-09-2025,CUST1244,PROD006,Standing Desk,Furniture,West,2,22000,0,44000,28000,16000,Completed,Paid
ORD12168,24-09-2025,CUST1084,PROD008,Cotton T-Shirt Pack,Apparel,Central,1,1500,0,1500,600,900,Cancelled,Failed
ORD12169,24-09-2025,CUST1304,PROD010,Running Shoes,Footwear,East,2,5500,550,10450,5000,5450,Completed,Paid
ORD12170,24-09-2025,CUST1130,PROD012,Coffee Maker,Home & Kitchen,West,2,7500,750,14250,8000,6250,Completed,Paid
ORD12171,24-09-2025,CUST1154,PROD001,Laptop,Electronics,North,2,50000,15000,85000,70000,15000,Cancelled,Refunded
ORD12172,24-09-2025,CUST1216,PROD007,Bookshelf,Furniture,West,4,8500,0,34000,20000,14000,Completed,Paid
ORD12173,24-09-2025,CUST1084,PROD009,Denim Jeans,Apparel,North,4,2800,1120,10080,4800,5280,Pending,Pending
ORD12174,25-09-2025,CUST1385,PROD003,Wireless Headphones,Electronics,North,2,6000,1200,10800,7000,3800,Completed,Paid
ORD12175,25-09-2025,CUST1047,PROD005,Office Chair,Furniture,North,3,15000,2250,42750,27000,15750,Completed,Paid
ORD12176,25-09-2025,CUST1236,PROD001,Laptop,Electronics,North,1,50000,0,50000,35000,15000,Completed,Paid
ORD12177,25-09-2025,CUST1042,PROD003,Wireless Headphones,Electronics,North,3,6000,0,18000,10500,7500,Pending,Pending
ORD12178,25-09-2025,CUST1079,PROD011,Leather Formal Shoes,Footwear,Central,3,6500,0,19500,9000,10500,Completed,Paid
ORD12179,25-09-2025,CUST1082,PROD006,Standing Desk,Furniture,South,1,22000,1100,20900,14000,6900,Pending,Pending
ORD12180,25-09-2025,CUST1242,PROD011,Leather Formal Shoes,Footwear,East,3,6500,1950,17550,9000,8550,Completed,Paid
ORD12181,25-09-2025,CUST1199,PROD003,Wireless Headphones,Electronics,West,2,6000,0,12000,7000,5000,Completed,Paid
ORD12182,26-09-2025,CUST1420,PROD011,Leather Formal Shoes,Footwear,East,2,6500,650,12350,6000,6350,Completed,Paid
ORD12183,26-09-2025,CUST1251,PROD011,Leather Formal Shoes,Footwear,Central,1,6500,650,5850,3000,2850,Completed,Paid
ORD12184,26-09-2025,CUST1394,PROD004,Smart Watch,Electronics,West,1,14000,700,13300,8000,5300,Completed,Paid
ORD12185,26-09-2025,CUST1313,PROD010,Running Shoes,Footwear,East,3,5500,825,15675,7500,8175,Completed,Paid
ORD12186,26-09-2025,CUST1256,PROD004,Smart Watch,Electronics,South,1,14000,0,14000,8000,6000,Completed,Paid
ORD12187,26-09-2025,CUST1197,PROD011,Leather Formal Shoes,Footwear,North,1,6500,0,6500,3000,3500,Completed,Paid
ORD12188,26-09-2025,CUST1346,PROD014,Backpack,Accessories,East,1,2200,330,1870,900,970,Completed,Paid
ORD12189,26-09-2025,CUST1092,PROD003,Wireless Headphones,Electronics,East,2,6000,1200,10800,7000,3800,Completed,Paid
ORD12190,26-09-2025,CUST1413,PROD002,Smartphone,Electronics,West,2,32000,0,64000,44000,20000,Completed,Paid
ORD12191,26-09-2025,CUST1412,PROD013,Air Fryer,Home & Kitchen,South,1,9500,0,9500,5500,4000,Cancelled,Failed
ORD12192,27-09-2025,CUST1233,PROD001,Laptop,Electronics,East,2,50000,5000,95000,70000,25000,Completed,Paid
ORD12193,27-09-2025,CUST1395,PROD001,Laptop,Electronics,West,1,50000,5000,45000,35000,10000,Completed,Paid
ORD12194,27-09-2025,CUST1310,PROD013,Air Fryer,Home & Kitchen,East,2,9500,1900,17100,11000,6100,Pending,Paid
ORD12195,27-09-2025,CUST1433,PROD009,Denim Jeans,Apparel,West,1,2800,0,2800,1200,1600,Completed,Paid
ORD12196,27-09-2025,CUST1273,PROD013,Air Fryer,Home & Kitchen,East,3,9500,0,28500,16500,12000,Completed,Paid
ORD12197,27-09-2025,CUST1173,PROD012,Coffee Maker,Home & Kitchen,Central,1,7500,375,7125,4000,3125,Cancelled,Failed
ORD12198,27-09-2025,CUST1223,PROD001,Laptop,Electronics,East,1,50000,0,50000,35000,15000,Completed,Paid
ORD12199,27-09-2025,CUST1236,PROD006,Standing Desk,Furniture,South,3,22000,3300,62700,42000,20700,Completed,Paid
ORD12200,27-09-2025,CUST1218,PROD006,Standing Desk,Furniture,West,2,22000,0,44000,28000,16000,Completed,Paid
ORD12201,27-09-2025,CUST1092,PROD005,Office Chair,Furniture,West,1,15000,0,15000,9000,6000,Completed,Paid
ORD12202,27-09-2025,CUST1326,PROD001,Laptop,Electronics,Central,1,50000,5000,45000,35000,10000,Cancelled,Failed
ORD12203,27-09-2025,CUST1128,PROD003,Wireless Headphones,Electronics,South,2,6000,0,12000,7000,5000,Completed,Paid
ORD12204,27-09-2025,CUST1325,PROD008,Cotton T-Shirt Pack,Apparel,East,3,1500,0,4500,1800,2700,Completed,Paid
ORD12205,28-09-2025,CUST1317,PROD004,Smart Watch,Electronics,Central,2,14000,0,28000,16000,12000,Completed,Paid
ORD12206,28-09-2025,CUST1191,PROD001,Laptop,Electronics,North,2,50000,10000,90000,70000,20000,Completed,Paid
ORD12207,28-09-2025,CUST1196,PROD009,Denim Jeans,Apparel,South,1,2800,140,2660,1200,1460,Completed,Paid
ORD12208,28-09-2025,CUST1217,PROD007,Bookshelf,Furniture,South,1,8500,850,7650,5000,2650,Pending,Pending
ORD12209,28-09-2025,CUST1429,PROD007,Bookshelf,Furniture,South,2,8500,850,16150,10000,6150,Completed,Paid
ORD12210,28-09-2025,CUST1316,PROD009,Denim Jeans,Apparel,Central,3,2800,0,8400,3600,4800,Completed,Paid
ORD12211,28-09-2025,CUST1192,PROD010,Running Shoes,Footwear,East,1,5500,825,4675,2500,2175,Completed,Paid
ORD12212,28-09-2025,CUST1383,PROD012,Coffee Maker,Home & Kitchen,North,1,7500,375,7125,4000,3125,Cancelled,Failed
ORD12213,28-09-2025,CUST1093,PROD011,Leather Formal Shoes,Footwear,West,1,6500,0,6500,3000,3500,Completed,Paid
ORD12214,28-09-2025,CUST1401,PROD007,Bookshelf,Furniture,North,1,8500,425,8075,5000,3075,Pending,Paid
ORD12215,28-09-2025,CUST1050,PROD004,Smart Watch,Electronics,North,1,14000,0,14000,8000,6000,Completed,Paid
ORD12216,28-09-2025,CUST1314,PROD005,Office Chair,Furniture,Central,3,15000,2250,42750,27000,15750,Pending,Paid
ORD12217,28-09-2025,CUST1278,PROD007,Bookshelf,Furniture,East,4,8500,0,34000,20000,14000,Completed,Paid
ORD12218,29-09-2025,CUST1178,PROD014,Backpack,Accessories,East,1,2200,220,1980,900,1080,Completed,Paid
ORD12219,29-09-2025,CUST1108,PROD009,Denim Jeans,Apparel,North,2,2800,0,5600,2400,3200,Completed,Paid
ORD12220,29-09-2025,CUST1339,PROD014,Backpack,Accessories,Central,4,2200,440,8360,3600,4760,Cancelled,Failed
ORD12221,29-09-2025,CUST1043,PROD004,Smart Watch,Electronics,Central,1,14000,0,14000,8000,6000,Completed,Paid
ORD12222,29-09-2025,CUST1232,PROD011,Leather Formal Shoes,Footwear,East,1,6500,325,6175,3000,3175,Completed,Paid
ORD12223,29-09-2025,CUST1320,PROD006,Standing Desk,Furniture,Central,1,22000,3300,18700,14000,4700,Completed,Paid
ORD12224,30-09-2025,CUST1285,PROD012,Coffee Maker,Home & Kitchen,East,5,7500,0,37500,20000,17500,Cancelled,Refunded
ORD12225,30-09-2025,CUST1194,PROD010,Running Shoes,Footwear,South,1,5500,0,5500,2500,3000,Completed,Paid
ORD12226,30-09-2025,CUST1293,PROD005,Office Chair,Furniture,North,3,15000,4500,40500,27000,13500,Pending,Paid
ORD12227,30-09-2025,CUST1282,PROD007,Bookshelf,Furniture,West,2,8500,0,17000,10000,7000,Cancelled,Failed
ORD12228,30-09-2025,CUST1164,PROD013,Air Fryer,Home & Kitchen,West,2,9500,950,18050,11000,7050,Pending,Paid
ORD12229,30-09-2025,CUST1258,PROD009,Denim Jeans,Apparel,Central,1,2800,280,2520,1200,1320,Completed,Paid
ORD12230,01-10-2025,CUST1147,PROD014,Backpack,Accessories,East,1,2200,220,1980,900,1080,Completed,Paid
ORD12231,01-10-2025,CUST1148,PROD001,Laptop,Electronics,Central,3,50000,15000,135000,105000,30000,Pending,Pending
ORD12232,01-10-2025,CUST1350,PROD002,Smartphone,Electronics,East,2,32000,0,64000,44000,20000,Completed,Paid
ORD12233,01-10-2025,CUST1211,PROD004,Smart Watch,Electronics,South,2,14000,0,28000,16000,12000,Cancelled,Refunded
ORD12234,01-10-2025,CUST1307,PROD010,Running Shoes,Footwear,East,4,5500,0,22000,10000,12000,Completed,Paid
ORD12235,01-10-2025,CUST1086,PROD010,Running Shoes,Footwear,East,2,5500,1650,9350,5000,4350,Completed,Paid
ORD12236,01-10-2025,CUST1381,PROD010,Running Shoes,Footwear,East,2,5500,1100,9900,5000,4900,Completed,Paid
ORD12237,01-10-2025,CUST1235,PROD006,Standing Desk,Furniture,North,1,22000,3300,18700,14000,4700,Completed,Paid
ORD12238,01-10-2025,CUST1166,PROD003,Wireless Headphones,Electronics,West,1,6000,0,6000,3500,2500,Cancelled,Failed
ORD12239,01-10-2025,CUST1236,PROD004,Smart Watch,Electronics,Central,1,14000,0,14000,8000,6000,Completed,Paid
ORD12240,01-10-2025,CUST1237,PROD009,Denim Jeans,Apparel,South,3,2800,840,7560,3600,3960,Completed,Paid
ORD12241,02-10-2025,CUST1237,PROD012,Coffee Maker,Home & Kitchen,South,1,7500,0,7500,4000,3500,Pending,Paid
ORD12242,02-10-2025,CUST1444,PROD009,Denim Jeans,Apparel,East,3,2800,0,8400,3600,4800,Completed,Paid
ORD12243,02-10-2025,CUST1134,PROD012,Coffee Maker,Home & Kitchen,Central,1,7500,750,6750,4000,2750,Pending,Pending
ORD12244,02-10-2025,CUST1225,PROD008,Cotton T-Shirt Pack,Apparel,South,1,1500,0,1500,600,900,Pending,Pending
ORD12245,02-10-2025,CUST1187,PROD007,Bookshelf,Furniture,Central,2,8500,0,17000,10000,7000,Completed,Paid
ORD12246,02-10-2025,CUST1054,PROD003,Wireless Headphones,Electronics,West,2,6000,600,11400,7000,4400,Completed,Paid
ORD12247,02-10-2025,CUST1370,PROD003,Wireless Headphones,Electronics,West,1,6000,0,6000,3500,2500,Completed,Paid
ORD12248,02-10-2025,CUST1408,PROD008,Cotton T-Shirt Pack,Apparel,North,1,1500,0,1500,600,900,Pending,Pending
ORD12249,02-10-2025,CUST1235,PROD012,Coffee Maker,Home & Kitchen,East,2,7500,1500,13500,8000,5500,Completed,Paid
ORD12250,03-10-2025,CUST1353,PROD008,Cotton T-Shirt Pack,Apparel,West,2,1500,150,2850,1200,1650,Cancelled,Failed
ORD12251,03-10-2025,CUST1305,PROD001,Laptop,Electronics,North,1,50000,0,50000,35000,15000,Completed,Paid
ORD12252,03-10-2025,CUST1190,PROD010,Running Shoes,Footwear,West,2,5500,0,11000,5000,6000,Pending,Pending
ORD12253,03-10-2025,CUST1291,PROD011,Leather Formal Shoes,Footwear,West,1,6500,0,6500,3000,3500,Completed,Paid
ORD12254,03-10-2025,CUST1080,PROD012,Coffee Maker,Home & Kitchen,North,1,7500,0,7500,4000,3500,Completed,Paid
ORD12255,03-10-2025,CUST1132,PROD011,Leather Formal Shoes,Footwear,North,1,6500,0,6500,3000,3500,Completed,Paid
ORD12256,03-10-2025,CUST1076,PROD010,Running Shoes,Footwear,South,1,5500,550,4950,2500,2450,Pending,Paid
ORD12257,03-10-2025,CUST1245,PROD010,Running Shoes,Footwear,North,5,5500,1375,26125,12500,13625,Cancelled,Failed
ORD12258,03-10-2025,CUST1268,PROD006,Standing Desk,Furniture,East,3,22000,3300,62700,42000,20700,Completed,Paid
ORD12259,03-10-2025,CUST1446,PROD009,Denim Jeans,Apparel,East,1,2800,280,2520,1200,1320,Completed,Paid
ORD12260,03-10-2025,CUST1343,PROD002,Smartphone,Electronics,West,1,32000,0,32000,22000,10000,Completed,Paid
ORD12261,03-10-2025,CUST1143,PROD010,Running Shoes,Footwear,South,2,5500,0,11000,5000,6000,Completed,Paid
ORD12262,03-10-2025,CUST1292,PROD011,Leather Formal Shoes,Footwear,South,3,6500,1950,17550,9000,8550,Cancelled,Refunded
ORD12263,03-10-2025,CUST1380,PROD004,Smart Watch,Electronics,West,2,14000,0,28000,16000,12000,Completed,Paid
ORD12264,04-10-2025,CUST1260,PROD002,Smartphone,Electronics,West,2,32000,3200,60800,44000,16800,Pending,Pending
ORD12265,04-10-2025,CUST1409,PROD001,Laptop,Electronics,East,2,50000,0,100000,70000,30000,Completed,Paid
ORD12266,04-10-2025,CUST1409,PROD012,Coffee Maker,Home & Kitchen,North,2,7500,750,14250,8000,6250,Completed,Paid
ORD12267,04-10-2025,CUST1117,PROD012,Coffee Maker,Home & Kitchen,East,1,7500,1125,6375,4000,2375,Completed,Paid
ORD12268,04-10-2025,CUST1283,PROD005,Office Chair,Furniture,South,2,15000,3000,27000,18000,9000,Completed,Paid
ORD12269,04-10-2025,CUST1068,PROD009,Denim Jeans,Apparel,West,1,2800,0,2800,1200,1600,Cancelled,Failed
ORD12270,04-10-2025,CUST1238,PROD002,Smartphone,Electronics,Central,3,32000,0,96000,66000,30000,Pending,Pending
ORD12271,04-10-2025,CUST1101,PROD008,Cotton T-Shirt Pack,Apparel,South,1,1500,75,1425,600,825,Completed,Paid
ORD12272,04-10-2025,CUST1278,PROD010,Running Shoes,Footwear,North,2,5500,0,11000,5000,6000,Completed,Paid
ORD12273,04-10-2025,CUST1298,PROD007,Bookshelf,Furniture,South,2,8500,0,17000,10000,7000,Pending,Pending
ORD12274,04-10-2025,CUST1302,PROD013,Air Fryer,Home & Kitchen,Central,2,9500,2850,16150,11000,5150,Completed,Paid
ORD12275,04-10-2025,CUST1387,PROD007,Bookshelf,Furniture,Central,1,8500,425,8075,5000,3075,Completed,Paid
ORD12276,04-10-2025,CUST1260,PROD008,Cotton T-Shirt Pack,Apparel,Central,1,1500,75,1425,600,825,Completed,Paid
ORD12277,04-10-2025,CUST1445,PROD009,Denim Jeans,Apparel,North,1,2800,140,2660,1200,1460,Cancelled,Failed
ORD12278,05-10-2025,CUST1226,PROD002,Smartphone,Electronics,North,1,32000,0,32000,22000,10000,Cancelled,Failed
ORD12279,05-10-2025,CUST1254,PROD003,Wireless Headphones,Electronics,North,1,6000,0,6000,3500,2500,Completed,Paid
ORD12280,05-10-2025,CUST1049,PROD014,Backpack,Accessories,East,1,2200,110,2090,900,1190,Completed,Paid
ORD12281,05-10-2025,CUST1100,PROD013,Air Fryer,Home & Kitchen,South,2,9500,0,19000,11000,8000,Cancelled,Failed
ORD12282,05-10-2025,CUST1164,PROD013,Air Fryer,Home & Kitchen,Central,1,9500,475,9025,5500,3525,Cancelled,Refunded
ORD12283,05-10-2025,CUST1293,PROD011,Leather Formal Shoes,Footwear,North,1,6500,0,6500,3000,3500,Completed,Paid
ORD12284,05-10-2025,CUST1403,PROD003,Wireless Headphones,Electronics,North,2,6000,0,12000,7000,5000,Cancelled,Failed
ORD12285,05-10-2025,CUST1335,PROD010,Running Shoes,Footwear,East,2,5500,0,11000,5000,6000,Completed,Paid
ORD12286,05-10-2025,CUST1242,PROD014,Backpack,Accessories,West,1,2200,0,2200,900,1300,Pending,Paid
ORD12287,05-10-2025,CUST1425,PROD012,Coffee Maker,Home & Kitchen,West,1,7500,0,7500,4000,3500,Completed,Paid
ORD12288,05-10-2025,CUST1391,PROD007,Bookshelf,Furniture,South,2,8500,0,17000,10000,7000,Completed,Paid
ORD12289,05-10-2025,CUST1182,PROD011,Leather Formal Shoes,Footwear,North,5,6500,3250,29250,15000,14250,Completed,Paid
ORD12290,05-10-2025,CUST1420,PROD012,Coffee Maker,Home & Kitchen,North,1,7500,750,6750,4000,2750,Completed,Paid
ORD12291,05-10-2025,CUST1427,PROD006,Standing Desk,Furniture,South,1,22000,2200,19800,14000,5800,Completed,Paid
ORD12292,05-10-2025,CUST1286,PROD009,Denim Jeans,Apparel,North,2,2800,280,5320,2400,2920,Completed,Paid
ORD12293,05-10-2025,CUST1439,PROD005,Office Chair,Furniture,South,1,15000,0,15000,9000,6000,Pending,Paid
ORD12294,05-10-2025,CUST1370,PROD010,Running Shoes,Footwear,East,4,5500,3300,18700,10000,8700,Pending,Paid
ORD12295,06-10-2025,CUST1362,PROD008,Cotton T-Shirt Pack,Apparel,North,1,1500,75,1425,600,825,Completed,Paid
ORD12296,06-10-2025,CUST1031,PROD002,Smartphone,Electronics,South,2,32000,0,64000,44000,20000,Completed,Paid
ORD12297,06-10-2025,CUST1225,PROD005,Office Chair,Furniture,South,1,15000,1500,13500,9000,4500,Completed,Paid
ORD12298,06-10-2025,CUST1167,PROD013,Air Fryer,Home & Kitchen,East,3,9500,2850,25650,16500,9150,Cancelled,Failed
ORD12299,06-10-2025,CUST1294,PROD004,Smart Watch,Electronics,Central,1,14000,0,14000,8000,6000,Cancelled,Failed
ORD12300,06-10-2025,CUST1286,PROD009,Denim Jeans,Apparel,West,2,2800,0,5600,2400,3200,Completed,Paid
ORD12301,06-10-2025,CUST1446,PROD013,Air Fryer,Home & Kitchen,West,4,9500,0,38000,22000,16000,Completed,Paid
ORD12302,06-10-2025,CUST1383,PROD004,Smart Watch,Electronics,North,1,14000,0,14000,8000,6000,Completed,Paid
ORD12303,06-10-2025,CUST1171,PROD004,Smart Watch,Electronics,West,1,14000,1400,12600,8000,4600,Completed,Paid
ORD12304,06-10-2025,CUST1072,PROD002,Smartphone,Electronics,East,1,32000,3200,28800,22000,6800,Completed,Paid
ORD12305,06-10-2025,CUST1426,PROD009,Denim Jeans,Apparel,South,3,2800,420,7980,3600,4380,Completed,Paid
ORD12306,06-10-2025,CUST1290,PROD007,Bookshelf,Furniture,South,4,8500,3400,30600,20000,10600,Completed,Paid
ORD12307,06-10-2025,CUST1405,PROD009,Denim Jeans,Apparel,East,1,2800,0,2800,1200,1600,Completed,Paid
ORD12308,07-10-2025,CUST1039,PROD010,Running Shoes,Footwear,South,5,5500,2750,24750,12500,12250,Cancelled,Refunded
ORD12309,07-10-2025,CUST1409,PROD009,Denim Jeans,Apparel,South,2,2800,280,5320,2400,2920,Pending,Pending
ORD12310,07-10-2025,CUST1385,PROD002,Smartphone,Electronics,East,3,32000,4800,91200,66000,25200,Pending,Pending
ORD12311,07-10-2025,CUST1334,PROD006,Standing Desk,Furniture,South,1,22000,1100,20900,14000,6900,Completed,Paid
ORD12312,07-10-2025,CUST1271,PROD013,Air Fryer,Home & Kitchen,East,3,9500,0,28500,16500,12000,Completed,Paid
ORD12313,07-10-2025,CUST1004,PROD010,Running Shoes,Footwear,East,1,5500,0,5500,2500,3000,Completed,Paid
ORD12314,07-10-2025,CUST1078,PROD005,Office Chair,Furniture,North,2,15000,3000,27000,18000,9000,Cancelled,Failed
ORD12315,07-10-2025,CUST1335,PROD011,Leather Formal Shoes,Footwear,North,2,6500,650,12350,6000,6350,Completed,Paid
ORD12316,07-10-2025,CUST1367,PROD014,Backpack,Accessories,Central,1,2200,220,1980,900,1080,Completed,Paid
ORD12317,07-10-2025,CUST1158,PROD003,Wireless Headphones,Electronics,South,1,6000,300,5700,3500,2200,Completed,Paid
ORD12318,07-10-2025,CUST1400,PROD003,Wireless Headphones,Electronics,Central,1,6000,0,6000,3500,2500,Completed,Paid
ORD12319,07-10-2025,CUST1118,PROD011,Leather Formal Shoes,Footwear,North,1,6500,0,6500,3000,3500,Completed,Paid
ORD12320,07-10-2025,CUST1120,PROD004,Smart Watch,Electronics,West,1,14000,1400,12600,8000,4600,Completed,Paid
ORD12321,08-10-2025,CUST1428,PROD007,Bookshelf,Furniture,South,1,8500,850,7650,5000,2650,Pending,Pending
ORD12322,08-10-2025,CUST1195,PROD001,Laptop,Electronics,East,1,50000,0,50000,35000,15000,Completed,Paid
ORD12323,08-10-2025,CUST1303,PROD014,Backpack,Accessories,South,1,2200,0,2200,900,1300,Cancelled,Refunded
ORD12324,08-10-2025,CUST1084,PROD013,Air Fryer,Home & Kitchen,North,1,9500,475,9025,5500,3525,Cancelled,Failed
ORD12325,08-10-2025,CUST1384,PROD006,Standing Desk,Furniture,East,1,22000,3300,18700,14000,4700,Cancelled,Failed
ORD12326,08-10-2025,CUST1245,PROD005,Office Chair,Furniture,Central,1,15000,750,14250,9000,5250,Completed,Paid
ORD12327,08-10-2025,CUST1195,PROD013,Air Fryer,Home & Kitchen,East,1,9500,950,8550,5500,3050,Completed,Paid
ORD12328,08-10-2025,CUST1185,PROD005,Office Chair,Furniture,South,1,15000,1500,13500,9000,4500,Completed,Paid
ORD12329,09-10-2025,CUST1360,PROD002,Smartphone,Electronics,East,3,32000,0,96000,66000,30000,Completed,Paid
ORD12330,09-10-2025,CUST1374,PROD011,Leather Formal Shoes,Footwear,West,1,6500,650,5850,3000,2850,Completed,Paid
ORD12331,09-10-2025,CUST1290,PROD001,Laptop,Electronics,North,2,50000,0,100000,70000,30000,Completed,Paid
ORD12332,09-10-2025,CUST1391,PROD001,Laptop,Electronics,South,2,50000,0,100000,70000,30000,Pending,Paid
ORD12333,09-10-2025,CUST1191,PROD010,Running Shoes,Footwear,East,3,5500,0,16500,7500,9000,Completed,Paid
ORD12334,09-10-2025,CUST1266,PROD003,Wireless Headphones,Electronics,North,1,6000,900,5100,3500,1600,Completed,Paid
ORD12335,09-10-2025,CUST1016,PROD008,Cotton T-Shirt Pack,Apparel,North,1,1500,75,1425,600,825,Completed,Paid
ORD12336,09-10-2025,CUST1319,PROD006,Standing Desk,Furniture,South,2,22000,0,44000,28000,16000,Completed,Paid
ORD12337,09-10-2025,CUST1018,PROD012,Coffee Maker,Home & Kitchen,North,3,7500,0,22500,12000,10500,Completed,Paid
ORD12338,10-10-2025,CUST1370,PROD009,Denim Jeans,Apparel,North,1,2800,0,2800,1200,1600,Completed,Paid
ORD12339,10-10-2025,CUST1048,PROD007,Bookshelf,Furniture,South,1,8500,425,8075,5000,3075,Completed,Paid
ORD12340,10-10-2025,CUST1439,PROD009,Denim Jeans,Apparel,East,1,2800,140,2660,1200,1460,Pending,Pending
ORD12341,10-10-2025,CUST1160,PROD008,Cotton T-Shirt Pack,Apparel,East,3,1500,0,4500,1800,2700,Completed,Paid
ORD12342,10-10-2025,CUST1337,PROD009,Denim Jeans,Apparel,West,4,2800,560,10640,4800,5840,Completed,Paid
ORD12343,10-10-2025,CUST1245,PROD008,Cotton T-Shirt Pack,Apparel,Central,1,1500,0,1500,600,900,Completed,Paid
ORD12344,10-10-2025,CUST1413,PROD003,Wireless Headphones,Electronics,North,2,6000,1200,10800,7000,3800,Pending,Paid
ORD12345,10-10-2025,CUST1145,PROD010,Running Shoes,Footwear,South,1,5500,0,5500,2500,3000,Pending,Paid
ORD12346,10-10-2025,CUST1169,PROD012,Coffee Maker,Home & Kitchen,East,2,7500,750,14250,8000,6250,Cancelled,Failed
ORD12347,10-10-2025,CUST1390,PROD003,Wireless Headphones,Electronics,West,1,6000,300,5700,3500,2200,Cancelled,Refunded
ORD12348,10-10-2025,CUST1383,PROD013,Air Fryer,Home & Kitchen,East,2,9500,1900,17100,11000,6100,Completed,Paid
ORD12349,10-10-2025,CUST1008,PROD003,Wireless Headphones,Electronics,South,3,6000,0,18000,10500,7500,Completed,Paid
ORD12350,10-10-2025,CUST1166,PROD001,Laptop,Electronics,Central,1,50000,5000,45000,35000,10000,Completed,Paid
ORD12351,10-10-2025,CUST1322,PROD014,Backpack,Accessories,Central,1,2200,330,1870,900,970,Completed,Paid
ORD12352,10-10-2025,CUST1319,PROD005,Office Chair,Furniture,Central,1,15000,1500,13500,9000,4500,Pending,Paid
ORD12353,10-10-2025,CUST1173,PROD003,Wireless Headphones,Electronics,West,1,6000,600,5400,3500,1900,Cancelled,Failed
ORD12354,11-10-2025,CUST1050,PROD011,Leather Formal Shoes,Footwear,West,2,6500,0,13000,6000,7000,Completed,Paid
ORD12355,11-10-2025,CUST1219,PROD011,Leather Formal Shoes,Footwear,South,4,6500,0,26000,12000,14000,Completed,Paid
ORD12356,11-10-2025,CUST1235,PROD014,Backpack,Accessories,South,1,2200,220,1980,900,1080,Completed,Paid
ORD12357,11-10-2025,CUST1448,PROD006,Standing Desk,Furniture,West,1,22000,1100,20900,14000,6900,Completed,Paid
ORD12358,11-10-2025,CUST1444,PROD009,Denim Jeans,Apparel,North,1,2800,420,2380,1200,1180,Cancelled,Refunded
ORD12359,11-10-2025,CUST1073,PROD014,Backpack,Accessories,North,2,2200,0,4400,1800,2600,Pending,Paid
ORD12360,11-10-2025,CUST1270,PROD010,Running Shoes,Footwear,North,2,5500,550,10450,5000,5450,Completed,Paid
ORD12361,11-10-2025,CUST1410,PROD009,Denim Jeans,Apparel,West,2,2800,280,5320,2400,2920,Cancelled,Refunded
ORD12362,11-10-2025,CUST1192,PROD003,Wireless Headphones,Electronics,South,2,6000,600,11400,7000,4400,Cancelled,Refunded
ORD12363,11-10-2025,CUST1432,PROD013,Air Fryer,Home & Kitchen,North,2,9500,2850,16150,11000,5150,Completed,Paid
ORD12364,11-10-2025,CUST1440,PROD004,Smart Watch,Electronics,West,1,14000,2100,11900,8000,3900,Completed,Paid
ORD12365,11-10-2025,CUST1152,PROD007,Bookshelf,Furniture,Central,5,8500,4250,38250,25000,13250,Completed,Paid
ORD12366,11-10-2025,CUST1165,PROD003,Wireless Headphones,Electronics,West,1,6000,0,6000,3500,2500,Cancelled,Failed
ORD12367,11-10-2025,CUST1107,PROD012,Coffee Maker,Home & Kitchen,Central,2,7500,0,15000,8000,7000,Completed,Paid
ORD12368,11-10-2025,CUST1072,PROD003,Wireless Headphones,Electronics,East,3,6000,1800,16200,10500,5700,Completed,Paid
ORD12369,11-10-2025,CUST1201,PROD013,Air Fryer,Home & Kitchen,North,2,9500,0,19000,11000,8000,Completed,Paid
ORD12370,11-10-2025,CUST1128,PROD014,Backpack,Accessories,West,1,2200,330,1870,900,970,Completed,Paid
ORD12371,12-10-2025,CUST1206,PROD002,Smartphone,Electronics,Central,4,32000,0,128000,88000,40000,Completed,Paid
ORD12372,12-10-2025,CUST1073,PROD011,Leather Formal Shoes,Footwear,West,2,6500,0,13000,6000,7000,Completed,Paid
ORD12373,12-10-2025,CUST1267,PROD005,Office Chair,Furniture,Central,1,15000,750,14250,9000,5250,Completed,Paid
ORD12374,12-10-2025,CUST1119,PROD011,Leather Formal Shoes,Footwear,East,1,6500,0,6500,3000,3500,Pending,Paid
ORD12375,12-10-2025,CUST1079,PROD002,Smartphone,Electronics,West,3,32000,14400,81600,66000,15600,Completed,Paid
ORD12376,12-10-2025,CUST1196,PROD014,Backpack,Accessories,West,1,2200,110,2090,900,1190,Cancelled,Refunded
ORD12377,12-10-2025,CUST1449,PROD012,Coffee Maker,Home & Kitchen,East,2,7500,0,15000,8000,7000,Completed,Paid
ORD12378,12-10-2025,CUST1046,PROD012,Coffee Maker,Home & Kitchen,Central,4,7500,3000,27000,16000,11000,Completed,Paid
ORD12379,12-10-2025,CUST1446,PROD014,Backpack,Accessories,East,3,2200,990,5610,2700,2910,Completed,Paid
ORD12380,12-10-2025,CUST1030,PROD011,Leather Formal Shoes,Footwear,South,3,6500,0,19500,9000,10500,Pending,Paid
ORD12381,12-10-2025,CUST1129,PROD011,Leather Formal Shoes,Footwear,Central,1,6500,325,6175,3000,3175,Completed,Paid
ORD12382,12-10-2025,CUST1183,PROD002,Smartphone,Electronics,South,1,32000,3200,28800,22000,6800,Completed,Paid
ORD12383,12-10-2025,CUST1300,PROD008,Cotton T-Shirt Pack,Apparel,North,2,1500,150,2850,1200,1650,Completed,Paid
ORD12384,13-10-2025,CUST1250,PROD009,Denim Jeans,Apparel,Central,3,2800,0,8400,3600,4800,Cancelled,Failed
ORD12385,13-10-2025,CUST1022,PROD010,Running Shoes,Footwear,South,2,5500,1100,9900,5000,4900,Completed,Paid
ORD12386,13-10-2025,CUST1295,PROD002,Smartphone,Electronics,South,4,32000,0,128000,88000,40000,Cancelled,Failed
ORD12387,13-10-2025,CUST1418,PROD007,Bookshelf,Furniture,South,1,8500,850,7650,5000,2650,Completed,Paid
ORD12388,13-10-2025,CUST1294,PROD014,Backpack,Accessories,Central,1,2200,0,2200,900,1300,Pending,Paid
ORD12389,13-10-2025,CUST1343,PROD001,Laptop,Electronics,North,2,50000,0,100000,70000,30000,Completed,Paid
ORD12390,13-10-2025,CUST1051,PROD005,Office Chair,Furniture,East,3,15000,4500,40500,27000,13500,Completed,Paid
ORD12391,13-10-2025,CUST1184,PROD014,Backpack,Accessories,West,1,2200,330,1870,900,970,Completed,Paid
ORD12392,13-10-2025,CUST1229,PROD013,Air Fryer,Home & Kitchen,South,1,9500,475,9025,5500,3525,Pending,Paid
ORD12393,13-10-2025,CUST1394,PROD013,Air Fryer,Home & Kitchen,North,1,9500,950,8550,5500,3050,Cancelled,Failed
ORD12394,13-10-2025,CUST1380,PROD007,Bookshelf,Furniture,West,2,8500,0,17000,10000,7000,Completed,Paid
ORD12395,13-10-2025,CUST1439,PROD002,Smartphone,Electronics,West,1,32000,1600,30400,22000,8400,Completed,Paid
ORD12396,13-10-2025,CUST1163,PROD014,Backpack,Accessories,West,1,2200,220,1980,900,1080,Pending,Paid
ORD12397,14-10-2025,CUST1319,PROD008,Cotton T-Shirt Pack,Apparel,North,2,1500,0,3000,1200,1800,Pending,Paid
ORD12398,14-10-2025,CUST1180,PROD006,Standing Desk,Furniture,East,3,22000,6600,59400,42000,17400,Completed,Paid
ORD12399,14-10-2025,CUST1166,PROD001,Laptop,Electronics,South,1,50000,0,50000,35000,15000,Cancelled,Failed
ORD12400,14-10-2025,CUST1388,PROD009,Denim Jeans,Apparel,Central,1,2800,140,2660,1200,1460,Completed,Paid
ORD12401,14-10-2025,CUST1102,PROD002,Smartphone,Electronics,South,2,32000,9600,54400,44000,10400,Pending,Paid
ORD12402,14-10-2025,CUST1437,PROD005,Office Chair,Furniture,North,2,15000,1500,28500,18000,10500,Completed,Paid
ORD12403,14-10-2025,CUST1069,PROD007,Bookshelf,Furniture,South,3,8500,2550,22950,15000,7950,Completed,Paid
ORD12404,14-10-2025,CUST1315,PROD010,Running Shoes,Footwear,South,1,5500,0,5500,2500,3000,Completed,Paid
ORD12405,14-10-2025,CUST1126,PROD009,Denim Jeans,Apparel,North,2,2800,0,5600,2400,3200,Completed,Paid
ORD12406,14-10-2025,CUST1115,PROD014,Backpack,Accessories,North,1,2200,0,2200,900,1300,Pending,Pending
ORD12407,15-10-2025,CUST1007,PROD005,Office Chair,Furniture,North,4,15000,6000,54000,36000,18000,Completed,Paid
ORD12408,15-10-2025,CUST1430,PROD008,Cotton T-Shirt Pack,Apparel,East,2,1500,450,2550,1200,1350,Completed,Paid
ORD12409,15-10-2025,CUST1212,PROD003,Wireless Headphones,Electronics,Central,2,6000,600,11400,7000,4400,Completed,Paid
ORD12410,15-10-2025,CUST1383,PROD005,Office Chair,Furniture,West,3,15000,0,45000,27000,18000,Completed,Paid
ORD12411,15-10-2025,CUST1187,PROD004,Smart Watch,Electronics,West,2,14000,0,28000,16000,12000,Pending,Pending
ORD12412,15-10-2025,CUST1165,PROD014,Backpack,Accessories,North,2,2200,220,4180,1800,2380,Completed,Paid
ORD12413,15-10-2025,CUST1402,PROD009,Denim Jeans,Apparel,East,2,2800,0,5600,2400,3200,Cancelled,Refunded
ORD12414,15-10-2025,CUST1369,PROD006,Standing Desk,Furniture,Central,3,22000,0,66000,42000,24000,Completed,Paid
ORD12415,15-10-2025,CUST1295,PROD014,Backpack,Accessories,South,1,2200,0,2200,900,1300,Cancelled,Failed
ORD12416,16-10-2025,CUST1088,PROD001,Laptop,Electronics,Central,1,50000,2500,47500,35000,12500,Completed,Paid
ORD12417,16-10-2025,CUST1245,PROD014,Backpack,Accessories,North,1,2200,0,2200,900,1300,Pending,Paid
ORD12418,16-10-2025,CUST1292,PROD005,Office Chair,Furniture,South,2,15000,1500,28500,18000,10500,Pending,Pending
ORD12419,16-10-2025,CUST1203,PROD004,Smart Watch,Electronics,East,1,14000,700,13300,8000,5300,Completed,Paid
ORD12420,16-10-2025,CUST1170,PROD004,Smart Watch,Electronics,Central,2,14000,1400,26600,16000,10600,Completed,Paid
ORD12421,16-10-2025,CUST1074,PROD013,Air Fryer,Home & Kitchen,Central,5,9500,2375,45125,27500,17625,Completed,Paid
ORD12422,16-10-2025,CUST1313,PROD001,Laptop,Electronics,West,2,50000,10000,90000,70000,20000,Completed,Paid
ORD12423,16-10-2025,CUST1315,PROD002,Smartphone,Electronics,Central,1,32000,0,32000,22000,10000,Completed,Paid
ORD12424,17-10-2025,CUST1308,PROD013,Air Fryer,Home & Kitchen,North,3,9500,0,28500,16500,12000,Completed,Paid
ORD12425,17-10-2025,CUST1374,PROD002,Smartphone,Electronics,West,1,32000,4800,27200,22000,5200,Cancelled,Failed
ORD12426,17-10-2025,CUST1413,PROD007,Bookshelf,Furniture,East,2,8500,0,17000,10000,7000,Completed,Paid
ORD12427,17-10-2025,CUST1094,PROD002,Smartphone,Electronics,West,1,32000,3200,28800,22000,6800,Completed,Paid
ORD12428,17-10-2025,CUST1256,PROD002,Smartphone,Electronics,North,1,32000,0,32000,22000,10000,Completed,Paid
ORD12429,17-10-2025,CUST1332,PROD011,Leather Formal Shoes,Footwear,South,1,6500,650,5850,3000,2850,Cancelled,Failed
ORD12430,17-10-2025,CUST1011,PROD010,Running Shoes,Footwear,South,5,5500,0,27500,12500,15000,Completed,Paid
ORD12431,17-10-2025,CUST1049,PROD003,Wireless Headphones,Electronics,South,4,6000,1200,22800,14000,8800,Completed,Paid
ORD12432,17-10-2025,CUST1168,PROD007,Bookshelf,Furniture,West,1,8500,1275,7225,5000,2225,Cancelled,Failed
ORD12433,17-10-2025,CUST1440,PROD002,Smartphone,Electronics,North,1,32000,1600,30400,22000,8400,Completed,Paid
ORD12434,17-10-2025,CUST1275,PROD004,Smart Watch,Electronics,West,1,14000,700,13300,8000,5300,Completed,Paid
ORD12435,17-10-2025,CUST1308,PROD006,Standing Desk,Furniture,Central,1,22000,0,22000,14000,8000,Completed,Paid
ORD12436,17-10-2025,CUST1260,PROD003,Wireless Headphones,Electronics,East,1,6000,0,6000,3500,2500,Cancelled,Refunded
ORD12437,18-10-2025,CUST1150,PROD002,Smartphone,Electronics,West,2,32000,3200,60800,44000,16800,Completed,Paid
ORD12438,18-10-2025,CUST1052,PROD008,Cotton T-Shirt Pack,Apparel,North,2,1500,450,2550,1200,1350,Completed,Paid
ORD12439,18-10-2025,CUST1233,PROD011,Leather Formal Shoes,Footwear,Central,3,6500,1950,17550,9000,8550,Completed,Paid
ORD12440,18-10-2025,CUST1343,PROD009,Denim Jeans,Apparel,South,1,2800,0,2800,1200,1600,Completed,Paid
ORD12441,18-10-2025,CUST1419,PROD008,Cotton T-Shirt Pack,Apparel,North,2,1500,0,3000,1200,1800,Completed,Paid
ORD12442,18-10-2025,CUST1246,PROD013,Air Fryer,Home & Kitchen,Central,1,9500,475,9025,5500,3525,Pending,Paid
ORD12443,18-10-2025,CUST1270,PROD010,Running Shoes,Footwear,Central,2,5500,550,10450,5000,5450,Cancelled,Refunded
ORD12444,18-10-2025,CUST1145,PROD006,Standing Desk,Furniture,North,1,22000,0,22000,14000,8000,Pending,Paid
ORD12445,18-10-2025,CUST1207,PROD007,Bookshelf,Furniture,East,1,8500,0,8500,5000,3500,Completed,Paid
ORD12446,18-10-2025,CUST1165,PROD009,Denim Jeans,Apparel,East,2,2800,0,5600,2400,3200,Completed,Paid
ORD12447,18-10-2025,CUST1395,PROD011,Leather Formal Shoes,Footwear,South,2,6500,0,13000,6000,7000,Completed,Paid
ORD12448,18-10-2025,CUST1158,PROD010,Running Shoes,Footwear,Central,2,5500,550,10450,5000,5450,Pending,Pending
ORD12449,18-10-2025,CUST1274,PROD001,Laptop,Electronics,South,4,50000,0,200000,140000,60000,Completed,Paid
ORD12450,18-10-2025,CUST1276,PROD001,Laptop,Electronics,East,2,50000,5000,95000,70000,25000,Completed,Paid
ORD12451,19-10-2025,CUST1190,PROD011,Leather Formal Shoes,Footwear,South,3,6500,0,19500,9000,10500,Completed,Paid
ORD12452,19-10-2025,CUST1114,PROD012,Coffee Maker,Home & Kitchen,West,1,7500,0,7500,4000,3500,Completed,Paid
ORD12453,19-10-2025,CUST1293,PROD011,Leather Formal Shoes,Footwear,Central,1,6500,975,5525,3000,2525,Completed,Paid
ORD12454,19-10-2025,CUST1353,PROD002,Smartphone,Electronics,West,1,32000,0,32000,22000,10000,Completed,Paid
ORD12455,19-10-2025,CUST1091,PROD007,Bookshelf,Furniture,North,1,8500,850,7650,5000,2650,Completed,Paid
ORD12456,19-10-2025,CUST1080,PROD003,Wireless Headphones,Electronics,Central,1,6000,300,5700,3500,2200,Completed,Paid
ORD12457,19-10-2025,CUST1349,PROD010,Running Shoes,Footwear,West,1,5500,550,4950,2500,2450,Pending,Paid
ORD12458,19-10-2025,CUST1210,PROD012,Coffee Maker,Home & Kitchen,South,1,7500,0,7500,4000,3500,Completed,Paid
ORD12459,19-10-2025,CUST1432,PROD004,Smart Watch,Electronics,East,1,14000,0,14000,8000,6000,Pending,Paid
ORD12460,19-10-2025,CUST1022,PROD012,Coffee Maker,Home & Kitchen,East,1,7500,375,7125,4000,3125,Completed,Paid
ORD12461,19-10-2025,CUST1327,PROD002,Smartphone,Electronics,South,1,32000,3200,28800,22000,6800,Completed,Paid
ORD12462,19-10-2025,CUST1094,PROD009,Denim Jeans,Apparel,West,1,2800,280,2520,1200,1320,Pending,Paid
ORD12463,19-10-2025,CUST1146,PROD009,Denim Jeans,Apparel,West,1,2800,140,2660,1200,1460,Completed,Paid
ORD12464,19-10-2025,CUST1390,PROD002,Smartphone,Electronics,East,3,32000,9600,86400,66000,20400,Completed,Paid
ORD12465,19-10-2025,CUST1285,PROD014,Backpack,Accessories,East,1,2200,110,2090,900,1190,Completed,Paid
ORD12466,19-10-2025,CUST1241,PROD008,Cotton T-Shirt Pack,Apparel,South,1,1500,0,1500,600,900,Completed,Paid
ORD12467,20-10-2025,CUST1043,PROD013,Air Fryer,Home & Kitchen,South,1,9500,475,9025,5500,3525,Completed,Paid
ORD12468,20-10-2025,CUST1379,PROD003,Wireless Headphones,Electronics,East,2,6000,0,12000,7000,5000,Cancelled,Refunded
ORD12469,20-10-2025,CUST1394,PROD004,Smart Watch,Electronics,West,1,14000,0,14000,8000,6000,Completed,Paid
ORD12470,20-10-2025,CUST1175,PROD014,Backpack,Accessories,West,4,2200,0,8800,3600,5200,Completed,Paid
ORD12471,20-10-2025,CUST1330,PROD001,Laptop,Electronics,East,1,50000,7500,42500,35000,7500,Cancelled,Refunded
ORD12472,20-10-2025,CUST1116,PROD003,Wireless Headphones,Electronics,North,1,6000,600,5400,3500,1900,Completed,Paid
ORD12473,20-10-2025,CUST1447,PROD008,Cotton T-Shirt Pack,Apparel,South,3,1500,225,4275,1800,2475,Completed,Paid
ORD12474,20-10-2025,CUST1286,PROD003,Wireless Headphones,Electronics,North,2,6000,0,12000,7000,5000,Completed,Paid
ORD12475,20-10-2025,CUST1351,PROD002,Smartphone,Electronics,East,2,32000,0,64000,44000,20000,Pending,Pending
ORD12476,21-10-2025,CUST1165,PROD006,Standing Desk,Furniture,South,1,22000,0,22000,14000,8000,Completed,Paid
ORD12477,21-10-2025,CUST1004,PROD007,Bookshelf,Furniture,South,2,8500,1700,15300,10000,5300,Cancelled,Refunded
ORD12478,21-10-2025,CUST1439,PROD004,Smart Watch,Electronics,South,2,14000,0,28000,16000,12000,Pending,Paid
ORD12479,21-10-2025,CUST1293,PROD011,Leather Formal Shoes,Footwear,East,1,6500,325,6175,3000,3175,Completed,Paid
ORD12480,21-10-2025,CUST1384,PROD004,Smart Watch,Electronics,East,2,14000,0,28000,16000,12000,Pending,Paid
ORD12481,21-10-2025,CUST1246,PROD003,Wireless Headphones,Electronics,East,2,6000,0,12000,7000,5000,Completed,Paid
ORD12482,21-10-2025,CUST1147,PROD011,Leather Formal Shoes,Footwear,North,4,6500,0,26000,12000,14000,Completed,Paid
ORD12483,21-10-2025,CUST1083,PROD006,Standing Desk,Furniture,South,1,22000,0,22000,14000,8000,Completed,Paid
ORD12484,21-10-2025,CUST1236,PROD007,Bookshelf,Furniture,Central,3,8500,3825,21675,15000,6675,Completed,Paid
ORD12485,21-10-2025,CUST1431,PROD011,Leather Formal Shoes,Footwear,West,1,6500,0,6500,3000,3500,Completed,Paid
ORD12486,21-10-2025,CUST1236,PROD012,Coffee Maker,Home & Kitchen,East,1,7500,0,7500,4000,3500,Completed,Paid
ORD12487,21-10-2025,CUST1173,PROD006,Standing Desk,Furniture,East,1,22000,1100,20900,14000,6900,Completed,Paid
ORD12488,21-10-2025,CUST1112,PROD012,Coffee Maker,Home & Kitchen,North,2,7500,2250,12750,8000,4750,Pending,Paid
ORD12489,22-10-2025,CUST1281,PROD014,Backpack,Accessories,East,1,2200,0,2200,900,1300,Completed,Paid
ORD12490,22-10-2025,CUST1073,PROD008,Cotton T-Shirt Pack,Apparel,South,2,1500,150,2850,1200,1650,Cancelled,Failed
ORD12491,22-10-2025,CUST1027,PROD004,Smart Watch,Electronics,North,1,14000,1400,12600,8000,4600,Pending,Paid
ORD12492,22-10-2025,CUST1265,PROD007,Bookshelf,Furniture,North,4,8500,0,34000,20000,14000,Completed,Paid
ORD12493,22-10-2025,CUST1198,PROD010,Running Shoes,Footwear,North,1,5500,550,4950,2500,2450,Cancelled,Refunded
ORD12494,22-10-2025,CUST1329,PROD007,Bookshelf,Furniture,Central,2,8500,0,17000,10000,7000,Completed,Paid
ORD12495,22-10-2025,CUST1163,PROD008,Cotton T-Shirt Pack,Apparel,North,3,1500,0,4500,1800,2700,Completed,Paid
ORD12496,22-10-2025,CUST1162,PROD010,Running Shoes,Footwear,Central,2,5500,550,10450,5000,5450,Completed,Paid
ORD12497,22-10-2025,CUST1347,PROD002,Smartphone,Electronics,South,1,32000,0,32000,22000,10000,Completed,Paid
ORD12498,22-10-2025,CUST1170,PROD014,Backpack,Accessories,South,1,2200,330,1870,900,970,Completed,Paid
ORD12499,22-10-2025,CUST1381,PROD003,Wireless Headphones,Electronics,North,1,6000,0,6000,3500,2500,Cancelled,Failed
ORD12500,23-10-2025,CUST1425,PROD008,Cotton T-Shirt Pack,Apparel,East,1,1500,0,1500,600,900,Completed,Paid
ORD12501,23-10-2025,CUST1052,PROD013,Air Fryer,Home & Kitchen,Central,1,9500,950,8550,5500,3050,Completed,Paid
ORD12502,23-10-2025,CUST1213,PROD002,Smartphone,Electronics,Central,3,32000,0,96000,66000,30000,Cancelled,Failed
ORD12503,23-10-2025,CUST1359,PROD005,Office Chair,Furniture,North,5,15000,3750,71250,45000,26250,Completed,Paid
ORD12504,23-10-2025,CUST1228,PROD002,Smartphone,Electronics,South,1,32000,0,32000,22000,10000,Completed,Paid
ORD12505,23-10-2025,CUST1245,PROD003,Wireless Headphones,Electronics,South,2,6000,1800,10200,7000,3200,Completed,Paid
ORD12506,23-10-2025,CUST1226,PROD010,Running Shoes,Footwear,Central,1,5500,550,4950,2500,2450,Completed,Paid
ORD12507,23-10-2025,CUST1344,PROD010,Running Shoes,Footwear,West,3,5500,2475,14025,7500,6525,Completed,Paid
ORD12508,23-10-2025,CUST1036,PROD003,Wireless Headphones,Electronics,North,2,6000,600,11400,7000,4400,Completed,Paid
ORD12509,23-10-2025,CUST1057,PROD013,Air Fryer,Home & Kitchen,North,4,9500,0,38000,22000,16000,Pending,Pending
ORD12510,23-10-2025,CUST1182,PROD010,Running Shoes,Footwear,East,1,5500,550,4950,2500,2450,Completed,Paid
ORD12511,23-10-2025,CUST1087,PROD006,Standing Desk,Furniture,West,1,22000,0,22000,14000,8000,Cancelled,Refunded
ORD12512,24-10-2025,CUST1164,PROD003,Wireless Headphones,Electronics,South,2,6000,1200,10800,7000,3800,Completed,Paid
ORD12513,24-10-2025,CUST1230,PROD007,Bookshelf,Furniture,West,1,8500,850,7650,5000,2650,Pending,Paid
ORD12514,24-10-2025,CUST1338,PROD002,Smartphone,Electronics,West,2,32000,0,64000,44000,20000,Cancelled,Refunded
ORD12515,24-10-2025,CUST1377,PROD010,Running Shoes,Footwear,South,1,5500,0,5500,2500,3000,Completed,Paid
ORD12516,24-10-2025,CUST1195,PROD007,Bookshelf,Furniture,South,2,8500,0,17000,10000,7000,Completed,Paid
ORD12517,24-10-2025,CUST1172,PROD006,Standing Desk,Furniture,Central,3,22000,6600,59400,42000,17400,Completed,Paid
ORD12518,24-10-2025,CUST1363,PROD006,Standing Desk,Furniture,North,4,22000,8800,79200,56000,23200,Cancelled,Refunded
ORD12519,24-10-2025,CUST1251,PROD005,Office Chair,Furniture,West,1,15000,0,15000,9000,6000,Pending,Pending
ORD12520,24-10-2025,CUST1413,PROD011,Leather Formal Shoes,Footwear,West,3,6500,1950,17550,9000,8550,Completed,Paid
ORD12521,24-10-2025,CUST1416,PROD003,Wireless Headphones,Electronics,South,1,6000,0,6000,3500,2500,Completed,Paid
ORD12522,24-10-2025,CUST1079,PROD010,Running Shoes,Footwear,North,2,5500,1100,9900,5000,4900,Completed,Paid
ORD12523,24-10-2025,CUST1371,PROD001,Laptop,Electronics,West,3,50000,7500,142500,105000,37500,Completed,Paid
ORD12524,24-10-2025,CUST1299,PROD011,Leather Formal Shoes,Footwear,East,2,6500,0,13000,6000,7000,Pending,Pending
ORD12525,24-10-2025,CUST1314,PROD002,Smartphone,Electronics,South,2,32000,0,64000,44000,20000,Pending,Pending
ORD12526,24-10-2025,CUST1096,PROD002,Smartphone,Electronics,South,1,32000,3200,28800,22000,6800,Completed,Paid
ORD12527,25-10-2025,CUST1026,PROD012,Coffee Maker,Home & Kitchen,South,1,7500,375,7125,4000,3125,Completed,Paid
ORD12528,25-10-2025,CUST1244,PROD014,Backpack,Accessories,North,2,2200,220,4180,1800,2380,Pending,Pending
ORD12529,25-10-2025,CUST1241,PROD005,Office Chair,Furniture,Central,3,15000,0,45000,27000,18000,Completed,Paid
ORD12530,25-10-2025,CUST1260,PROD001,Laptop,Electronics,South,1,50000,0,50000,35000,15000,Completed,Paid
ORD12531,25-10-2025,CUST1450,PROD009,Denim Jeans,Apparel,Central,5,2800,700,13300,6000,7300,Pending,Pending
ORD12532,25-10-2025,CUST1097,PROD003,Wireless Headphones,Electronics,West,2,6000,0,12000,7000,5000,Completed,Paid
ORD12533,25-10-2025,CUST1326,PROD014,Backpack,Accessories,Central,1,2200,0,2200,900,1300,Pending,Paid
ORD12534,25-10-2025,CUST1112,PROD007,Bookshelf,Furniture,West,3,8500,2550,22950,15000,7950,Cancelled,Refunded
ORD12535,25-10-2025,CUST1336,PROD011,Leather Formal Shoes,Footwear,West,1,6500,0,6500,3000,3500,Completed,Paid
ORD12536,25-10-2025,CUST1033,PROD008,Cotton T-Shirt Pack,Apparel,West,3,1500,0,4500,1800,2700,Completed,Paid
ORD12537,25-10-2025,CUST1041,PROD011,Leather Formal Shoes,Footwear,East,1,6500,650,5850,3000,2850,Completed,Paid
ORD12538,25-10-2025,CUST1164,PROD010,Running Shoes,Footwear,West,2,5500,550,10450,5000,5450,Completed,Paid
ORD12539,25-10-2025,CUST1292,PROD005,Office Chair,Furniture,West,1,15000,1500,13500,9000,4500,Completed,Paid
ORD12540,26-10-2025,CUST1256,PROD005,Office Chair,Furniture,East,1,15000,2250,12750,9000,3750,Completed,Paid
ORD12541,26-10-2025,CUST1117,PROD010,Running Shoes,Footwear,North,1,5500,0,5500,2500,3000,Completed,Paid
ORD12542,26-10-2025,CUST1237,PROD006,Standing Desk,Furniture,East,1,22000,2200,19800,14000,5800,Completed,Paid
ORD12543,26-10-2025,CUST1079,PROD003,Wireless Headphones,Electronics,East,1,6000,0,6000,3500,2500,Completed,Paid
ORD12544,26-10-2025,CUST1404,PROD006,Standing Desk,Furniture,East,5,22000,5500,104500,70000,34500,Completed,Paid
ORD12545,26-10-2025,CUST1188,PROD001,Laptop,Electronics,East,2,50000,5000,95000,70000,25000,Completed,Paid
ORD12546,26-10-2025,CUST1078,PROD010,Running Shoes,Footwear,North,1,5500,0,5500,2500,3000,Completed,Paid
ORD12547,26-10-2025,CUST1077,PROD005,Office Chair,Furniture,West,1,15000,750,14250,9000,5250,Completed,Paid
ORD12548,26-10-2025,CUST1156,PROD014,Backpack,Accessories,Central,1,2200,0,2200,900,1300,Cancelled,Failed
ORD12549,26-10-2025,CUST1222,PROD007,Bookshelf,Furniture,North,1,8500,425,8075,5000,3075,Completed,Paid
ORD12550,26-10-2025,CUST1055,PROD002,Smartphone,Electronics,West,2,32000,3200,60800,44000,16800,Completed,Paid
ORD12551,26-10-2025,CUST1121,PROD009,Denim Jeans,Apparel,East,3,2800,0,8400,3600,4800,Completed,Paid
ORD12552,26-10-2025,CUST1158,PROD011,Leather Formal Shoes,Footwear,North,1,6500,0,6500,3000,3500,Cancelled,Failed
ORD12553,26-10-2025,CUST1314,PROD002,Smartphone,Electronics,Central,1,32000,0,32000,22000,10000,Pending,Paid
ORD12554,27-10-2025,CUST1443,PROD003,Wireless Headphones,Electronics,West,2,6000,600,11400,7000,4400,Completed,Paid
ORD12555,27-10-2025,CUST1229,PROD006,Standing Desk,Furniture,East,1,22000,3300,18700,14000,4700,Pending,Pending
ORD12556,27-10-2025,CUST1447,PROD006,Standing Desk,Furniture,East,2,22000,2200,41800,28000,13800,Cancelled,Failed
ORD12557,27-10-2025,CUST1358,PROD004,Smart Watch,Electronics,North,4,14000,5600,50400,32000,18400,Cancelled,Refunded
ORD12558,27-10-2025,CUST1363,PROD010,Running Shoes,Footwear,Central,1,5500,550,4950,2500,2450,Completed,Paid
ORD12559,27-10-2025,CUST1289,PROD008,Cotton T-Shirt Pack,Apparel,South,1,1500,150,1350,600,750,Completed,Paid
ORD12560,27-10-2025,CUST1385,PROD003,Wireless Headphones,Electronics,Central,1,6000,300,5700,3500,2200,Completed,Paid
ORD12561,27-10-2025,CUST1309,PROD012,Coffee Maker,Home & Kitchen,West,1,7500,0,7500,4000,3500,Completed,Paid
ORD12562,27-10-2025,CUST1406,PROD013,Air Fryer,Home & Kitchen,West,2,9500,0,19000,11000,8000,Completed,Paid
ORD12563,27-10-2025,CUST1243,PROD004,Smart Watch,Electronics,North,2,14000,0,28000,16000,12000,Cancelled,Failed
ORD12564,27-10-2025,CUST1288,PROD003,Wireless Headphones,Electronics,West,4,6000,1200,22800,14000,8800,Completed,Paid
ORD12565,27-10-2025,CUST1310,PROD009,Denim Jeans,Apparel,North,3,2800,420,7980,3600,4380,Cancelled,Refunded
ORD12566,27-10-2025,CUST1152,PROD012,Coffee Maker,Home & Kitchen,South,2,7500,0,15000,8000,7000,Cancelled,Failed
ORD12567,28-10-2025,CUST1405,PROD007,Bookshelf,Furniture,East,2,8500,1700,15300,10000,5300,Completed,Paid
ORD12568,28-10-2025,CUST1134,PROD004,Smart Watch,Electronics,North,1,14000,0,14000,8000,6000,Pending,Paid
ORD12569,28-10-2025,CUST1041,PROD006,Standing Desk,Furniture,East,2,22000,6600,37400,28000,9400,Completed,Paid
ORD12570,28-10-2025,CUST1321,PROD007,Bookshelf,Furniture,Central,1,8500,0,8500,5000,3500,Completed,Paid
ORD12571,28-10-2025,CUST1056,PROD005,Office Chair,Furniture,East,1,15000,1500,13500,9000,4500,Completed,Paid
ORD12572,28-10-2025,CUST1146,PROD003,Wireless Headphones,Electronics,Central,1,6000,900,5100,3500,1600,Completed,Paid
ORD12573,28-10-2025,CUST1027,PROD014,Backpack,Accessories,West,2,2200,0,4400,1800,2600,Completed,Paid
ORD12574,28-10-2025,CUST1426,PROD012,Coffee Maker,Home & Kitchen,East,2,7500,750,14250,8000,6250,Pending,Paid
ORD12575,28-10-2025,CUST1203,PROD003,Wireless Headphones,Electronics,West,2,6000,1200,10800,7000,3800,Pending,Paid
ORD12576,29-10-2025,CUST1290,PROD013,Air Fryer,Home & Kitchen,Central,1,9500,475,9025,5500,3525,Pending,Pending
ORD12577,29-10-2025,CUST1255,PROD002,Smartphone,Electronics,South,1,32000,0,32000,22000,10000,Completed,Paid
ORD12578,29-10-2025,CUST1366,PROD004,Smart Watch,Electronics,South,2,14000,4200,23800,16000,7800,Completed,Paid
ORD12579,29-10-2025,CUST1042,PROD007,Bookshelf,Furniture,West,2,8500,850,16150,10000,6150,Cancelled,Refunded
ORD12580,29-10-2025,CUST1269,PROD007,Bookshelf,Furniture,East,2,8500,850,16150,10000,6150,Completed,Paid
ORD12581,29-10-2025,CUST1417,PROD004,Smart Watch,Electronics,East,1,14000,1400,12600,8000,4600,Completed,Paid
ORD12582,29-10-2025,CUST1117,PROD004,Smart Watch,Electronics,South,2,14000,1400,26600,16000,10600,Completed,Paid
ORD12583,29-10-2025,CUST1330,PROD014,Backpack,Accessories,North,1,2200,0,2200,900,1300,Completed,Paid
ORD12584,29-10-2025,CUST1079,PROD014,Backpack,Accessories,North,2,2200,0,4400,1800,2600,Pending,Paid
ORD12585,29-10-2025,CUST1010,PROD009,Denim Jeans,Apparel,West,1,2800,140,2660,1200,1460,Pending,Paid
ORD12586,30-10-2025,CUST1035,PROD001,Laptop,Electronics,North,2,50000,0,100000,70000,30000,Cancelled,Failed
ORD12587,30-10-2025,CUST1004,PROD006,Standing Desk,Furniture,South,2,22000,0,44000,28000,16000,Completed,Paid
ORD12588,30-10-2025,CUST1204,PROD004,Smart Watch,Electronics,North,2,14000,4200,23800,16000,7800,Pending,Paid
ORD12589,30-10-2025,CUST1137,PROD009,Denim Jeans,Apparel,West,2,2800,0,5600,2400,3200,Completed,Paid
ORD12590,30-10-2025,CUST1387,PROD010,Running Shoes,Footwear,West,1,5500,0,5500,2500,3000,Completed,Paid
ORD12591,30-10-2025,CUST1202,PROD002,Smartphone,Electronics,West,1,32000,0,32000,22000,10000,Pending,Paid
ORD12592,30-10-2025,CUST1105,PROD003,Wireless Headphones,Electronics,South,1,6000,600,5400,3500,1900,Pending,Pending
ORD12593,30-10-2025,CUST1103,PROD013,Air Fryer,Home & Kitchen,Central,2,9500,0,19000,11000,8000,Pending,Pending
ORD12594,30-10-2025,CUST1304,PROD014,Backpack,Accessories,West,1,2200,0,2200,900,1300,Pending,Pending
ORD12595,30-10-2025,CUST1291,PROD014,Backpack,Accessories,West,1,2200,0,2200,900,1300,Completed,Paid
ORD12596,30-10-2025,CUST1111,PROD014,Backpack,Accessories,North,3,2200,0,6600,2700,3900,Pending,Paid
ORD12597,30-10-2025,CUST1369,PROD006,Standing Desk,Furniture,East,5,22000,5500,104500,70000,34500,Completed,Paid
ORD12598,31-10-2025,CUST1246,PROD009,Denim Jeans,Apparel,Central,1,2800,420,2380,1200,1180,Completed,Paid
ORD12599,31-10-2025,CUST1040,PROD010,Running Shoes,Footwear,South,3,5500,1650,14850,7500,7350,Cancelled,Refunded
ORD12600,31-10-2025,CUST1439,PROD001,Laptop,Electronics,West,4,50000,0,200000,140000,60000,Completed,Paid
ORD12601,31-10-2025,CUST1374,PROD010,Running Shoes,Footwear,North,1,5500,0,5500,2500,3000,Pending,Pending
ORD12602,31-10-2025,CUST1217,PROD012,Coffee Maker,Home & Kitchen,West,1,7500,0,7500,4000,3500,Completed,Paid
ORD12603,31-10-2025,CUST1153,PROD013,Air Fryer,Home & Kitchen,South,3,9500,0,28500,16500,12000,Completed,Paid
ORD12604,31-10-2025,CUST1234,PROD013,Air Fryer,Home & Kitchen,North,1,9500,475,9025,5500,3525,Pending,Pending
ORD12605,31-10-2025,CUST1244,PROD003,Wireless Headphones,Electronics,South,1,6000,600,5400,3500,1900,Completed,Paid
ORD12606,31-10-2025,CUST1446,PROD010,Running Shoes,Footwear,Central,1,5500,0,5500,2500,3000,Cancelled,Failed
ORD12607,31-10-2025,CUST1033,PROD012,Coffee Maker,Home & Kitchen,North,1,7500,0,7500,4000,3500,Completed,Paid
ORD12608,31-10-2025,CUST1016,PROD001,Laptop,Electronics,East,1,50000,2500,47500,35000,12500,Completed,Paid
ORD12609,31-10-2025,CUST1007,PROD010,Running Shoes,Footwear,South,2,5500,1650,9350,5000,4350,Completed,Paid
ORD12610,31-10-2025,CUST1364,PROD005,Office Chair,Furniture,East,1,15000,0,15000,9000,6000,Pending,Paid
ORD12611,31-10-2025,CUST1447,PROD004,Smart Watch,Electronics,North,2,14000,2800,25200,16000,9200,Pending,Pending
ORD12612,31-10-2025,CUST1448,PROD010,Running Shoes,Footwear,East,2,5500,1100,9900,5000,4900,Completed,Paid
ORD12613,01-11-2025,CUST1435,PROD012,Coffee Maker,Home & Kitchen,South,1,7500,0,7500,4000,3500,Completed,Paid
ORD12614,01-11-2025,CUST1234,PROD014,Backpack,Accessories,East,2,2200,0,4400,1800,2600,Completed,Paid
ORD12615,01-11-2025,CUST1372,PROD009,Denim Jeans,Apparel,Central,1,2800,280,2520,1200,1320,Completed,Paid
ORD12616,01-11-2025,CUST1209,PROD003,Wireless Headphones,Electronics,Central,1,6000,300,5700,3500,2200,Completed,Paid
ORD12617,01-11-2025,CUST1393,PROD005,Office Chair,Furniture,North,3,15000,4500,40500,27000,13500,Completed,Paid
ORD12618,01-11-2025,CUST1346,PROD009,Denim Jeans,Apparel,East,1,2800,0,2800,1200,1600,Cancelled,Failed
ORD12619,01-11-2025,CUST1071,PROD006,Standing Desk,Furniture,West,2,22000,2200,41800,28000,13800,Cancelled,Refunded
ORD12620,01-11-2025,CUST1022,PROD006,Standing Desk,Furniture,Central,3,22000,9900,56100,42000,14100,Completed,Paid
ORD12621,01-11-2025,CUST1307,PROD006,Standing Desk,Furniture,Central,2,22000,4400,39600,28000,11600,Cancelled,Refunded
ORD12622,01-11-2025,CUST1418,PROD013,Air Fryer,Home & Kitchen,North,3,9500,0,28500,16500,12000,Completed,Paid
ORD12623,01-11-2025,CUST1058,PROD009,Denim Jeans,Apparel,Central,1,2800,0,2800,1200,1600,Completed,Paid
ORD12624,01-11-2025,CUST1131,PROD009,Denim Jeans,Apparel,North,2,2800,280,5320,2400,2920,Completed,Paid
ORD12625,01-11-2025,CUST1251,PROD002,Smartphone,Electronics,West,2,32000,6400,57600,44000,13600,Cancelled,Failed
ORD12626,01-11-2025,CUST1268,PROD011,Leather Formal Shoes,Footwear,East,1,6500,0,6500,3000,3500,Completed,Paid
ORD12627,01-11-2025,CUST1353,PROD013,Air Fryer,Home & Kitchen,South,1,9500,475,9025,5500,3525,Completed,Paid
ORD12628,01-11-2025,CUST1428,PROD012,Coffee Maker,Home & Kitchen,North,2,7500,1500,13500,8000,5500,Cancelled,Refunded
ORD12629,01-11-2025,CUST1254,PROD003,Wireless Headphones,Electronics,South,2,6000,0,12000,7000,5000,Completed,Paid
ORD12630,02-11-2025,CUST1423,PROD004,Smart Watch,Electronics,Central,2,14000,4200,23800,16000,7800,Completed,Paid
ORD12631,02-11-2025,CUST1013,PROD001,Laptop,Electronics,South,1,50000,0,50000,35000,15000,Pending,Pending
ORD12632,02-11-2025,CUST1035,PROD005,Office Chair,Furniture,East,4,15000,0,60000,36000,24000,Completed,Paid
ORD12633,02-11-2025,CUST1339,PROD007,Bookshelf,Furniture,South,2,8500,0,17000,10000,7000,Completed,Paid
ORD12634,02-11-2025,CUST1192,PROD004,Smart Watch,Electronics,West,1,14000,700,13300,8000,5300,Completed,Paid
ORD12635,02-11-2025,CUST1326,PROD010,Running Shoes,Footwear,Central,1,5500,275,5225,2500,2725,Completed,Paid
ORD12636,02-11-2025,CUST1256,PROD006,Standing Desk,Furniture,West,1,22000,2200,19800,14000,5800,Completed,Paid
ORD12637,02-11-2025,CUST1386,PROD009,Denim Jeans,Apparel,South,1,2800,140,2660,1200,1460,Completed,Paid
ORD12638,02-11-2025,CUST1351,PROD008,Cotton T-Shirt Pack,Apparel,South,1,1500,225,1275,600,675,Completed,Paid
ORD12639,02-11-2025,CUST1244,PROD005,Office Chair,Furniture,Central,1,15000,0,15000,9000,6000,Pending,Pending
ORD12640,02-11-2025,CUST1233,PROD007,Bookshelf,Furniture,West,1,8500,1275,7225,5000,2225,Completed,Paid
ORD12641,02-11-2025,CUST1166,PROD005,Office Chair,Furniture,Central,2,15000,3000,27000,18000,9000,Completed,Paid
ORD12642,02-11-2025,CUST1315,PROD007,Bookshelf,Furniture,South,1,8500,0,8500,5000,3500,Pending,Pending
ORD12643,02-11-2025,CUST1260,PROD008,Cotton T-Shirt Pack,Apparel,South,2,1500,150,2850,1200,1650,Pending,Paid
ORD12644,03-11-2025,CUST1335,PROD012,Coffee Maker,Home & Kitchen,South,1,7500,0,7500,4000,3500,Cancelled,Failed
ORD12645,03-11-2025,CUST1090,PROD008,Cotton T-Shirt Pack,Apparel,West,3,1500,0,4500,1800,2700,Cancelled,Failed
ORD12646,03-11-2025,CUST1219,PROD002,Smartphone,Electronics,North,4,32000,0,128000,88000,40000,Completed,Paid
ORD12647,03-11-2025,CUST1249,PROD004,Smart Watch,Electronics,South,1,14000,1400,12600,8000,4600,Pending,Pending
ORD12648,03-11-2025,CUST1396,PROD007,Bookshelf,Furniture,South,1,8500,0,8500,5000,3500,Pending,Paid
ORD12649,03-11-2025,CUST1118,PROD012,Coffee Maker,Home & Kitchen,East,3,7500,3375,19125,12000,7125,Completed,Paid
ORD12650,03-11-2025,CUST1052,PROD003,Wireless Headphones,Electronics,North,1,6000,900,5100,3500,1600,Cancelled,Refunded
ORD12651,03-11-2025,CUST1225,PROD008,Cotton T-Shirt Pack,Apparel,West,2,1500,0,3000,1200,1800,Pending,Paid
ORD12652,03-11-2025,CUST1326,PROD009,Denim Jeans,Apparel,South,1,2800,0,2800,1200,1600,Completed,Paid
ORD12653,03-11-2025,CUST1286,PROD012,Coffee Maker,Home & Kitchen,East,1,7500,0,7500,4000,3500,Pending,Paid
ORD12654,03-11-2025,CUST1244,PROD007,Bookshelf,Furniture,Central,3,8500,3825,21675,15000,6675,Completed,Paid
ORD12655,03-11-2025,CUST1062,PROD001,Laptop,Electronics,North,1,50000,0,50000,35000,15000,Completed,Paid
ORD12656,04-11-2025,CUST1338,PROD009,Denim Jeans,Apparel,West,2,2800,280,5320,2400,2920,Pending,Pending
ORD12657,04-11-2025,CUST1299,PROD007,Bookshelf,Furniture,South,2,8500,0,17000,10000,7000,Completed,Paid
ORD12658,04-11-2025,CUST1154,PROD003,Wireless Headphones,Electronics,East,1,6000,0,6000,3500,2500,Completed,Paid
ORD12659,04-11-2025,CUST1058,PROD009,Denim Jeans,Apparel,West,2,2800,0,5600,2400,3200,Completed,Paid
ORD12660,04-11-2025,CUST1164,PROD004,Smart Watch,Electronics,East,3,14000,0,42000,24000,18000,Completed,Paid
ORD12661,04-11-2025,CUST1245,PROD008,Cotton T-Shirt Pack,Apparel,North,1,1500,0,1500,600,900,Pending,Pending
ORD12662,04-11-2025,CUST1075,PROD011,Leather Formal Shoes,Footwear,North,3,6500,0,19500,9000,10500,Completed,Paid
ORD12663,04-11-2025,CUST1245,PROD009,Denim Jeans,Apparel,South,2,2800,0,5600,2400,3200,Completed,Paid
ORD12664,04-11-2025,CUST1430,PROD011,Leather Formal Shoes,Footwear,West,4,6500,2600,23400,12000,11400,Completed,Paid
ORD12665,04-11-2025,CUST1031,PROD013,Air Fryer,Home & Kitchen,East,1,9500,0,9500,5500,4000,Completed,Paid
ORD12666,04-11-2025,CUST1015,PROD004,Smart Watch,Electronics,West,1,14000,700,13300,8000,5300,Completed,Paid
ORD12667,05-11-2025,CUST1066,PROD008,Cotton T-Shirt Pack,Apparel,Central,4,1500,300,5700,2400,3300,Completed,Paid
ORD12668,05-11-2025,CUST1331,PROD014,Backpack,Accessories,North,1,2200,110,2090,900,1190,Completed,Paid
ORD12669,05-11-2025,CUST1396,PROD002,Smartphone,Electronics,East,2,32000,0,64000,44000,20000,Cancelled,Refunded
ORD12670,05-11-2025,CUST1361,PROD013,Air Fryer,Home & Kitchen,North,2,9500,0,19000,11000,8000,Completed,Paid
ORD12671,05-11-2025,CUST1202,PROD005,Office Chair,Furniture,East,2,15000,4500,25500,18000,7500,Completed,Paid
ORD12672,05-11-2025,CUST1156,PROD014,Backpack,Accessories,Central,2,2200,660,3740,1800,1940,Completed,Paid
ORD12673,05-11-2025,CUST1262,PROD008,Cotton T-Shirt Pack,Apparel,East,2,1500,300,2700,1200,1500,Cancelled,Refunded
ORD12674,05-11-2025,CUST1241,PROD006,Standing Desk,Furniture,South,2,22000,6600,37400,28000,9400,Cancelled,Refunded
ORD12675,05-11-2025,CUST1129,PROD011,Leather Formal Shoes,Footwear,West,4,6500,2600,23400,12000,11400,Cancelled,Refunded
ORD12676,05-11-2025,CUST1161,PROD006,Standing Desk,Furniture,North,2,22000,0,44000,28000,16000,Completed,Paid
ORD12677,05-11-2025,CUST1099,PROD014,Backpack,Accessories,West,2,2200,0,4400,1800,2600,Completed,Paid
ORD12678,05-11-2025,CUST1307,PROD007,Bookshelf,Furniture,North,2,8500,1700,15300,10000,5300,Completed,Paid
ORD12679,05-11-2025,CUST1411,PROD013,Air Fryer,Home & Kitchen,West,1,9500,475,9025,5500,3525,Pending,Paid
ORD12680,06-11-2025,CUST1409,PROD008,Cotton T-Shirt Pack,Apparel,Central,2,1500,0,3000,1200,1800,Pending,Paid
ORD12681,06-11-2025,CUST1327,PROD004,Smart Watch,Electronics,North,2,14000,1400,26600,16000,10600,Completed,Paid
ORD12682,06-11-2025,CUST1094,PROD011,Leather Formal Shoes,Footwear,East,1,6500,0,6500,3000,3500,Pending,Paid
ORD12683,06-11-2025,CUST1291,PROD008,Cotton T-Shirt Pack,Apparel,Central,1,1500,0,1500,600,900,Completed,Paid
ORD12684,06-11-2025,CUST1130,PROD002,Smartphone,Electronics,East,3,32000,14400,81600,66000,15600,Completed,Paid
ORD12685,06-11-2025,CUST1035,PROD004,Smart Watch,Electronics,West,4,14000,2800,53200,32000,21200,Cancelled,Failed
ORD12686,06-11-2025,CUST1262,PROD010,Running Shoes,Footwear,East,1,5500,0,5500,2500,3000,Completed,Paid
ORD12687,06-11-2025,CUST1322,PROD008,Cotton T-Shirt Pack,Apparel,Central,1,1500,0,1500,600,900,Completed,Paid
ORD12688,06-11-2025,CUST1062,PROD003,Wireless Headphones,Electronics,North,1,6000,600,5400,3500,1900,Completed,Paid
ORD12689,07-11-2025,CUST1434,PROD002,Smartphone,Electronics,West,1,32000,1600,30400,22000,8400,Completed,Paid
ORD12690,07-11-2025,CUST1402,PROD002,Smartphone,Electronics,East,1,32000,3200,28800,22000,6800,Cancelled,Refunded
ORD12691,07-11-2025,CUST1006,PROD002,Smartphone,Electronics,West,5,32000,16000,144000,110000,34000,Completed,Paid
ORD12692,07-11-2025,CUST1221,PROD004,Smart Watch,Electronics,North,1,14000,700,13300,8000,5300,Completed,Paid
ORD12693,07-11-2025,CUST1283,PROD006,Standing Desk,Furniture,North,1,22000,1100,20900,14000,6900,Completed,Paid
ORD12694,07-11-2025,CUST1391,PROD004,Smart Watch,Electronics,North,3,14000,4200,37800,24000,13800,Completed,Paid
ORD12695,07-11-2025,CUST1278,PROD010,Running Shoes,Footwear,South,4,5500,0,22000,10000,12000,Pending,Paid
ORD12696,07-11-2025,CUST1415,PROD008,Cotton T-Shirt Pack,Apparel,South,1,1500,150,1350,600,750,Completed,Paid
ORD12697,07-11-2025,CUST1124,PROD008,Cotton T-Shirt Pack,Apparel,Central,1,1500,0,1500,600,900,Completed,Paid
ORD12698,07-11-2025,CUST1144,PROD002,Smartphone,Electronics,South,1,32000,0,32000,22000,10000,Cancelled,Failed
ORD12699,07-11-2025,CUST1229,PROD004,Smart Watch,Electronics,North,1,14000,0,14000,8000,6000,Pending,Paid
ORD12700,07-11-2025,CUST1227,PROD003,Wireless Headphones,Electronics,East,3,6000,1800,16200,10500,5700,Completed,Paid
ORD12701,08-11-2025,CUST1392,PROD005,Office Chair,Furniture,North,3,15000,2250,42750,27000,15750,Cancelled,Failed
ORD12702,08-11-2025,CUST1165,PROD001,Laptop,Electronics,East,2,50000,0,100000,70000,30000,Completed,Paid
ORD12703,08-11-2025,CUST1311,PROD004,Smart Watch,Electronics,West,1,14000,0,14000,8000,6000,Pending,Paid
ORD12704,08-11-2025,CUST1087,PROD013,Air Fryer,Home & Kitchen,East,1,9500,0,9500,5500,4000,Completed,Paid
ORD12705,08-11-2025,CUST1141,PROD004,Smart Watch,Electronics,West,3,14000,0,42000,24000,18000,Completed,Paid
ORD12706,08-11-2025,CUST1013,PROD011,Leather Formal Shoes,Footwear,Central,1,6500,325,6175,3000,3175,Completed,Paid
ORD12707,08-11-2025,CUST1366,PROD013,Air Fryer,Home & Kitchen,South,1,9500,0,9500,5500,4000,Completed,Paid
ORD12708,08-11-2025,CUST1011,PROD008,Cotton T-Shirt Pack,Apparel,East,2,1500,450,2550,1200,1350,Completed,Paid
ORD12709,08-11-2025,CUST1224,PROD005,Office Chair,Furniture,West,1,15000,0,15000,9000,6000,Completed,Paid
ORD12710,08-11-2025,CUST1246,PROD003,Wireless Headphones,Electronics,North,1,6000,300,5700,3500,2200,Cancelled,Refunded
ORD12711,08-11-2025,CUST1434,PROD001,Laptop,Electronics,East,1,50000,5000,45000,35000,10000,Completed,Paid
ORD12712,08-11-2025,CUST1363,PROD003,Wireless Headphones,Electronics,South,2,6000,600,11400,7000,4400,Completed,Paid
ORD12713,08-11-2025,CUST1041,PROD009,Denim Jeans,Apparel,West,1,2800,0,2800,1200,1600,Completed,Paid
ORD12714,08-11-2025,CUST1143,PROD014,Backpack,Accessories,North,1,2200,0,2200,900,1300,Cancelled,Refunded
ORD12715,08-11-2025,CUST1119,PROD014,Backpack,Accessories,South,2,2200,220,4180,1800,2380,Pending,Pending
ORD12716,08-11-2025,CUST1148,PROD009,Denim Jeans,Apparel,East,4,2800,1120,10080,4800,5280,Completed,Paid
ORD12717,09-11-2025,CUST1414,PROD004,Smart Watch,Electronics,Central,2,14000,0,28000,16000,12000,Completed,Paid
ORD12718,09-11-2025,CUST1138,PROD014,Backpack,Accessories,North,2,2200,440,3960,1800,2160,Cancelled,Failed
ORD12719,09-11-2025,CUST1371,PROD003,Wireless Headphones,Electronics,North,2,6000,0,12000,7000,5000,Completed,Paid
ORD12720,09-11-2025,CUST1167,PROD014,Backpack,Accessories,North,2,2200,220,4180,1800,2380,Completed,Paid
ORD12721,09-11-2025,CUST1257,PROD009,Denim Jeans,Apparel,South,1,2800,0,2800,1200,1600,Completed,Paid
ORD12722,09-11-2025,CUST1080,PROD014,Backpack,Accessories,North,1,2200,110,2090,900,1190,Completed,Paid
ORD12723,09-11-2025,CUST1294,PROD013,Air Fryer,Home & Kitchen,West,1,9500,475,9025,5500,3525,Pending,Pending
ORD12724,09-11-2025,CUST1366,PROD004,Smart Watch,Electronics,North,2,14000,2800,25200,16000,9200,Completed,Paid
ORD12725,09-11-2025,CUST1194,PROD003,Wireless Headphones,Electronics,South,1,6000,300,5700,3500,2200,Completed,Paid
ORD12726,09-11-2025,CUST1347,PROD013,Air Fryer,Home & Kitchen,East,2,9500,1900,17100,11000,6100,Cancelled,Failed
ORD12727,09-11-2025,CUST1332,PROD009,Denim Jeans,Apparel,West,2,2800,280,5320,2400,2920,Pending,Paid
ORD12728,09-11-2025,CUST1385,PROD005,Office Chair,Furniture,Central,4,15000,0,60000,36000,24000,Completed,Paid
ORD12729,10-11-2025,CUST1413,PROD001,Laptop,Electronics,North,1,50000,7500,42500,35000,7500,Completed,Paid
ORD12730,10-11-2025,CUST1060,PROD010,Running Shoes,Footwear,East,1,5500,0,5500,2500,3000,Completed,Paid
ORD12731,10-11-2025,CUST1162,PROD008,Cotton T-Shirt Pack,Apparel,North,2,1500,0,3000,1200,1800,Pending,Pending
ORD12732,10-11-2025,CUST1231,PROD014,Backpack,Accessories,Central,2,2200,440,3960,1800,2160,Pending,Paid
ORD12733,10-11-2025,CUST1203,PROD004,Smart Watch,Electronics,North,1,14000,0,14000,8000,6000,Completed,Paid
ORD12734,10-11-2025,CUST1130,PROD008,Cotton T-Shirt Pack,Apparel,East,1,1500,75,1425,600,825,Completed,Paid
ORD12735,10-11-2025,CUST1238,PROD003,Wireless Headphones,Electronics,East,4,6000,0,24000,14000,10000,Completed,Paid
ORD12736,10-11-2025,CUST1328,PROD002,Smartphone,Electronics,West,1,32000,0,32000,22000,10000,Completed,Paid
ORD12737,10-11-2025,CUST1335,PROD014,Backpack,Accessories,East,1,2200,0,2200,900,1300,Cancelled,Failed
ORD12738,11-11-2025,CUST1445,PROD014,Backpack,Accessories,East,1,2200,0,2200,900,1300,Completed,Paid
ORD12739,11-11-2025,CUST1260,PROD003,Wireless Headphones,Electronics,South,5,6000,0,30000,17500,12500,Pending,Paid
ORD12740,11-11-2025,CUST1031,PROD001,Laptop,Electronics,Central,1,50000,2500,47500,35000,12500,Completed,Paid
ORD12741,11-11-2025,CUST1230,PROD007,Bookshelf,Furniture,West,2,8500,850,16150,10000,6150,Cancelled,Failed
ORD12742,11-11-2025,CUST1146,PROD006,Standing Desk,Furniture,South,3,22000,3300,62700,42000,20700,Completed,Paid
ORD12743,11-11-2025,CUST1389,PROD008,Cotton T-Shirt Pack,Apparel,East,2,1500,0,3000,1200,1800,Cancelled,Refunded
ORD12744,11-11-2025,CUST1079,PROD014,Backpack,Accessories,East,1,2200,220,1980,900,1080,Pending,Paid
ORD12745,11-11-2025,CUST1074,PROD003,Wireless Headphones,Electronics,North,1,6000,0,6000,3500,2500,Completed,Paid
ORD12746,12-11-2025,CUST1022,PROD001,Laptop,Electronics,West,1,50000,0,50000,35000,15000,Completed,Paid
ORD12747,12-11-2025,CUST1292,PROD004,Smart Watch,Electronics,East,2,14000,2800,25200,16000,9200,Completed,Paid
ORD12748,12-11-2025,CUST1281,PROD010,Running Shoes,Footwear,West,5,5500,0,27500,12500,15000,Completed,Paid
ORD12749,12-11-2025,CUST1084,PROD014,Backpack,Accessories,South,1,2200,110,2090,900,1190,Completed,Paid
ORD12750,12-11-2025,CUST1113,PROD008,Cotton T-Shirt Pack,Apparel,North,4,1500,300,5700,2400,3300,Completed,Paid
ORD12751,12-11-2025,CUST1343,PROD008,Cotton T-Shirt Pack,Apparel,West,2,1500,450,2550,1200,1350,Completed,Paid
ORD12752,12-11-2025,CUST1133,PROD010,Running Shoes,Footwear,Central,2,5500,1650,9350,5000,4350,Pending,Paid
ORD12753,12-11-2025,CUST1324,PROD011,Leather Formal Shoes,Footwear,West,2,6500,650,12350,6000,6350,Pending,Paid
ORD12754,12-11-2025,CUST1413,PROD010,Running Shoes,Footwear,North,1,5500,0,5500,2500,3000,Completed,Paid
ORD12755,13-11-2025,CUST1169,PROD009,Denim Jeans,Apparel,West,1,2800,280,2520,1200,1320,Completed,Paid
ORD12756,13-11-2025,CUST1027,PROD010,Running Shoes,Footwear,West,3,5500,0,16500,7500,9000,Completed,Paid
ORD12757,13-11-2025,CUST1285,PROD004,Smart Watch,Electronics,North,3,14000,0,42000,24000,18000,Completed,Paid
ORD12758,13-11-2025,CUST1051,PROD012,Coffee Maker,Home & Kitchen,Central,2,7500,0,15000,8000,7000,Completed,Paid
ORD12759,13-11-2025,CUST1215,PROD010,Running Shoes,Footwear,West,1,5500,0,5500,2500,3000,Cancelled,Failed
ORD12760,13-11-2025,CUST1340,PROD002,Smartphone,Electronics,West,4,32000,0,128000,88000,40000,Completed,Paid
ORD12761,13-11-2025,CUST1418,PROD007,Bookshelf,Furniture,North,1,8500,1275,7225,5000,2225,Completed,Paid
ORD12762,13-11-2025,CUST1190,PROD002,Smartphone,Electronics,West,1,32000,3200,28800,22000,6800,Completed,Paid
ORD12763,13-11-2025,CUST1203,PROD010,Running Shoes,Footwear,North,1,5500,550,4950,2500,2450,Completed,Paid
ORD12764,13-11-2025,CUST1125,PROD010,Running Shoes,Footwear,North,1,5500,275,5225,2500,2725,Cancelled,Failed
ORD12765,14-11-2025,CUST1052,PROD002,Smartphone,Electronics,South,2,32000,0,64000,44000,20000,Cancelled,Failed
ORD12766,14-11-2025,CUST1253,PROD002,Smartphone,Electronics,North,5,32000,0,160000,110000,50000,Completed,Paid
ORD12767,14-11-2025,CUST1017,PROD003,Wireless Headphones,Electronics,West,5,6000,0,30000,17500,12500,Pending,Paid
ORD12768,14-11-2025,CUST1342,PROD010,Running Shoes,Footwear,South,1,5500,550,4950,2500,2450,Completed,Paid
ORD12769,14-11-2025,CUST1052,PROD001,Laptop,Electronics,Central,1,50000,0,50000,35000,15000,Completed,Paid
ORD12770,14-11-2025,CUST1421,PROD004,Smart Watch,Electronics,North,3,14000,4200,37800,24000,13800,Completed,Paid
ORD12771,14-11-2025,CUST1056,PROD005,Office Chair,Furniture,Central,1,15000,1500,13500,9000,4500,Completed,Paid
ORD12772,14-11-2025,CUST1426,PROD010,Running Shoes,Footwear,West,1,5500,275,5225,2500,2725,Completed,Paid
ORD12773,14-11-2025,CUST1081,PROD011,Leather Formal Shoes,Footwear,Central,1,6500,325,6175,3000,3175,Pending,Paid
ORD12774,14-11-2025,CUST1017,PROD007,Bookshelf,Furniture,West,2,8500,850,16150,10000,6150,Completed,Paid
ORD12775,14-11-2025,CUST1184,PROD009,Denim Jeans,Apparel,West,1,2800,280,2520,1200,1320,Completed,Paid
ORD12776,14-11-2025,CUST1215,PROD013,Air Fryer,Home & Kitchen,North,2,9500,1900,17100,11000,6100,Pending,Paid
ORD12777,15-11-2025,CUST1124,PROD008,Cotton T-Shirt Pack,Apparel,North,2,1500,0,3000,1200,1800,Completed,Paid
ORD12778,15-11-2025,CUST1301,PROD002,Smartphone,Electronics,North,1,32000,0,32000,22000,10000,Completed,Paid
ORD12779,15-11-2025,CUST1371,PROD002,Smartphone,Electronics,West,2,32000,3200,60800,44000,16800,Cancelled,Refunded
ORD12780,15-11-2025,CUST1368,PROD008,Cotton T-Shirt Pack,Apparel,East,1,1500,225,1275,600,675,Pending,Paid
ORD12781,15-11-2025,CUST1364,PROD004,Smart Watch,Electronics,East,2,14000,0,28000,16000,12000,Completed,Paid
ORD12782,15-11-2025,CUST1099,PROD006,Standing Desk,Furniture,South,1,22000,2200,19800,14000,5800,Completed,Paid
ORD12783,15-11-2025,CUST1200,PROD003,Wireless Headphones,Electronics,East,1,6000,900,5100,3500,1600,Pending,Paid
ORD12784,15-11-2025,CUST1231,PROD003,Wireless Headphones,Electronics,West,2,6000,1200,10800,7000,3800,Pending,Paid
ORD12785,15-11-2025,CUST1385,PROD010,Running Shoes,Footwear,North,1,5500,550,4950,2500,2450,Completed,Paid
ORD12786,15-11-2025,CUST1213,PROD002,Smartphone,Electronics,East,3,32000,0,96000,66000,30000,Completed,Paid
ORD12787,15-11-2025,CUST1072,PROD004,Smart Watch,Electronics,Central,2,14000,4200,23800,16000,7800,Completed,Paid
ORD12788,15-11-2025,CUST1370,PROD003,Wireless Headphones,Electronics,East,1,6000,0,6000,3500,2500,Completed,Paid
ORD12789,15-11-2025,CUST1365,PROD006,Standing Desk,Furniture,Central,1,22000,0,22000,14000,8000,Completed,Paid
ORD12790,16-11-2025,CUST1104,PROD004,Smart Watch,Electronics,North,1,14000,700,13300,8000,5300,Pending,Paid
ORD12791,16-11-2025,CUST1272,PROD007,Bookshelf,Furniture,Central,5,8500,2125,40375,25000,15375,Cancelled,Refunded
ORD12792,16-11-2025,CUST1223,PROD013,Air Fryer,Home & Kitchen,South,1,9500,950,8550,5500,3050,Cancelled,Failed
ORD12793,16-11-2025,CUST1276,PROD013,Air Fryer,Home & Kitchen,East,1,9500,0,9500,5500,4000,Completed,Paid
ORD12794,16-11-2025,CUST1302,PROD011,Leather Formal Shoes,Footwear,South,1,6500,650,5850,3000,2850,Completed,Paid
ORD12795,16-11-2025,CUST1312,PROD010,Running Shoes,Footwear,North,4,5500,2200,19800,10000,9800,Completed,Paid
ORD12796,16-11-2025,CUST1231,PROD005,Office Chair,Furniture,West,3,15000,4500,40500,27000,13500,Completed,Paid
ORD12797,16-11-2025,CUST1343,PROD010,Running Shoes,Footwear,West,1,5500,0,5500,2500,3000,Completed,Paid
ORD12798,16-11-2025,CUST1021,PROD004,Smart Watch,Electronics,East,1,14000,0,14000,8000,6000,Completed,Paid
ORD12799,16-11-2025,CUST1039,PROD013,Air Fryer,Home & Kitchen,West,2,9500,1900,17100,11000,6100,Completed,Paid
ORD12800,16-11-2025,CUST1009,PROD009,Denim Jeans,Apparel,West,2,2800,280,5320,2400,2920,Completed,Paid
ORD12801,16-11-2025,CUST1298,PROD004,Smart Watch,Electronics,Central,2,14000,0,28000,16000,12000,Completed,Paid
ORD12802,16-11-2025,CUST1438,PROD004,Smart Watch,Electronics,East,2,14000,0,28000,16000,12000,Cancelled,Refunded
ORD12803,16-11-2025,CUST1008,PROD011,Leather Formal Shoes,Footwear,East,1,6500,325,6175,3000,3175,Completed,Paid
ORD12804,16-11-2025,CUST1011,PROD002,Smartphone,Electronics,North,4,32000,12800,115200,88000,27200,Completed,Paid
ORD12805,16-11-2025,CUST1337,PROD005,Office Chair,Furniture,West,1,15000,2250,12750,9000,3750,Completed,Paid
ORD12806,17-11-2025,CUST1084,PROD006,Standing Desk,Furniture,South,2,22000,0,44000,28000,16000,Cancelled,Refunded
ORD12807,17-11-2025,CUST1040,PROD003,Wireless Headphones,Electronics,South,3,6000,0,18000,10500,7500,Completed,Paid
ORD12808,17-11-2025,CUST1034,PROD013,Air Fryer,Home & Kitchen,West,4,9500,0,38000,22000,16000,Completed,Paid
ORD12809,17-11-2025,CUST1173,PROD002,Smartphone,Electronics,Central,2,32000,6400,57600,44000,13600,Completed,Paid
ORD12810,17-11-2025,CUST1262,PROD002,Smartphone,Electronics,East,2,32000,0,64000,44000,20000,Completed,Paid
ORD12811,17-11-2025,CUST1183,PROD013,Air Fryer,Home & Kitchen,South,1,9500,0,9500,5500,4000,Completed,Paid
ORD12812,17-11-2025,CUST1280,PROD005,Office Chair,Furniture,South,3,15000,2250,42750,27000,15750,Completed,Paid
ORD12813,17-11-2025,CUST1033,PROD003,Wireless Headphones,Electronics,North,1,6000,300,5700,3500,2200,Pending,Pending
ORD12814,17-11-2025,CUST1246,PROD013,Air Fryer,Home & Kitchen,West,1,9500,950,8550,5500,3050,Completed,Paid
ORD12815,17-11-2025,CUST1054,PROD013,Air Fryer,Home & Kitchen,Central,2,9500,0,19000,11000,8000,Completed,Paid
ORD12816,17-11-2025,CUST1098,PROD010,Running Shoes,Footwear,East,2,5500,1100,9900,5000,4900,Completed,Paid
ORD12817,17-11-2025,CUST1382,PROD004,Smart Watch,Electronics,East,2,14000,1400,26600,16000,10600,Completed,Paid
ORD12818,17-11-2025,CUST1329,PROD006,Standing Desk,Furniture,North,3,22000,0,66000,42000,24000,Completed,Paid
ORD12819,18-11-2025,CUST1293,PROD006,Standing Desk,Furniture,South,5,22000,16500,93500,70000,23500,Pending,Paid
ORD12820,18-11-2025,CUST1213,PROD012,Coffee Maker,Home & Kitchen,South,4,7500,3000,27000,16000,11000,Completed,Paid
ORD12821,18-11-2025,CUST1069,PROD014,Backpack,Accessories,South,2,2200,220,4180,1800,2380,Completed,Paid
ORD12822,18-11-2025,CUST1304,PROD003,Wireless Headphones,Electronics,East,1,6000,900,5100,3500,1600,Pending,Paid
ORD12823,18-11-2025,CUST1062,PROD010,Running Shoes,Footwear,South,2,5500,550,10450,5000,5450,Completed,Paid
ORD12824,18-11-2025,CUST1160,PROD009,Denim Jeans,Apparel,East,1,2800,280,2520,1200,1320,Completed,Paid
ORD12825,18-11-2025,CUST1154,PROD011,Leather Formal Shoes,Footwear,North,2,6500,1300,11700,6000,5700,Completed,Paid
ORD12826,18-11-2025,CUST1144,PROD006,Standing Desk,Furniture,East,5,22000,16500,93500,70000,23500,Completed,Paid
ORD12827,19-11-2025,CUST1256,PROD005,Office Chair,Furniture,West,1,15000,0,15000,9000,6000,Completed,Paid
ORD12828,19-11-2025,CUST1168,PROD003,Wireless Headphones,Electronics,South,3,6000,2700,15300,10500,4800,Cancelled,Refunded
ORD12829,19-11-2025,CUST1186,PROD002,Smartphone,Electronics,South,5,32000,16000,144000,110000,34000,Completed,Paid
ORD12830,19-11-2025,CUST1064,PROD003,Wireless Headphones,Electronics,Central,1,6000,600,5400,3500,1900,Completed,Paid
ORD12831,19-11-2025,CUST1026,PROD005,Office Chair,Furniture,West,3,15000,2250,42750,27000,15750,Cancelled,Refunded
ORD12832,19-11-2025,CUST1416,PROD012,Coffee Maker,Home & Kitchen,Central,4,7500,3000,27000,16000,11000,Cancelled,Failed
ORD12833,19-11-2025,CUST1283,PROD011,Leather Formal Shoes,Footwear,West,1,6500,0,6500,3000,3500,Completed,Paid
ORD12834,19-11-2025,CUST1160,PROD007,Bookshelf,Furniture,South,2,8500,0,17000,10000,7000,Completed,Paid
ORD12835,20-11-2025,CUST1036,PROD002,Smartphone,Electronics,Central,1,32000,3200,28800,22000,6800,Completed,Paid
ORD12836,20-11-2025,CUST1241,PROD013,Air Fryer,Home & Kitchen,West,1,9500,0,9500,5500,4000,Completed,Paid
ORD12837,20-11-2025,CUST1303,PROD009,Denim Jeans,Apparel,North,1,2800,0,2800,1200,1600,Pending,Pending
ORD12838,20-11-2025,CUST1323,PROD013,Air Fryer,Home & Kitchen,South,1,9500,950,8550,5500,3050,Completed,Paid
ORD12839,20-11-2025,CUST1087,PROD012,Coffee Maker,Home & Kitchen,Central,1,7500,0,7500,4000,3500,Pending,Paid
ORD12840,20-11-2025,CUST1296,PROD013,Air Fryer,Home & Kitchen,North,1,9500,0,9500,5500,4000,Completed,Paid
ORD12841,20-11-2025,CUST1109,PROD010,Running Shoes,Footwear,East,1,5500,275,5225,2500,2725,Completed,Paid
ORD12842,20-11-2025,CUST1070,PROD007,Bookshelf,Furniture,Central,1,8500,425,8075,5000,3075,Completed,Paid
ORD12843,20-11-2025,CUST1128,PROD010,Running Shoes,Footwear,South,2,5500,0,11000,5000,6000,Cancelled,Failed
ORD12844,21-11-2025,CUST1059,PROD007,Bookshelf,Furniture,Central,1,8500,0,8500,5000,3500,Completed,Paid
ORD12845,21-11-2025,CUST1296,PROD003,Wireless Headphones,Electronics,Central,1,6000,300,5700,3500,2200,Completed,Paid
ORD12846,21-11-2025,CUST1365,PROD001,Laptop,Electronics,North,5,50000,25000,225000,175000,50000,Pending,Pending
ORD12847,21-11-2025,CUST1351,PROD007,Bookshelf,Furniture,North,4,8500,0,34000,20000,14000,Completed,Paid
ORD12848,21-11-2025,CUST1295,PROD001,Laptop,Electronics,North,2,50000,10000,90000,70000,20000,Completed,Paid
ORD12849,21-11-2025,CUST1212,PROD002,Smartphone,Electronics,West,1,32000,0,32000,22000,10000,Pending,Pending
ORD12850,21-11-2025,CUST1445,PROD006,Standing Desk,Furniture,West,5,22000,0,110000,70000,40000,Cancelled,Failed
ORD12851,21-11-2025,CUST1228,PROD011,Leather Formal Shoes,Footwear,North,3,6500,0,19500,9000,10500,Completed,Paid
ORD12852,21-11-2025,CUST1181,PROD004,Smart Watch,Electronics,North,1,14000,2100,11900,8000,3900,Completed,Paid
ORD12853,21-11-2025,CUST1026,PROD005,Office Chair,Furniture,South,1,15000,0,15000,9000,6000,Completed,Paid
ORD12854,21-11-2025,CUST1384,PROD008,Cotton T-Shirt Pack,Apparel,Central,1,1500,0,1500,600,900,Completed,Paid
ORD12855,21-11-2025,CUST1073,PROD005,Office Chair,Furniture,West,1,15000,1500,13500,9000,4500,Completed,Paid
ORD12856,22-11-2025,CUST1034,PROD010,Running Shoes,Footwear,East,1,5500,275,5225,2500,2725,Completed,Paid
ORD12857,22-11-2025,CUST1103,PROD012,Coffee Maker,Home & Kitchen,West,3,7500,3375,19125,12000,7125,Completed,Paid
ORD12858,22-11-2025,CUST1083,PROD008,Cotton T-Shirt Pack,Apparel,North,1,1500,0,1500,600,900,Completed,Paid
ORD12859,22-11-2025,CUST1331,PROD008,Cotton T-Shirt Pack,Apparel,East,1,1500,225,1275,600,675,Cancelled,Refunded
ORD12860,22-11-2025,CUST1057,PROD005,Office Chair,Furniture,West,2,15000,1500,28500,18000,10500,Completed,Paid
ORD12861,22-11-2025,CUST1442,PROD011,Leather Formal Shoes,Footwear,Central,2,6500,1300,11700,6000,5700,Completed,Paid
ORD12862,22-11-2025,CUST1033,PROD010,Running Shoes,Footwear,South,1,5500,0,5500,2500,3000,Completed,Paid
ORD12863,22-11-2025,CUST1388,PROD011,Leather Formal Shoes,Footwear,Central,3,6500,975,18525,9000,9525,Cancelled,Refunded
ORD12864,22-11-2025,CUST1322,PROD008,Cotton T-Shirt Pack,Apparel,Central,1,1500,225,1275,600,675,Completed,Paid
ORD12865,22-11-2025,CUST1394,PROD012,Coffee Maker,Home & Kitchen,Central,1,7500,0,7500,4000,3500,Completed,Paid
ORD12866,22-11-2025,CUST1100,PROD003,Wireless Headphones,Electronics,South,2,6000,1200,10800,7000,3800,Completed,Paid
ORD12867,22-11-2025,CUST1129,PROD012,Coffee Maker,Home & Kitchen,West,2,7500,750,14250,8000,6250,Pending,Paid
ORD12868,22-11-2025,CUST1050,PROD007,Bookshelf,Furniture,East,2,8500,1700,15300,10000,5300,Completed,Paid
ORD12869,22-11-2025,CUST1024,PROD014,Backpack,Accessories,West,1,2200,220,1980,900,1080,Cancelled,Failed
ORD12870,22-11-2025,CUST1253,PROD004,Smart Watch,Electronics,East,4,14000,0,56000,32000,24000,Completed,Paid
ORD12871,22-11-2025,CUST1053,PROD010,Running Shoes,Footwear,North,1,5500,550,4950,2500,2450,Completed,Paid
ORD12872,23-11-2025,CUST1212,PROD009,Denim Jeans,Apparel,South,1,2800,420,2380,1200,1180,Cancelled,Failed
ORD12873,23-11-2025,CUST1368,PROD003,Wireless Headphones,Electronics,North,2,6000,0,12000,7000,5000,Completed,Paid
ORD12874,23-11-2025,CUST1019,PROD005,Office Chair,Furniture,South,3,15000,0,45000,27000,18000,Completed,Paid
ORD12875,23-11-2025,CUST1330,PROD010,Running Shoes,Footwear,East,3,5500,0,16500,7500,9000,Completed,Paid
ORD12876,23-11-2025,CUST1314,PROD002,Smartphone,Electronics,South,3,32000,9600,86400,66000,20400,Cancelled,Refunded
ORD12877,23-11-2025,CUST1023,PROD008,Cotton T-Shirt Pack,Apparel,West,2,1500,150,2850,1200,1650,Pending,Pending
ORD12878,23-11-2025,CUST1432,PROD008,Cotton T-Shirt Pack,Apparel,North,2,1500,300,2700,1200,1500,Completed,Paid
ORD12879,23-11-2025,CUST1046,PROD009,Denim Jeans,Apparel,Central,1,2800,140,2660,1200,1460,Completed,Paid
ORD12880,23-11-2025,CUST1219,PROD012,Coffee Maker,Home & Kitchen,West,4,7500,3000,27000,16000,11000,Cancelled,Refunded
ORD12881,23-11-2025,CUST1014,PROD012,Coffee Maker,Home & Kitchen,South,5,7500,1875,35625,20000,15625,Pending,Paid
ORD12882,23-11-2025,CUST1099,PROD003,Wireless Headphones,Electronics,North,1,6000,0,6000,3500,2500,Completed,Paid
ORD12883,23-11-2025,CUST1101,PROD014,Backpack,Accessories,North,1,2200,0,2200,900,1300,Completed,Paid
ORD12884,23-11-2025,CUST1339,PROD008,Cotton T-Shirt Pack,Apparel,North,2,1500,0,3000,1200,1800,Pending,Pending
ORD12885,23-11-2025,CUST1188,PROD011,Leather Formal Shoes,Footwear,West,3,6500,0,19500,9000,10500,Pending,Pending
ORD12886,23-11-2025,CUST1427,PROD003,Wireless Headphones,Electronics,East,1,6000,0,6000,3500,2500,Completed,Paid
ORD12887,24-11-2025,CUST1090,PROD011,Leather Formal Shoes,Footwear,East,1,6500,650,5850,3000,2850,Completed,Paid
ORD12888,24-11-2025,CUST1038,PROD003,Wireless Headphones,Electronics,East,1,6000,0,6000,3500,2500,Completed,Paid
ORD12889,24-11-2025,CUST1137,PROD012,Coffee Maker,Home & Kitchen,Central,2,7500,1500,13500,8000,5500,Cancelled,Failed
ORD12890,24-11-2025,CUST1232,PROD003,Wireless Headphones,Electronics,Central,2,6000,600,11400,7000,4400,Completed,Paid
ORD12891,24-11-2025,CUST1218,PROD003,Wireless Headphones,Electronics,Central,3,6000,0,18000,10500,7500,Completed,Paid
ORD12892,24-11-2025,CUST1134,PROD010,Running Shoes,Footwear,North,4,5500,2200,19800,10000,9800,Completed,Paid
ORD12893,24-11-2025,CUST1101,PROD007,Bookshelf,Furniture,West,1,8500,425,8075,5000,3075,Completed,Paid
ORD12894,24-11-2025,CUST1448,PROD010,Running Shoes,Footwear,South,2,5500,0,11000,5000,6000,Completed,Paid
ORD12895,24-11-2025,CUST1118,PROD012,Coffee Maker,Home & Kitchen,Central,4,7500,0,30000,16000,14000,Completed,Paid
ORD12896,24-11-2025,CUST1203,PROD011,Leather Formal Shoes,Footwear,Central,2,6500,1300,11700,6000,5700,Completed,Paid
ORD12897,24-11-2025,CUST1266,PROD003,Wireless Headphones,Electronics,Central,3,6000,1800,16200,10500,5700,Completed,Paid
ORD12898,24-11-2025,CUST1026,PROD009,Denim Jeans,Apparel,Central,2,2800,0,5600,2400,3200,Cancelled,Refunded
ORD12899,25-11-2025,CUST1269,PROD009,Denim Jeans,Apparel,South,1,2800,0,2800,1200,1600,Completed,Paid
ORD12900,25-11-2025,CUST1424,PROD003,Wireless Headphones,Electronics,South,1,6000,600,5400,3500,1900,Completed,Paid
ORD12901,25-11-2025,CUST1072,PROD013,Air Fryer,Home & Kitchen,North,2,9500,0,19000,11000,8000,Completed,Paid
ORD12902,25-11-2025,CUST1320,PROD008,Cotton T-Shirt Pack,Apparel,South,1,1500,75,1425,600,825,Completed,Paid
ORD12903,25-11-2025,CUST1378,PROD013,Air Fryer,Home & Kitchen,West,1,9500,475,9025,5500,3525,Completed,Paid
ORD12904,25-11-2025,CUST1016,PROD001,Laptop,Electronics,South,2,50000,10000,90000,70000,20000,Pending,Pending
ORD12905,25-11-2025,CUST1442,PROD013,Air Fryer,Home & Kitchen,South,1,9500,0,9500,5500,4000,Pending,Pending
ORD12906,25-11-2025,CUST1043,PROD012,Coffee Maker,Home & Kitchen,North,1,7500,750,6750,4000,2750,Completed,Paid
ORD12907,25-11-2025,CUST1402,PROD009,Denim Jeans,Apparel,West,1,2800,140,2660,1200,1460,Cancelled,Refunded
ORD12908,25-11-2025,CUST1369,PROD003,Wireless Headphones,Electronics,West,1,6000,300,5700,3500,2200,Cancelled,Failed
ORD12909,26-11-2025,CUST1134,PROD003,Wireless Headphones,Electronics,South,2,6000,0,12000,7000,5000,Pending,Paid
ORD12910,26-11-2025,CUST1148,PROD008,Cotton T-Shirt Pack,Apparel,Central,3,1500,0,4500,1800,2700,Completed,Paid
ORD12911,26-11-2025,CUST1423,PROD013,Air Fryer,Home & Kitchen,West,2,9500,1900,17100,11000,6100,Completed,Paid
ORD12912,26-11-2025,CUST1195,PROD008,Cotton T-Shirt Pack,Apparel,South,2,1500,150,2850,1200,1650,Completed,Paid
ORD12913,26-11-2025,CUST1307,PROD001,Laptop,Electronics,South,2,50000,10000,90000,70000,20000,Completed,Paid
ORD12914,26-11-2025,CUST1177,PROD011,Leather Formal Shoes,Footwear,West,1,6500,650,5850,3000,2850,Completed,Paid
ORD12915,26-11-2025,CUST1272,PROD003,Wireless Headphones,Electronics,East,1,6000,0,6000,3500,2500,Completed,Paid
ORD12916,26-11-2025,CUST1077,PROD013,Air Fryer,Home & Kitchen,West,2,9500,2850,16150,11000,5150,Completed,Paid
ORD12917,26-11-2025,CUST1339,PROD001,Laptop,Electronics,West,1,50000,0,50000,35000,15000,Cancelled,Failed
ORD12918,26-11-2025,CUST1374,PROD001,Laptop,Electronics,Central,2,50000,5000,95000,70000,25000,Completed,Paid
ORD12919,27-11-2025,CUST1107,PROD004,Smart Watch,Electronics,East,2,14000,1400,26600,16000,10600,Completed,Paid
ORD12920,27-11-2025,CUST1317,PROD006,Standing Desk,Furniture,South,2,22000,4400,39600,28000,11600,Cancelled,Refunded
ORD12921,27-11-2025,CUST1065,PROD002,Smartphone,Electronics,South,1,32000,0,32000,22000,10000,Completed,Paid
ORD12922,27-11-2025,CUST1444,PROD007,Bookshelf,Furniture,West,3,8500,0,25500,15000,10500,Cancelled,Refunded
ORD12923,27-11-2025,CUST1134,PROD011,Leather Formal Shoes,Footwear,West,4,6500,1300,24700,12000,12700,Cancelled,Failed
ORD12924,27-11-2025,CUST1256,PROD004,Smart Watch,Electronics,Central,1,14000,1400,12600,8000,4600,Completed,Paid
ORD12925,27-11-2025,CUST1271,PROD011,Leather Formal Shoes,Footwear,South,1,6500,0,6500,3000,3500,Pending,Pending
ORD12926,27-11-2025,CUST1073,PROD012,Coffee Maker,Home & Kitchen,East,2,7500,0,15000,8000,7000,Completed,Paid
ORD12927,27-11-2025,CUST1268,PROD010,Running Shoes,Footwear,West,1,5500,0,5500,2500,3000,Completed,Paid
ORD12928,27-11-2025,CUST1215,PROD013,Air Fryer,Home & Kitchen,North,1,9500,950,8550,5500,3050,Cancelled,Failed
ORD12929,27-11-2025,CUST1110,PROD002,Smartphone,Electronics,West,4,32000,0,128000,88000,40000,Completed,Paid
ORD12930,28-11-2025,CUST1421,PROD007,Bookshelf,Furniture,West,4,8500,1700,32300,20000,12300,Completed,Paid
ORD12931,28-11-2025,CUST1182,PROD013,Air Fryer,Home & Kitchen,West,2,9500,1900,17100,11000,6100,Completed,Paid
ORD12932,28-11-2025,CUST1096,PROD007,Bookshelf,Furniture,North,2,8500,0,17000,10000,7000,Cancelled,Refunded
ORD12933,28-11-2025,CUST1151,PROD004,Smart Watch,Electronics,South,2,14000,1400,26600,16000,10600,Completed,Paid
ORD12934,28-11-2025,CUST1211,PROD013,Air Fryer,Home & Kitchen,West,3,9500,1425,27075,16500,10575,Cancelled,Refunded
ORD12935,28-11-2025,CUST1396,PROD004,Smart Watch,Electronics,South,1,14000,700,13300,8000,5300,Cancelled,Refunded
ORD12936,28-11-2025,CUST1426,PROD005,Office Chair,Furniture,West,2,15000,0,30000,18000,12000,Cancelled,Refunded
ORD12937,28-11-2025,CUST1345,PROD012,Coffee Maker,Home & Kitchen,West,1,7500,375,7125,4000,3125,Completed,Paid
ORD12938,28-11-2025,CUST1437,PROD005,Office Chair,Furniture,North,1,15000,0,15000,9000,6000,Completed,Paid
ORD12939,28-11-2025,CUST1100,PROD014,Backpack,Accessories,Central,1,2200,0,2200,900,1300,Pending,Pending
ORD12940,28-11-2025,CUST1203,PROD012,Coffee Maker,Home & Kitchen,North,3,7500,2250,20250,12000,8250,Completed,Paid
ORD12941,28-11-2025,CUST1049,PROD012,Coffee Maker,Home & Kitchen,Central,1,7500,375,7125,4000,3125,Completed,Paid
ORD12942,29-11-2025,CUST1025,PROD010,Running Shoes,Footwear,North,1,5500,0,5500,2500,3000,Pending,Pending
ORD12943,29-11-2025,CUST1253,PROD004,Smart Watch,Electronics,North,1,14000,0,14000,8000,6000,Completed,Paid
ORD12944,29-11-2025,CUST1021,PROD007,Bookshelf,Furniture,South,2,8500,2550,14450,10000,4450,Cancelled,Failed
ORD12945,29-11-2025,CUST1389,PROD006,Standing Desk,Furniture,East,1,22000,3300,18700,14000,4700,Completed,Paid
ORD12946,29-11-2025,CUST1399,PROD009,Denim Jeans,Apparel,Central,3,2800,0,8400,3600,4800,Completed,Paid
ORD12947,29-11-2025,CUST1107,PROD014,Backpack,Accessories,South,5,2200,0,11000,4500,6500,Completed,Paid
ORD12948,29-11-2025,CUST1172,PROD013,Air Fryer,Home & Kitchen,East,1,9500,0,9500,5500,4000,Cancelled,Refunded
ORD12949,29-11-2025,CUST1126,PROD012,Coffee Maker,Home & Kitchen,East,1,7500,375,7125,4000,3125,Completed,Paid
ORD12950,29-11-2025,CUST1136,PROD012,Coffee Maker,Home & Kitchen,West,3,7500,1125,21375,12000,9375,Pending,Paid
ORD12951,29-11-2025,CUST1002,PROD010,Running Shoes,Footwear,North,1,5500,275,5225,2500,2725,Completed,Paid
ORD12952,29-11-2025,CUST1069,PROD001,Laptop,Electronics,South,1,50000,0,50000,35000,15000,Completed,Paid
ORD12953,29-11-2025,CUST1446,PROD009,Denim Jeans,Apparel,Central,1,2800,140,2660,1200,1460,Completed,Paid
ORD12954,29-11-2025,CUST1119,PROD007,Bookshelf,Furniture,Central,1,8500,850,7650,5000,2650,Cancelled,Refunded
ORD12955,29-11-2025,CUST1388,PROD007,Bookshelf,Furniture,North,1,8500,850,7650,5000,2650,Completed,Paid
ORD12956,29-11-2025,CUST1311,PROD010,Running Shoes,Footwear,Central,1,5500,0,5500,2500,3000,Completed,Paid
ORD12957,29-11-2025,CUST1172,PROD006,Standing Desk,Furniture,East,1,22000,0,22000,14000,8000,Completed,Paid
ORD12958,30-11-2025,CUST1382,PROD014,Backpack,Accessories,West,1,2200,110,2090,900,1190,Pending,Pending
ORD12959,30-11-2025,CUST1425,PROD006,Standing Desk,Furniture,South,2,22000,0,44000,28000,16000,Completed,Paid
ORD12960,30-11-2025,CUST1203,PROD007,Bookshelf,Furniture,East,4,8500,3400,30600,20000,10600,Cancelled,Refunded
ORD12961,30-11-2025,CUST1060,PROD012,Coffee Maker,Home & Kitchen,North,1,7500,750,6750,4000,2750,Completed,Paid
ORD12962,30-11-2025,CUST1099,PROD014,Backpack,Accessories,South,2,2200,0,4400,1800,2600,Completed,Paid
ORD12963,30-11-2025,CUST1204,PROD010,Running Shoes,Footwear,South,3,5500,1650,14850,7500,7350,Completed,Paid
ORD12964,30-11-2025,CUST1079,PROD011,Leather Formal Shoes,Footwear,East,1,6500,975,5525,3000,2525,Completed,Paid
ORD12965,30-11-2025,CUST1052,PROD003,Wireless Headphones,Electronics,North,1,6000,0,6000,3500,2500,Completed,Paid
ORD12966,30-11-2025,CUST1419,PROD007,Bookshelf,Furniture,Central,2,8500,0,17000,10000,7000,Completed,Paid
ORD12967,30-11-2025,CUST1249,PROD011,Leather Formal Shoes,Footwear,East,1,6500,325,6175,3000,3175,Completed,Paid
ORD12968,30-11-2025,CUST1319,PROD004,Smart Watch,Electronics,Central,3,14000,0,42000,24000,18000,Completed,Paid
ORD12969,30-11-2025,CUST1060,PROD004,Smart Watch,Electronics,West,3,14000,0,42000,24000,18000,Cancelled,Failed
ORD12970,30-11-2025,CUST1400,PROD004,Smart Watch,Electronics,West,1,14000,700,13300,8000,5300,Pending,Pending
ORD12971,30-11-2025,CUST1209,PROD001,Laptop,Electronics,North,1,50000,0,50000,35000,15000,Pending,Pending
ORD12972,30-11-2025,CUST1028,PROD002,Smartphone,Electronics,West,1,32000,1600,30400,22000,8400,Cancelled,Refunded
ORD12973,30-11-2025,CUST1260,PROD006,Standing Desk,Furniture,Central,2,22000,0,44000,28000,16000,Completed,Paid
ORD12974,30-11-2025,CUST1147,PROD010,Running Shoes,Footwear,North,4,5500,2200,19800,10000,9800,Completed,Paid
ORD12975,01-12-2025,CUST1299,PROD013,Air Fryer,Home & Kitchen,North,1,9500,475,9025,5500,3525,Cancelled,Failed
ORD12976,01-12-2025,CUST1393,PROD010,Running Shoes,Footwear,Central,3,5500,1650,14850,7500,7350,Pending,Paid
ORD12977,01-12-2025,CUST1426,PROD009,Denim Jeans,Apparel,Central,2,2800,560,5040,2400,2640,Pending,Paid
ORD12978,01-12-2025,CUST1046,PROD009,Denim Jeans,Apparel,West,1,2800,280,2520,1200,1320,Cancelled,Failed
ORD12979,01-12-2025,CUST1327,PROD010,Running Shoes,Footwear,North,1,5500,275,5225,2500,2725,Completed,Paid
ORD12980,01-12-2025,CUST1011,PROD013,Air Fryer,Home & Kitchen,Central,3,9500,1425,27075,16500,10575,Completed,Paid
ORD12981,01-12-2025,CUST1090,PROD004,Smart Watch,Electronics,South,1,14000,1400,12600,8000,4600,Completed,Paid
ORD12982,01-12-2025,CUST1151,PROD013,Air Fryer,Home & Kitchen,North,2,9500,0,19000,11000,8000,Cancelled,Refunded
ORD12983,01-12-2025,CUST1209,PROD010,Running Shoes,Footwear,South,5,5500,1375,26125,12500,13625,Completed,Paid
ORD12984,01-12-2025,CUST1328,PROD002,Smartphone,Electronics,East,2,32000,9600,54400,44000,10400,Completed,Paid
ORD12985,02-12-2025,CUST1227,PROD003,Wireless Headphones,Electronics,North,1,6000,900,5100,3500,1600,Pending,Pending
ORD12986,02-12-2025,CUST1267,PROD010,Running Shoes,Footwear,North,1,5500,275,5225,2500,2725,Completed,Paid
ORD12987,02-12-2025,CUST1333,PROD004,Smart Watch,Electronics,Central,1,14000,1400,12600,8000,4600,Completed,Paid
ORD12988,02-12-2025,CUST1429,PROD014,Backpack,Accessories,West,3,2200,660,5940,2700,3240,Completed,Paid
ORD12989,02-12-2025,CUST1340,PROD002,Smartphone,Electronics,North,3,32000,4800,91200,66000,25200,Completed,Paid
ORD12990,02-12-2025,CUST1175,PROD001,Laptop,Electronics,Central,3,50000,15000,135000,105000,30000,Completed,Paid
ORD12991,02-12-2025,CUST1303,PROD013,Air Fryer,Home & Kitchen,West,2,9500,0,19000,11000,8000,Pending,Paid
ORD12992,02-12-2025,CUST1048,PROD013,Air Fryer,Home & Kitchen,Central,1,9500,0,9500,5500,4000,Completed,Paid
ORD12993,02-12-2025,CUST1323,PROD002,Smartphone,Electronics,North,1,32000,1600,30400,22000,8400,Completed,Paid
ORD12994,02-12-2025,CUST1051,PROD011,Leather Formal Shoes,Footwear,North,2,6500,1300,11700,6000,5700,Completed,Paid
ORD12995,02-12-2025,CUST1293,PROD006,Standing Desk,Furniture,South,1,22000,0,22000,14000,8000,Completed,Paid
ORD12996,02-12-2025,CUST1205,PROD009,Denim Jeans,Apparel,North,1,2800,280,2520,1200,1320,Completed,Paid
ORD12997,02-12-2025,CUST1436,PROD009,Denim Jeans,Apparel,West,2,2800,0,5600,2400,3200,Completed,Paid
ORD12998,03-12-2025,CUST1245,PROD013,Air Fryer,Home & Kitchen,North,1,9500,475,9025,5500,3525,Cancelled,Failed
ORD12999,03-12-2025,CUST1308,PROD007,Bookshelf,Furniture,East,1,8500,0,8500,5000,3500,Completed,Paid
ORD13000,03-12-2025,CUST1258,PROD004,Smart Watch,Electronics,South,1,14000,0,14000,8000,6000,Cancelled,Failed
ORD13001,03-12-2025,CUST1422,PROD014,Backpack,Accessories,South,1,2200,0,2200,900,1300,Cancelled,Refunded
ORD13002,03-12-2025,CUST1314,PROD011,Leather Formal Shoes,Footwear,West,1,6500,325,6175,3000,3175,Completed,Paid
ORD13003,03-12-2025,CUST1440,PROD012,Coffee Maker,Home & Kitchen,West,1,7500,0,7500,4000,3500,Completed,Paid
ORD13004,03-12-2025,CUST1442,PROD011,Leather Formal Shoes,Footwear,Central,1,6500,325,6175,3000,3175,Completed,Paid
ORD13005,03-12-2025,CUST1329,PROD007,Bookshelf,Furniture,North,1,8500,0,8500,5000,3500,Pending,Paid
ORD13006,03-12-2025,CUST1139,PROD001,Laptop,Electronics,East,1,50000,2500,47500,35000,12500,Completed,Paid
ORD13007,04-12-2025,CUST1030,PROD012,Coffee Maker,Home & Kitchen,East,3,7500,2250,20250,12000,8250,Completed,Paid
ORD13008,04-12-2025,CUST1344,PROD003,Wireless Headphones,Electronics,Central,1,6000,0,6000,3500,2500,Completed,Paid
ORD13009,04-12-2025,CUST1382,PROD014,Backpack,Accessories,East,2,2200,440,3960,1800,2160,Completed,Paid
ORD13010,04-12-2025,CUST1025,PROD003,Wireless Headphones,Electronics,Central,2,6000,600,11400,7000,4400,Completed,Paid
ORD13011,04-12-2025,CUST1012,PROD007,Bookshelf,Furniture,Central,2,8500,0,17000,10000,7000,Completed,Paid
ORD13012,04-12-2025,CUST1102,PROD004,Smart Watch,Electronics,East,1,14000,2100,11900,8000,3900,Completed,Paid
ORD13013,04-12-2025,CUST1184,PROD012,Coffee Maker,Home & Kitchen,North,1,7500,1125,6375,4000,2375,Completed,Paid
ORD13014,04-12-2025,CUST1056,PROD008,Cotton T-Shirt Pack,Apparel,Central,4,1500,300,5700,2400,3300,Completed,Paid
ORD13015,04-12-2025,CUST1435,PROD003,Wireless Headphones,Electronics,South,1,6000,0,6000,3500,2500,Completed,Paid
ORD13016,05-12-2025,CUST1113,PROD013,Air Fryer,Home & Kitchen,East,1,9500,475,9025,5500,3525,Pending,Paid
ORD13017,05-12-2025,CUST1068,PROD008,Cotton T-Shirt Pack,Apparel,East,2,1500,450,2550,1200,1350,Completed,Paid
ORD13018,05-12-2025,CUST1063,PROD004,Smart Watch,Electronics,North,1,14000,1400,12600,8000,4600,Cancelled,Failed
ORD13019,05-12-2025,CUST1158,PROD005,Office Chair,Furniture,Central,1,15000,2250,12750,9000,3750,Cancelled,Failed
ORD13020,05-12-2025,CUST1025,PROD003,Wireless Headphones,Electronics,East,1,6000,0,6000,3500,2500,Completed,Paid
ORD13021,05-12-2025,CUST1221,PROD005,Office Chair,Furniture,West,5,15000,0,75000,45000,30000,Completed,Paid
ORD13022,05-12-2025,CUST1350,PROD005,Office Chair,Furniture,South,1,15000,750,14250,9000,5250,Completed,Paid
ORD13023,05-12-2025,CUST1238,PROD012,Coffee Maker,Home & Kitchen,East,2,7500,0,15000,8000,7000,Completed,Paid
ORD13024,05-12-2025,CUST1039,PROD001,Laptop,Electronics,North,2,50000,10000,90000,70000,20000,Cancelled,Refunded
ORD13025,05-12-2025,CUST1053,PROD011,Leather Formal Shoes,Footwear,North,1,6500,975,5525,3000,2525,Completed,Paid
ORD13026,05-12-2025,CUST1088,PROD010,Running Shoes,Footwear,Central,1,5500,550,4950,2500,2450,Pending,Paid
ORD13027,05-12-2025,CUST1120,PROD013,Air Fryer,Home & Kitchen,East,3,9500,0,28500,16500,12000,Cancelled,Refunded
ORD13028,06-12-2025,CUST1435,PROD009,Denim Jeans,Apparel,North,2,2800,840,4760,2400,2360,Completed,Paid
ORD13029,06-12-2025,CUST1015,PROD006,Standing Desk,Furniture,North,2,22000,0,44000,28000,16000,Pending,Pending
ORD13030,06-12-2025,CUST1253,PROD013,Air Fryer,Home & Kitchen,Central,2,9500,950,18050,11000,7050,Completed,Paid
ORD13031,06-12-2025,CUST1349,PROD002,Smartphone,Electronics,East,1,32000,0,32000,22000,10000,Completed,Paid
ORD13032,06-12-2025,CUST1121,PROD007,Bookshelf,Furniture,Central,2,8500,0,17000,10000,7000,Completed,Paid
ORD13033,06-12-2025,CUST1187,PROD013,Air Fryer,Home & Kitchen,South,1,9500,0,9500,5500,4000,Pending,Pending
ORD13034,06-12-2025,CUST1093,PROD004,Smart Watch,Electronics,West,1,14000,0,14000,8000,6000,Completed,Paid
ORD13035,06-12-2025,CUST1348,PROD014,Backpack,Accessories,West,1,2200,0,2200,900,1300,Completed,Paid
ORD13036,06-12-2025,CUST1054,PROD011,Leather Formal Shoes,Footwear,West,1,6500,0,6500,3000,3500,Completed,Paid
ORD13037,06-12-2025,CUST1268,PROD011,Leather Formal Shoes,Footwear,North,1,6500,325,6175,3000,3175,Completed,Paid
ORD13038,06-12-2025,CUST1291,PROD007,Bookshelf,Furniture,East,2,8500,2550,14450,10000,4450,Cancelled,Failed
ORD13039,06-12-2025,CUST1121,PROD007,Bookshelf,Furniture,Central,2,8500,0,17000,10000,7000,Cancelled,Refunded
ORD13040,07-12-2025,CUST1065,PROD001,Laptop,Electronics,West,2,50000,15000,85000,70000,15000,Pending,Pending
ORD13041,07-12-2025,CUST1340,PROD014,Backpack,Accessories,Central,1,2200,220,1980,900,1080,Pending,Paid
ORD13042,07-12-2025,CUST1260,PROD005,Office Chair,Furniture,North,1,15000,750,14250,9000,5250,Pending,Pending
ORD13043,07-12-2025,CUST1332,PROD002,Smartphone,Electronics,West,1,32000,1600,30400,22000,8400,Cancelled,Failed
ORD13044,07-12-2025,CUST1415,PROD013,Air Fryer,Home & Kitchen,South,2,9500,0,19000,11000,8000,Completed,Paid
ORD13045,07-12-2025,CUST1092,PROD004,Smart Watch,Electronics,Central,1,14000,0,14000,8000,6000,Completed,Paid
ORD13046,07-12-2025,CUST1277,PROD013,Air Fryer,Home & Kitchen,North,1,9500,475,9025,5500,3525,Completed,Paid
ORD13047,07-12-2025,CUST1195,PROD013,Air Fryer,Home & Kitchen,South,4,9500,0,38000,22000,16000,Pending,Paid
ORD13048,07-12-2025,CUST1254,PROD010,Running Shoes,Footwear,Central,1,5500,275,5225,2500,2725,Cancelled,Failed
ORD13049,07-12-2025,CUST1259,PROD008,Cotton T-Shirt Pack,Apparel,North,3,1500,0,4500,1800,2700,Cancelled,Refunded
ORD13050,07-12-2025,CUST1253,PROD012,Coffee Maker,Home & Kitchen,South,2,7500,750,14250,8000,6250,Pending,Pending
ORD13051,07-12-2025,CUST1205,PROD011,Leather Formal Shoes,Footwear,North,2,6500,1300,11700,6000,5700,Completed,Paid
ORD13052,07-12-2025,CUST1027,PROD012,Coffee Maker,Home & Kitchen,West,3,7500,1125,21375,12000,9375,Completed,Paid
ORD13053,08-12-2025,CUST1196,PROD012,Coffee Maker,Home & Kitchen,Central,1,7500,375,7125,4000,3125,Completed,Paid
ORD13054,08-12-2025,CUST1016,PROD011,Leather Formal Shoes,Footwear,South,1,6500,650,5850,3000,2850,Completed,Paid
ORD13055,08-12-2025,CUST1399,PROD012,Coffee Maker,Home & Kitchen,West,3,7500,0,22500,12000,10500,Completed,Paid
ORD13056,08-12-2025,CUST1269,PROD007,Bookshelf,Furniture,East,2,8500,0,17000,10000,7000,Completed,Paid
ORD13057,08-12-2025,CUST1424,PROD014,Backpack,Accessories,Central,1,2200,110,2090,900,1190,Pending,Pending
ORD13058,08-12-2025,CUST1350,PROD009,Denim Jeans,Apparel,Central,3,2800,840,7560,3600,3960,Completed,Paid
ORD13059,08-12-2025,CUST1444,PROD004,Smart Watch,Electronics,Central,4,14000,8400,47600,32000,15600,Completed,Paid
ORD13060,08-12-2025,CUST1175,PROD007,Bookshelf,Furniture,North,1,8500,425,8075,5000,3075,Completed,Paid
ORD13061,08-12-2025,CUST1096,PROD009,Denim Jeans,Apparel,West,2,2800,840,4760,2400,2360,Completed,Paid
ORD13062,08-12-2025,CUST1176,PROD007,Bookshelf,Furniture,North,4,8500,0,34000,20000,14000,Cancelled,Refunded
ORD13063,08-12-2025,CUST1445,PROD012,Coffee Maker,Home & Kitchen,North,1,7500,375,7125,4000,3125,Pending,Paid
ORD13064,09-12-2025,CUST1115,PROD014,Backpack,Accessories,Central,1,2200,220,1980,900,1080,Completed,Paid
ORD13065,09-12-2025,CUST1188,PROD001,Laptop,Electronics,East,2,50000,15000,85000,70000,15000,Cancelled,Failed
ORD13066,09-12-2025,CUST1009,PROD010,Running Shoes,Footwear,West,2,5500,1100,9900,5000,4900,Completed,Paid
ORD13067,09-12-2025,CUST1423,PROD005,Office Chair,Furniture,North,1,15000,0,15000,9000,6000,Cancelled,Refunded
ORD13068,09-12-2025,CUST1450,PROD011,Leather Formal Shoes,Footwear,Central,3,6500,0,19500,9000,10500,Completed,Paid
ORD13069,09-12-2025,CUST1247,PROD010,Running Shoes,Footwear,East,1,5500,0,5500,2500,3000,Pending,Paid
ORD13070,09-12-2025,CUST1298,PROD004,Smart Watch,Electronics,West,2,14000,0,28000,16000,12000,Completed,Paid
ORD13071,09-12-2025,CUST1108,PROD007,Bookshelf,Furniture,West,1,8500,0,8500,5000,3500,Completed,Paid
ORD13072,10-12-2025,CUST1424,PROD006,Standing Desk,Furniture,North,1,22000,2200,19800,14000,5800,Completed,Paid
ORD13073,10-12-2025,CUST1318,PROD004,Smart Watch,Electronics,East,1,14000,1400,12600,8000,4600,Cancelled,Refunded
ORD13074,10-12-2025,CUST1122,PROD013,Air Fryer,Home & Kitchen,East,1,9500,0,9500,5500,4000,Completed,Paid
ORD13075,10-12-2025,CUST1318,PROD005,Office Chair,Furniture,North,2,15000,1500,28500,18000,10500,Completed,Paid
ORD13076,10-12-2025,CUST1146,PROD013,Air Fryer,Home & Kitchen,South,1,9500,0,9500,5500,4000,Completed,Paid
ORD13077,10-12-2025,CUST1197,PROD010,Running Shoes,Footwear,Central,4,5500,0,22000,10000,12000,Cancelled,Failed
ORD13078,10-12-2025,CUST1288,PROD001,Laptop,Electronics,Central,2,50000,0,100000,70000,30000,Completed,Paid
ORD13079,10-12-2025,CUST1004,PROD005,Office Chair,Furniture,West,1,15000,1500,13500,9000,4500,Cancelled,Failed
ORD13080,10-12-2025,CUST1206,PROD003,Wireless Headphones,Electronics,North,4,6000,1200,22800,14000,8800,Completed,Paid
ORD13081,10-12-2025,CUST1214,PROD001,Laptop,Electronics,West,3,50000,7500,142500,105000,37500,Completed,Paid
ORD13082,11-12-2025,CUST1276,PROD008,Cotton T-Shirt Pack,Apparel,West,1,1500,0,1500,600,900,Completed,Paid
ORD13083,11-12-2025,CUST1362,PROD006,Standing Desk,Furniture,Central,1,22000,2200,19800,14000,5800,Pending,Paid
ORD13084,11-12-2025,CUST1278,PROD011,Leather Formal Shoes,Footwear,West,2,6500,0,13000,6000,7000,Completed,Paid
ORD13085,11-12-2025,CUST1408,PROD014,Backpack,Accessories,West,2,2200,440,3960,1800,2160,Completed,Paid
ORD13086,11-12-2025,CUST1092,PROD009,Denim Jeans,Apparel,North,1,2800,140,2660,1200,1460,Completed,Paid
ORD13087,11-12-2025,CUST1043,PROD013,Air Fryer,Home & Kitchen,East,5,9500,0,47500,27500,20000,Completed,Paid
ORD13088,11-12-2025,CUST1021,PROD001,Laptop,Electronics,North,3,50000,0,150000,105000,45000,Completed,Paid
ORD13089,11-12-2025,CUST1301,PROD011,Leather Formal Shoes,Footwear,North,1,6500,0,6500,3000,3500,Pending,Pending
ORD13090,11-12-2025,CUST1410,PROD006,Standing Desk,Furniture,West,1,22000,0,22000,14000,8000,Completed,Paid
ORD13091,11-12-2025,CUST1247,PROD001,Laptop,Electronics,Central,1,50000,2500,47500,35000,12500,Cancelled,Refunded
ORD13092,11-12-2025,CUST1350,PROD002,Smartphone,Electronics,West,1,32000,3200,28800,22000,6800,Cancelled,Failed
ORD13093,12-12-2025,CUST1301,PROD010,Running Shoes,Footwear,East,1,5500,825,4675,2500,2175,Pending,Pending
ORD13094,12-12-2025,CUST1217,PROD008,Cotton T-Shirt Pack,Apparel,East,2,1500,0,3000,1200,1800,Completed,Paid
ORD13095,12-12-2025,CUST1077,PROD012,Coffee Maker,Home & Kitchen,South,1,7500,750,6750,4000,2750,Pending,Pending
ORD13096,12-12-2025,CUST1189,PROD005,Office Chair,Furniture,North,4,15000,0,60000,36000,24000,Completed,Paid
ORD13097,12-12-2025,CUST1413,PROD014,Backpack,Accessories,North,2,2200,440,3960,1800,2160,Completed,Paid
ORD13098,12-12-2025,CUST1378,PROD003,Wireless Headphones,Electronics,North,3,6000,0,18000,10500,7500,Cancelled,Refunded
ORD13099,12-12-2025,CUST1450,PROD014,Backpack,Accessories,South,2,2200,220,4180,1800,2380,Completed,Paid
ORD13100,12-12-2025,CUST1194,PROD012,Coffee Maker,Home & Kitchen,South,3,7500,1125,21375,12000,9375,Completed,Paid
ORD13101,12-12-2025,CUST1135,PROD008,Cotton T-Shirt Pack,Apparel,North,1,1500,75,1425,600,825,Completed,Paid
ORD13102,12-12-2025,CUST1013,PROD009,Denim Jeans,Apparel,North,2,2800,0,5600,2400,3200,Pending,Pending
ORD13103,12-12-2025,CUST1341,PROD008,Cotton T-Shirt Pack,Apparel,North,2,1500,300,2700,1200,1500,Completed,Paid
ORD13104,12-12-2025,CUST1238,PROD006,Standing Desk,Furniture,West,2,22000,0,44000,28000,16000,Pending,Paid
ORD13105,12-12-2025,CUST1248,PROD003,Wireless Headphones,Electronics,East,1,6000,300,5700,3500,2200,Completed,Paid
ORD13106,12-12-2025,CUST1167,PROD003,Wireless Headphones,Electronics,Central,1,6000,600,5400,3500,1900,Pending,Paid
ORD13107,12-12-2025,CUST1196,PROD011,Leather Formal Shoes,Footwear,Central,1,6500,0,6500,3000,3500,Completed,Paid
ORD13108,13-12-2025,CUST1445,PROD003,Wireless Headphones,Electronics,East,4,6000,1200,22800,14000,8800,Completed,Paid
ORD13109,13-12-2025,CUST1033,PROD008,Cotton T-Shirt Pack,Apparel,North,1,1500,150,1350,600,750,Pending,Pending
ORD13110,13-12-2025,CUST1290,PROD011,Leather Formal Shoes,Footwear,Central,4,6500,3900,22100,12000,10100,Completed,Paid
ORD13111,13-12-2025,CUST1167,PROD003,Wireless Headphones,Electronics,North,1,6000,900,5100,3500,1600,Cancelled,Refunded
ORD13112,13-12-2025,CUST1380,PROD007,Bookshelf,Furniture,North,4,8500,3400,30600,20000,10600,Completed,Paid
ORD13113,13-12-2025,CUST1337,PROD014,Backpack,Accessories,Central,1,2200,0,2200,900,1300,Cancelled,Refunded
ORD13114,13-12-2025,CUST1122,PROD003,Wireless Headphones,Electronics,West,2,6000,1200,10800,7000,3800,Completed,Paid
ORD13115,13-12-2025,CUST1405,PROD010,Running Shoes,Footwear,Central,1,5500,275,5225,2500,2725,Completed,Paid
ORD13116,13-12-2025,CUST1137,PROD007,Bookshelf,Furniture,South,1,8500,425,8075,5000,3075,Pending,Paid
ORD13117,13-12-2025,CUST1113,PROD003,Wireless Headphones,Electronics,East,1,6000,900,5100,3500,1600,Cancelled,Failed
ORD13118,13-12-2025,CUST1134,PROD014,Backpack,Accessories,West,2,2200,660,3740,1800,1940,Completed,Paid
ORD13119,13-12-2025,CUST1313,PROD012,Coffee Maker,Home & Kitchen,South,1,7500,0,7500,4000,3500,Cancelled,Failed
ORD13120,13-12-2025,CUST1002,PROD003,Wireless Headphones,Electronics,Central,1,6000,0,6000,3500,2500,Completed,Paid
ORD13121,13-12-2025,CUST1170,PROD004,Smart Watch,Electronics,Central,1,14000,700,13300,8000,5300,Completed,Paid
ORD13122,13-12-2025,CUST1369,PROD002,Smartphone,Electronics,North,1,32000,3200,28800,22000,6800,Completed,Paid
ORD13123,13-12-2025,CUST1071,PROD010,Running Shoes,Footwear,Central,4,5500,1100,20900,10000,10900,Completed,Paid
ORD13124,14-12-2025,CUST1015,PROD013,Air Fryer,Home & Kitchen,South,1,9500,0,9500,5500,4000,Pending,Pending
ORD13125,14-12-2025,CUST1281,PROD004,Smart Watch,Electronics,North,1,14000,0,14000,8000,6000,Cancelled,Failed
ORD13126,14-12-2025,CUST1311,PROD013,Air Fryer,Home & Kitchen,East,2,9500,950,18050,11000,7050,Cancelled,Failed
ORD13127,14-12-2025,CUST1179,PROD011,Leather Formal Shoes,Footwear,North,2,6500,1300,11700,6000,5700,Completed,Paid
ORD13128,14-12-2025,CUST1342,PROD009,Denim Jeans,Apparel,West,1,2800,140,2660,1200,1460,Completed,Paid
ORD13129,14-12-2025,CUST1032,PROD013,Air Fryer,Home & Kitchen,South,1,9500,0,9500,5500,4000,Completed,Paid
ORD13130,14-12-2025,CUST1121,PROD007,Bookshelf,Furniture,South,3,8500,2550,22950,15000,7950,Cancelled,Failed
ORD13131,14-12-2025,CUST1057,PROD008,Cotton T-Shirt Pack,Apparel,South,1,1500,150,1350,600,750,Completed,Paid
ORD13132,14-12-2025,CUST1447,PROD012,Coffee Maker,Home & Kitchen,Central,3,7500,2250,20250,12000,8250,Completed,Paid
ORD13133,14-12-2025,CUST1399,PROD003,Wireless Headphones,Electronics,Central,1,6000,900,5100,3500,1600,Cancelled,Failed
ORD13134,14-12-2025,CUST1340,PROD001,Laptop,Electronics,South,1,50000,2500,47500,35000,12500,Pending,Pending
ORD13135,14-12-2025,CUST1030,PROD010,Running Shoes,Footwear,North,3,5500,825,15675,7500,8175,Completed,Paid
ORD13136,14-12-2025,CUST1043,PROD004,Smart Watch,Electronics,Central,1,14000,700,13300,8000,5300,Completed,Paid
ORD13137,15-12-2025,CUST1204,PROD001,Laptop,Electronics,North,2,50000,0,100000,70000,30000,Completed,Paid
ORD13138,15-12-2025,CUST1061,PROD014,Backpack,Accessories,East,1,2200,220,1980,900,1080,Completed,Paid
ORD13139,15-12-2025,CUST1028,PROD002,Smartphone,Electronics,Central,2,32000,3200,60800,44000,16800,Completed,Paid
ORD13140,15-12-2025,CUST1058,PROD007,Bookshelf,Furniture,East,1,8500,1275,7225,5000,2225,Completed,Paid
ORD13141,15-12-2025,CUST1062,PROD010,Running Shoes,Footwear,South,1,5500,550,4950,2500,2450,Pending,Paid
ORD13142,15-12-2025,CUST1128,PROD004,Smart Watch,Electronics,Central,2,14000,0,28000,16000,12000,Completed,Paid
ORD13143,15-12-2025,CUST1293,PROD004,Smart Watch,Electronics,East,1,14000,0,14000,8000,6000,Completed,Paid
ORD13144,15-12-2025,CUST1339,PROD003,Wireless Headphones,Electronics,East,2,6000,600,11400,7000,4400,Completed,Paid
ORD13145,15-12-2025,CUST1398,PROD009,Denim Jeans,Apparel,South,1,2800,280,2520,1200,1320,Completed,Paid
ORD13146,16-12-2025,CUST1047,PROD005,Office Chair,Furniture,South,2,15000,1500,28500,18000,10500,Pending,Pending
ORD13147,16-12-2025,CUST1173,PROD014,Backpack,Accessories,South,2,2200,0,4400,1800,2600,Completed,Paid
ORD13148,16-12-2025,CUST1077,PROD010,Running Shoes,Footwear,West,1,5500,0,5500,2500,3000,Cancelled,Refunded
ORD13149,16-12-2025,CUST1359,PROD014,Backpack,Accessories,West,5,2200,0,11000,4500,6500,Completed,Paid
ORD13150,16-12-2025,CUST1430,PROD013,Air Fryer,Home & Kitchen,South,3,9500,2850,25650,16500,9150,Completed,Paid
ORD13151,16-12-2025,CUST1413,PROD004,Smart Watch,Electronics,Central,2,14000,0,28000,16000,12000,Pending,Paid
ORD13152,16-12-2025,CUST1422,PROD001,Laptop,Electronics,South,1,50000,2500,47500,35000,12500,Completed,Paid
ORD13153,16-12-2025,CUST1142,PROD004,Smart Watch,Electronics,East,4,14000,2800,53200,32000,21200,Cancelled,Failed
ORD13154,17-12-2025,CUST1158,PROD013,Air Fryer,Home & Kitchen,North,1,9500,0,9500,5500,4000,Completed,Paid
ORD13155,17-12-2025,CUST1381,PROD013,Air Fryer,Home & Kitchen,North,1,9500,1425,8075,5500,2575,Completed,Paid
ORD13156,17-12-2025,CUST1217,PROD002,Smartphone,Electronics,West,2,32000,3200,60800,44000,16800,Cancelled,Failed
ORD13157,17-12-2025,CUST1143,PROD001,Laptop,Electronics,North,2,50000,0,100000,70000,30000,Pending,Pending
ORD13158,17-12-2025,CUST1221,PROD007,Bookshelf,Furniture,Central,1,8500,0,8500,5000,3500,Completed,Paid
ORD13159,17-12-2025,CUST1441,PROD005,Office Chair,Furniture,Central,2,15000,4500,25500,18000,7500,Completed,Paid
ORD13160,17-12-2025,CUST1164,PROD005,Office Chair,Furniture,North,3,15000,2250,42750,27000,15750,Pending,Pending
ORD13161,17-12-2025,CUST1114,PROD012,Coffee Maker,Home & Kitchen,West,1,7500,0,7500,4000,3500,Completed,Paid
ORD13162,17-12-2025,CUST1316,PROD006,Standing Desk,Furniture,East,4,22000,4400,83600,56000,27600,Pending,Paid
ORD13163,17-12-2025,CUST1189,PROD007,Bookshelf,Furniture,West,2,8500,0,17000,10000,7000,Cancelled,Failed
ORD13164,17-12-2025,CUST1191,PROD005,Office Chair,Furniture,East,3,15000,6750,38250,27000,11250,Completed,Paid
ORD13165,18-12-2025,CUST1431,PROD002,Smartphone,Electronics,North,3,32000,0,96000,66000,30000,Completed,Paid
ORD13166,18-12-2025,CUST1002,PROD002,Smartphone,Electronics,South,2,32000,6400,57600,44000,13600,Cancelled,Refunded
ORD13167,18-12-2025,CUST1020,PROD004,Smart Watch,Electronics,South,3,14000,4200,37800,24000,13800,Completed,Paid
ORD13168,18-12-2025,CUST1284,PROD004,Smart Watch,Electronics,South,1,14000,0,14000,8000,6000,Completed,Paid
ORD13169,18-12-2025,CUST1251,PROD003,Wireless Headphones,Electronics,East,2,6000,600,11400,7000,4400,Cancelled,Refunded
ORD13170,18-12-2025,CUST1416,PROD012,Coffee Maker,Home & Kitchen,West,1,7500,0,7500,4000,3500,Completed,Paid
ORD13171,18-12-2025,CUST1445,PROD012,Coffee Maker,Home & Kitchen,South,5,7500,3750,33750,20000,13750,Completed,Paid
ORD13172,18-12-2025,CUST1044,PROD004,Smart Watch,Electronics,Central,1,14000,700,13300,8000,5300,Completed,Paid
ORD13173,18-12-2025,CUST1028,PROD008,Cotton T-Shirt Pack,Apparel,North,1,1500,225,1275,600,675,Completed,Paid
ORD13174,18-12-2025,CUST1185,PROD009,Denim Jeans,Apparel,West,1,2800,0,2800,1200,1600,Completed,Paid
ORD13175,18-12-2025,CUST1090,PROD002,Smartphone,Electronics,North,1,32000,1600,30400,22000,8400,Completed,Paid
ORD13176,19-12-2025,CUST1273,PROD014,Backpack,Accessories,Central,2,2200,0,4400,1800,2600,Pending,Paid
ORD13177,19-12-2025,CUST1306,PROD005,Office Chair,Furniture,East,1,15000,0,15000,9000,6000,Completed,Paid
ORD13178,19-12-2025,CUST1171,PROD004,Smart Watch,Electronics,North,2,14000,0,28000,16000,12000,Completed,Paid
ORD13179,19-12-2025,CUST1131,PROD014,Backpack,Accessories,East,3,2200,0,6600,2700,3900,Completed,Paid
ORD13180,19-12-2025,CUST1041,PROD006,Standing Desk,Furniture,Central,1,22000,0,22000,14000,8000,Completed,Paid
ORD13181,19-12-2025,CUST1359,PROD014,Backpack,Accessories,East,1,2200,0,2200,900,1300,Completed,Paid
ORD13182,19-12-2025,CUST1207,PROD007,Bookshelf,Furniture,East,1,8500,1275,7225,5000,2225,Pending,Pending
ORD13183,19-12-2025,CUST1387,PROD002,Smartphone,Electronics,South,1,32000,1600,30400,22000,8400,Pending,Paid
ORD13184,19-12-2025,CUST1064,PROD005,Office Chair,Furniture,South,1,15000,750,14250,9000,5250,Cancelled,Refunded
ORD13185,19-12-2025,CUST1279,PROD013,Air Fryer,Home & Kitchen,Central,1,9500,950,8550,5500,3050,Pending,Paid
ORD13186,19-12-2025,CUST1294,PROD001,Laptop,Electronics,West,1,50000,7500,42500,35000,7500,Completed,Paid
ORD13187,19-12-2025,CUST1163,PROD013,Air Fryer,Home & Kitchen,North,1,9500,475,9025,5500,3525,Cancelled,Refunded
ORD13188,19-12-2025,CUST1414,PROD010,Running Shoes,Footwear,West,2,5500,550,10450,5000,5450,Completed,Paid
ORD13189,19-12-2025,CUST1203,PROD013,Air Fryer,Home & Kitchen,Central,2,9500,950,18050,11000,7050,Completed,Paid
ORD13190,20-12-2025,CUST1034,PROD004,Smart Watch,Electronics,East,2,14000,1400,26600,16000,10600,Completed,Paid
ORD13191,20-12-2025,CUST1196,PROD010,Running Shoes,Footwear,Central,2,5500,0,11000,5000,6000,Completed,Paid
ORD13192,20-12-2025,CUST1051,PROD003,Wireless Headphones,Electronics,North,1,6000,900,5100,3500,1600,Completed,Paid
ORD13193,20-12-2025,CUST1246,PROD010,Running Shoes,Footwear,West,1,5500,550,4950,2500,2450,Completed,Paid
ORD13194,20-12-2025,CUST1224,PROD003,Wireless Headphones,Electronics,North,2,6000,1800,10200,7000,3200,Pending,Paid
ORD13195,20-12-2025,CUST1299,PROD010,Running Shoes,Footwear,South,5,5500,0,27500,12500,15000,Completed,Paid
ORD13196,20-12-2025,CUST1035,PROD012,Coffee Maker,Home & Kitchen,West,1,7500,0,7500,4000,3500,Pending,Pending
ORD13197,20-12-2025,CUST1014,PROD004,Smart Watch,Electronics,East,1,14000,700,13300,8000,5300,Cancelled,Refunded
ORD13198,20-12-2025,CUST1055,PROD002,Smartphone,Electronics,East,1,32000,0,32000,22000,10000,Pending,Pending
ORD13199,20-12-2025,CUST1323,PROD013,Air Fryer,Home & Kitchen,West,1,9500,1425,8075,5500,2575,Cancelled,Refunded
ORD13200,20-12-2025,CUST1121,PROD006,Standing Desk,Furniture,Central,2,22000,2200,41800,28000,13800,Cancelled,Failed
ORD13201,20-12-2025,CUST1076,PROD002,Smartphone,Electronics,South,5,32000,24000,136000,110000,26000,Pending,Paid
ORD13202,20-12-2025,CUST1339,PROD009,Denim Jeans,Apparel,South,3,2800,840,7560,3600,3960,Cancelled,Failed
ORD13203,20-12-2025,CUST1134,PROD005,Office Chair,Furniture,Central,1,15000,1500,13500,9000,4500,Completed,Paid
ORD13204,20-12-2025,CUST1183,PROD009,Denim Jeans,Apparel,Central,2,2800,0,5600,2400,3200,Completed,Paid
ORD13205,20-12-2025,CUST1260,PROD006,Standing Desk,Furniture,East,4,22000,4400,83600,56000,27600,Completed,Paid
ORD13206,20-12-2025,CUST1416,PROD001,Laptop,Electronics,West,2,50000,0,100000,70000,30000,Completed,Paid
ORD13207,21-12-2025,CUST1342,PROD002,Smartphone,Electronics,North,3,32000,0,96000,66000,30000,Completed,Paid
ORD13208,21-12-2025,CUST1154,PROD010,Running Shoes,Footwear,East,1,5500,275,5225,2500,2725,Completed,Paid
ORD13209,21-12-2025,CUST1081,PROD009,Denim Jeans,Apparel,East,2,2800,280,5320,2400,2920,Completed,Paid
ORD13210,21-12-2025,CUST1308,PROD011,Leather Formal Shoes,Footwear,East,2,6500,650,12350,6000,6350,Completed,Paid
ORD13211,21-12-2025,CUST1372,PROD013,Air Fryer,Home & Kitchen,East,2,9500,2850,16150,11000,5150,Completed,Paid
ORD13212,21-12-2025,CUST1341,PROD011,Leather Formal Shoes,Footwear,South,1,6500,325,6175,3000,3175,Completed,Paid
ORD13213,21-12-2025,CUST1366,PROD002,Smartphone,Electronics,West,3,32000,0,96000,66000,30000,Cancelled,Failed
ORD13214,21-12-2025,CUST1058,PROD006,Standing Desk,Furniture,East,1,22000,2200,19800,14000,5800,Pending,Pending
ORD13215,21-12-2025,CUST1091,PROD008,Cotton T-Shirt Pack,Apparel,West,2,1500,300,2700,1200,1500,Cancelled,Refunded
ORD13216,21-12-2025,CUST1171,PROD012,Coffee Maker,Home & Kitchen,East,1,7500,750,6750,4000,2750,Completed,Paid
ORD13217,21-12-2025,CUST1298,PROD013,Air Fryer,Home & Kitchen,East,1,9500,475,9025,5500,3525,Cancelled,Failed
ORD13218,21-12-2025,CUST1360,PROD011,Leather Formal Shoes,Footwear,West,3,6500,0,19500,9000,10500,Cancelled,Refunded
ORD13219,21-12-2025,CUST1369,PROD005,Office Chair,Furniture,Central,1,15000,0,15000,9000,6000,Cancelled,Failed
ORD13220,21-12-2025,CUST1078,PROD002,Smartphone,Electronics,East,1,32000,1600,30400,22000,8400,Completed,Paid
ORD13221,21-12-2025,CUST1198,PROD003,Wireless Headphones,Electronics,North,5,6000,0,30000,17500,12500,Completed,Paid
ORD13222,22-12-2025,CUST1209,PROD005,Office Chair,Furniture,Central,2,15000,0,30000,18000,12000,Cancelled,Refunded
ORD13223,22-12-2025,CUST1137,PROD009,Denim Jeans,Apparel,East,2,2800,280,5320,2400,2920,Cancelled,Refunded
ORD13224,22-12-2025,CUST1224,PROD003,Wireless Headphones,Electronics,West,1,6000,0,6000,3500,2500,Cancelled,Failed
ORD13225,22-12-2025,CUST1309,PROD010,Running Shoes,Footwear,South,1,5500,275,5225,2500,2725,Completed,Paid
ORD13226,22-12-2025,CUST1046,PROD005,Office Chair,Furniture,South,1,15000,1500,13500,9000,4500,Cancelled,Refunded
ORD13227,22-12-2025,CUST1184,PROD011,Leather Formal Shoes,Footwear,Central,2,6500,0,13000,6000,7000,Completed,Paid
ORD13228,22-12-2025,CUST1366,PROD007,Bookshelf,Furniture,South,1,8500,425,8075,5000,3075,Completed,Paid
ORD13229,22-12-2025,CUST1001,PROD006,Standing Desk,Furniture,North,5,22000,0,110000,70000,40000,Completed,Paid
ORD13230,22-12-2025,CUST1165,PROD009,Denim Jeans,Apparel,Central,1,2800,0,2800,1200,1600,Pending,Pending
ORD13231,22-12-2025,CUST1085,PROD006,Standing Desk,Furniture,West,2,22000,2200,41800,28000,13800,Completed,Paid
ORD13232,22-12-2025,CUST1064,PROD010,Running Shoes,Footwear,South,1,5500,275,5225,2500,2725,Completed,Paid
ORD13233,22-12-2025,CUST1357,PROD005,Office Chair,Furniture,West,1,15000,750,14250,9000,5250,Completed,Paid
ORD13234,22-12-2025,CUST1433,PROD002,Smartphone,Electronics,East,2,32000,3200,60800,44000,16800,Pending,Pending
ORD13235,23-12-2025,CUST1065,PROD012,Coffee Maker,Home & Kitchen,West,2,7500,750,14250,8000,6250,Cancelled,Refunded
ORD13236,23-12-2025,CUST1280,PROD009,Denim Jeans,Apparel,South,3,2800,420,7980,3600,4380,Cancelled,Refunded
ORD13237,23-12-2025,CUST1050,PROD005,Office Chair,Furniture,South,1,15000,0,15000,9000,6000,Completed,Paid
ORD13238,23-12-2025,CUST1404,PROD004,Smart Watch,Electronics,West,2,14000,4200,23800,16000,7800,Pending,Paid
ORD13239,23-12-2025,CUST1136,PROD009,Denim Jeans,Apparel,East,2,2800,280,5320,2400,2920,Completed,Paid
ORD13240,23-12-2025,CUST1358,PROD010,Running Shoes,Footwear,East,2,5500,550,10450,5000,5450,Completed,Paid
ORD13241,23-12-2025,CUST1260,PROD007,Bookshelf,Furniture,Central,1,8500,850,7650,5000,2650,Completed,Paid
ORD13242,23-12-2025,CUST1168,PROD006,Standing Desk,Furniture,Central,1,22000,0,22000,14000,8000,Pending,Pending
ORD13243,23-12-2025,CUST1057,PROD002,Smartphone,Electronics,Central,1,32000,1600,30400,22000,8400,Completed,Paid
ORD13244,23-12-2025,CUST1030,PROD014,Backpack,Accessories,East,5,2200,0,11000,4500,6500,Completed,Paid
ORD13245,23-12-2025,CUST1356,PROD001,Laptop,Electronics,West,1,50000,2500,47500,35000,12500,Completed,Paid
ORD13246,23-12-2025,CUST1350,PROD012,Coffee Maker,Home & Kitchen,South,1,7500,375,7125,4000,3125,Cancelled,Failed
ORD13247,24-12-2025,CUST1216,PROD006,Standing Desk,Furniture,North,1,22000,2200,19800,14000,5800,Completed,Paid
ORD13248,24-12-2025,CUST1052,PROD009,Denim Jeans,Apparel,Central,1,2800,0,2800,1200,1600,Completed,Paid
ORD13249,24-12-2025,CUST1195,PROD008,Cotton T-Shirt Pack,Apparel,South,1,1500,75,1425,600,825,Pending,Paid
ORD13250,24-12-2025,CUST1414,PROD003,Wireless Headphones,Electronics,West,2,6000,600,11400,7000,4400,Completed,Paid
ORD13251,24-12-2025,CUST1025,PROD005,Office Chair,Furniture,East,5,15000,3750,71250,45000,26250,Completed,Paid
ORD13252,24-12-2025,CUST1403,PROD012,Coffee Maker,Home & Kitchen,Central,2,7500,0,15000,8000,7000,Completed,Paid
ORD13253,24-12-2025,CUST1026,PROD006,Standing Desk,Furniture,East,1,22000,0,22000,14000,8000,Completed,Paid
ORD13254,24-12-2025,CUST1162,PROD007,Bookshelf,Furniture,West,1,8500,0,8500,5000,3500,Cancelled,Refunded
ORD13255,24-12-2025,CUST1293,PROD008,Cotton T-Shirt Pack,Apparel,West,2,1500,450,2550,1200,1350,Completed,Paid
ORD13256,25-12-2025,CUST1413,PROD010,Running Shoes,Footwear,South,1,5500,0,5500,2500,3000,Completed,Paid
ORD13257,25-12-2025,CUST1133,PROD013,Air Fryer,Home & Kitchen,East,3,9500,2850,25650,16500,9150,Pending,Pending
ORD13258,25-12-2025,CUST1395,PROD007,Bookshelf,Furniture,West,2,8500,0,17000,10000,7000,Completed,Paid
ORD13259,25-12-2025,CUST1324,PROD006,Standing Desk,Furniture,Central,2,22000,0,44000,28000,16000,Completed,Paid
ORD13260,25-12-2025,CUST1005,PROD012,Coffee Maker,Home & Kitchen,East,1,7500,0,7500,4000,3500,Completed,Paid
ORD13261,25-12-2025,CUST1078,PROD005,Office Chair,Furniture,North,4,15000,6000,54000,36000,18000,Completed,Paid
ORD13262,25-12-2025,CUST1245,PROD012,Coffee Maker,Home & Kitchen,East,1,7500,0,7500,4000,3500,Completed,Paid
ORD13263,25-12-2025,CUST1314,PROD002,Smartphone,Electronics,East,1,32000,0,32000,22000,10000,Completed,Paid
ORD13264,25-12-2025,CUST1364,PROD002,Smartphone,Electronics,South,1,32000,4800,27200,22000,5200,Cancelled,Failed
ORD13265,25-12-2025,CUST1274,PROD013,Air Fryer,Home & Kitchen,Central,2,9500,2850,16150,11000,5150,Completed,Paid
ORD13266,25-12-2025,CUST1390,PROD009,Denim Jeans,Apparel,South,1,2800,140,2660,1200,1460,Completed,Paid
ORD13267,25-12-2025,CUST1247,PROD012,Coffee Maker,Home & Kitchen,East,5,7500,0,37500,20000,17500,Completed,Paid
ORD13268,26-12-2025,CUST1296,PROD010,Running Shoes,Footwear,West,1,5500,550,4950,2500,2450,Completed,Paid
ORD13269,26-12-2025,CUST1411,PROD005,Office Chair,Furniture,East,1,15000,1500,13500,9000,4500,Completed,Paid
ORD13270,26-12-2025,CUST1437,PROD003,Wireless Headphones,Electronics,East,1,6000,600,5400,3500,1900,Completed,Paid
ORD13271,26-12-2025,CUST1028,PROD004,Smart Watch,Electronics,Central,1,14000,1400,12600,8000,4600,Completed,Paid
ORD13272,26-12-2025,CUST1176,PROD004,Smart Watch,Electronics,East,1,14000,700,13300,8000,5300,Completed,Paid
ORD13273,26-12-2025,CUST1444,PROD013,Air Fryer,Home & Kitchen,Central,1,9500,475,9025,5500,3525,Pending,Pending
ORD13274,26-12-2025,CUST1189,PROD005,Office Chair,Furniture,Central,1,15000,0,15000,9000,6000,Pending,Pending
ORD13275,26-12-2025,CUST1258,PROD006,Standing Desk,Furniture,West,1,22000,2200,19800,14000,5800,Completed,Paid
ORD13276,26-12-2025,CUST1025,PROD001,Laptop,Electronics,East,1,50000,2500,47500,35000,12500,Completed,Paid
ORD13277,26-12-2025,CUST1334,PROD008,Cotton T-Shirt Pack,Apparel,West,2,1500,300,2700,1200,1500,Completed,Paid
ORD13278,26-12-2025,CUST1058,PROD003,Wireless Headphones,Electronics,North,1,6000,600,5400,3500,1900,Completed,Paid
ORD13279,26-12-2025,CUST1147,PROD013,Air Fryer,Home & Kitchen,Central,2,9500,1900,17100,11000,6100,Completed,Paid
ORD13280,26-12-2025,CUST1350,PROD010,Running Shoes,Footwear,South,1,5500,825,4675,2500,2175,Completed,Paid
ORD13281,27-12-2025,CUST1125,PROD011,Leather Formal Shoes,Footwear,West,2,6500,650,12350,6000,6350,Completed,Paid
ORD13282,27-12-2025,CUST1251,PROD003,Wireless Headphones,Electronics,South,1,6000,600,5400,3500,1900,Cancelled,Failed
ORD13283,27-12-2025,CUST1351,PROD003,Wireless Headphones,Electronics,South,3,6000,0,18000,10500,7500,Completed,Paid
ORD13284,27-12-2025,CUST1336,PROD009,Denim Jeans,Apparel,South,3,2800,0,8400,3600,4800,Completed,Paid
ORD13285,27-12-2025,CUST1127,PROD014,Backpack,Accessories,South,1,2200,220,1980,900,1080,Completed,Paid
ORD13286,27-12-2025,CUST1017,PROD007,Bookshelf,Furniture,Central,5,8500,6375,36125,25000,11125,Completed,Paid
ORD13287,27-12-2025,CUST1369,PROD009,Denim Jeans,Apparel,Central,3,2800,0,8400,3600,4800,Completed,Paid
ORD13288,27-12-2025,CUST1170,PROD014,Backpack,Accessories,North,3,2200,0,6600,2700,3900,Pending,Pending
ORD13289,27-12-2025,CUST1264,PROD002,Smartphone,Electronics,East,1,32000,1600,30400,22000,8400,Cancelled,Refunded
ORD13290,27-12-2025,CUST1432,PROD007,Bookshelf,Furniture,West,5,8500,0,42500,25000,17500,Completed,Paid
ORD13291,27-12-2025,CUST1344,PROD006,Standing Desk,Furniture,West,1,22000,0,22000,14000,8000,Cancelled,Refunded
ORD13292,27-12-2025,CUST1420,PROD009,Denim Jeans,Apparel,West,2,2800,280,5320,2400,2920,Cancelled,Refunded
ORD13293,27-12-2025,CUST1231,PROD012,Coffee Maker,Home & Kitchen,Central,1,7500,375,7125,4000,3125,Pending,Paid
ORD13294,28-12-2025,CUST1330,PROD010,Running Shoes,Footwear,South,1,5500,275,5225,2500,2725,Cancelled,Failed
ORD13295,28-12-2025,CUST1448,PROD009,Denim Jeans,Apparel,East,3,2800,420,7980,3600,4380,Completed,Paid
ORD13296,28-12-2025,CUST1301,PROD009,Denim Jeans,Apparel,Central,2,2800,560,5040,2400,2640,Pending,Pending
ORD13297,28-12-2025,CUST1157,PROD006,Standing Desk,Furniture,East,2,22000,0,44000,28000,16000,Completed,Paid
ORD13298,28-12-2025,CUST1054,PROD005,Office Chair,Furniture,East,2,15000,0,30000,18000,12000,Completed,Paid
ORD13299,28-12-2025,CUST1019,PROD013,Air Fryer,Home & Kitchen,South,3,9500,4275,24225,16500,7725,Cancelled,Failed
ORD13300,28-12-2025,CUST1364,PROD005,Office Chair,Furniture,North,1,15000,2250,12750,9000,3750,Cancelled,Refunded
ORD13301,28-12-2025,CUST1304,PROD008,Cotton T-Shirt Pack,Apparel,North,2,1500,0,3000,1200,1800,Completed,Paid
ORD13302,28-12-2025,CUST1078,PROD002,Smartphone,Electronics,Central,1,32000,0,32000,22000,10000,Completed,Paid
ORD13303,28-12-2025,CUST1291,PROD004,Smart Watch,Electronics,North,2,14000,1400,26600,16000,10600,Completed,Paid
ORD13304,28-12-2025,CUST1365,PROD010,Running Shoes,Footwear,Central,4,5500,0,22000,10000,12000,Completed,Paid
ORD13305,28-12-2025,CUST1023,PROD014,Backpack,Accessories,South,1,2200,0,2200,900,1300,Completed,Paid
ORD13306,28-12-2025,CUST1009,PROD002,Smartphone,Electronics,Central,1,32000,0,32000,22000,10000,Completed,Paid
ORD13307,29-12-2025,CUST1016,PROD009,Denim Jeans,Apparel,Central,2,2800,280,5320,2400,2920,Pending,Paid
ORD13308,29-12-2025,CUST1367,PROD007,Bookshelf,Furniture,South,1,8500,0,8500,5000,3500,Completed,Paid
ORD13309,29-12-2025,CUST1097,PROD006,Standing Desk,Furniture,East,2,22000,0,44000,28000,16000,Pending,Pending
ORD13310,29-12-2025,CUST1284,PROD005,Office Chair,Furniture,West,2,15000,1500,28500,18000,10500,Completed,Paid
ORD13311,29-12-2025,CUST1302,PROD009,Denim Jeans,Apparel,South,2,2800,0,5600,2400,3200,Cancelled,Refunded
ORD13312,29-12-2025,CUST1100,PROD006,Standing Desk,Furniture,West,1,22000,3300,18700,14000,4700,Completed,Paid
ORD13313,29-12-2025,CUST1427,PROD011,Leather Formal Shoes,Footwear,South,1,6500,0,6500,3000,3500,Completed,Paid
ORD13314,29-12-2025,CUST1235,PROD014,Backpack,Accessories,East,3,2200,0,6600,2700,3900,Completed,Paid
ORD13315,30-12-2025,CUST1381,PROD010,Running Shoes,Footwear,East,1,5500,0,5500,2500,3000,Completed,Paid
ORD13316,30-12-2025,CUST1353,PROD001,Laptop,Electronics,East,1,50000,5000,45000,35000,10000,Completed,Paid
ORD13317,30-12-2025,CUST1217,PROD005,Office Chair,Furniture,South,1,15000,2250,12750,9000,3750,Completed,Paid
ORD13318,30-12-2025,CUST1190,PROD005,Office Chair,Furniture,South,2,15000,3000,27000,18000,9000,Completed,Paid
ORD13319,30-12-2025,CUST1145,PROD001,Laptop,Electronics,East,2,50000,0,100000,70000,30000,Cancelled,Failed
ORD13320,30-12-2025,CUST1396,PROD010,Running Shoes,Footwear,East,1,5500,275,5225,2500,2725,Completed,Paid
ORD13321,30-12-2025,CUST1396,PROD009,Denim Jeans,Apparel,North,1,2800,140,2660,1200,1460,Completed,Paid
ORD13322,30-12-2025,CUST1284,PROD003,Wireless Headphones,Electronics,East,2,6000,600,11400,7000,4400,Cancelled,Failed
ORD13323,30-12-2025,CUST1082,PROD007,Bookshelf,Furniture,Central,1,8500,0,8500,5000,3500,Completed,Paid
ORD13324,30-12-2025,CUST1277,PROD007,Bookshelf,Furniture,Central,2,8500,1700,15300,10000,5300,Cancelled,Refunded
ORD13325,31-12-2025,CUST1271,PROD011,Leather Formal Shoes,Footwear,East,2,6500,0,13000,6000,7000,Completed,Paid
ORD13326,31-12-2025,CUST1190,PROD013,Air Fryer,Home & Kitchen,Central,1,9500,0,9500,5500,4000,Completed,Paid
ORD13327,31-12-2025,CUST1292,PROD008,Cotton T-Shirt Pack,Apparel,East,1,1500,75,1425,600,825,Completed,Paid
ORD13328,31-12-2025,CUST1012,PROD002,Smartphone,Electronics,North,1,32000,3200,28800,22000,6800,Completed,Paid
ORD13329,31-12-2025,CUST1233,PROD014,Backpack,Accessories,Central,2,2200,440,3960,1800,2160,Completed,Paid
ORD13330,31-12-2025,CUST1195,PROD001,Laptop,Electronics,West,5,50000,12500,237500,175000,62500,Completed,Paid
ORD13331,31-12-2025,CUST1390,PROD010,Running Shoes,Footwear,West,4,5500,3300,18700,10000,8700,Completed,Paid
ORD13332,31-12-2025,CUST1185,PROD006,Standing Desk,Furniture,Central,1,22000,3300,18700,14000,4700,Completed,Paid
ORD13333,31-12-2025,CUST1250,PROD008,Cotton T-Shirt Pack,Apparel,West,2,1500,150,2850,1200,1650,Completed,Paid
ORD13334,31-12-2025,CUST1250,PROD005,Office Chair,Furniture,East,2,15000,3000,27000,18000,9000,Completed,Paid
ORD13335,31-12-2025,CUST1278,PROD011,Leather Formal Shoes,Footwear,Central,1,6500,0,6500,3000,3500,Pending,Paid
